date,ticker,probability
1985-01-02,AAPL,0.6121273636817932
1985-01-03,AAPL,0.5816310048103333
1985-01-04,AAPL,0.716372013092041
1985-01-07,AAPL,0.7978483438491821
1985-01-08,AAPL,0.5637341737747192
1985-01-09,AAPL,0.7100418210029602
1985-01-10,AAPL,0.6620551347732544
1985-01-11,AAPL,0.41913408041000366
1985-01-14,AAPL,0.648564338684082
1985-01-15,AAPL,0.5667455196380615
1985-01-16,AAPL,0.5201869010925293
1985-01-17,AAPL,0.42005351185798645
1985-01-18,AAPL,0.26688578724861145
1985-01-21,AAPL,0.4540177583694458
1985-01-22,AAPL,0.8324246406555176
1985-01-23,AAPL,0.5186381340026855
1985-01-24,AAPL,0.44901230931282043
1985-01-25,AAPL,0.5998548865318298
1985-01-28,AAPL,0.5927335023880005
1985-01-29,AAPL,0.5654220581054688
1985-01-30,AAPL,0.6322150826454163
1985-01-31,AAPL,0.37246811389923096
1985-02-01,AAPL,0.2273428589105606
1985-02-04,AAPL,0.5604992508888245
1985-02-05,AAPL,0.2978135049343109
1985-02-06,AAPL,0.4957224428653717
1985-02-07,AAPL,0.2468421310186386
1985-02-08,AAPL,0.6623727679252625
1985-02-11,AAPL,0.22288963198661804
1985-02-12,AAPL,0.42861634492874146
1985-02-13,AAPL,0.032609082758426666
1985-02-14,AAPL,0.053418856114149094
1985-02-15,AAPL,0.026098964735865593
1985-02-19,AAPL,0.01628033258020878
1985-02-20,AAPL,0.18148459494113922
1985-02-21,AAPL,0.07346492260694504
1985-02-22,AAPL,0.03410579636693001
1985-02-25,AAPL,0.009673473425209522
1985-02-26,AAPL,0.054551832377910614
1985-02-27,AAPL,0.5744926929473877
1985-02-28,AAPL,0.3743349313735962
1985-03-01,AAPL,0.7926195859909058
1985-03-04,AAPL,0.15896688401699066
1985-03-05,AAPL,0.10481573641300201
1985-03-06,AAPL,0.1415816992521286
1985-03-07,AAPL,0.08073984086513519
1985-03-08,AAPL,0.027098704129457474
1985-03-11,AAPL,0.03699808195233345
1985-03-12,AAPL,0.03217059746384621
1985-03-13,AAPL,0.020091062411665916
1985-03-14,AAPL,0.019813183695077896
1985-03-15,AAPL,0.0363783985376358
1985-03-18,AAPL,0.013565600849688053
1985-03-19,AAPL,0.017748814076185226
1985-03-20,AAPL,0.0763159692287445
1985-03-21,AAPL,0.01244900282472372
1985-03-22,AAPL,0.0037957499735057354
1985-03-25,AAPL,0.005604907404631376
1985-03-26,AAPL,0.10424206405878067
1985-03-27,AAPL,0.08410224318504333
1985-03-28,AAPL,0.08275959640741348
1985-03-29,AAPL,0.20520849525928497
1985-04-01,AAPL,0.10767099261283875
1985-04-02,AAPL,0.1566658914089203
1985-04-03,AAPL,0.19921597838401794
1985-04-04,AAPL,0.14411664009094238
1985-04-08,AAPL,0.8403756618499756
1985-04-09,AAPL,0.6398489475250244
1985-04-10,AAPL,0.24427424371242523
1985-04-11,AAPL,0.25880715250968933
1985-04-12,AAPL,0.16925832629203796
1985-04-15,AAPL,0.14112015068531036
1985-04-16,AAPL,0.11024372279644012
1985-04-17,AAPL,0.06621255725622177
1985-04-18,AAPL,0.1275736540555954
1985-04-19,AAPL,0.11696971952915192
1985-04-22,AAPL,0.1096452921628952
1985-04-23,AAPL,0.0744507908821106
1985-04-24,AAPL,0.2818521559238434
1985-04-25,AAPL,0.08488087356090546
1985-04-26,AAPL,0.08879989385604858
1985-04-29,AAPL,0.2757169008255005
1985-04-30,AAPL,0.0808924213051796
1985-05-01,AAPL,0.047048524022102356
1985-05-02,AAPL,0.7147651314735413
1985-05-03,AAPL,0.616990327835083
1985-05-06,AAPL,0.2326153963804245
1985-05-07,AAPL,0.2968982458114624
1985-05-08,AAPL,0.2635304629802704
1985-05-09,AAPL,0.15136688947677612
1985-05-10,AAPL,0.15319615602493286
1985-05-13,AAPL,0.056718144565820694
1985-05-14,AAPL,0.046707697212696075
1985-05-15,AAPL,0.2612290382385254
1985-05-16,AAPL,0.19488568603992462
1985-05-17,AAPL,0.1021827906370163
1985-05-20,AAPL,0.16288292407989502
1985-05-21,AAPL,0.1861838698387146
1985-05-22,AAPL,0.13541008532047272
1985-05-23,AAPL,0.2949587404727936
1985-05-24,AAPL,0.8083655834197998
1985-05-28,AAPL,0.6250637769699097
1985-05-29,AAPL,0.6899393200874329
1985-05-30,AAPL,0.6521405577659607
1985-05-31,AAPL,0.6714823246002197
1985-06-03,AAPL,0.594812273979187
1985-06-04,AAPL,0.8538053035736084
1985-06-05,AAPL,0.9511309862136841
1985-06-06,AAPL,0.8493360280990601
1985-06-07,AAPL,0.7054843306541443
1985-06-10,AAPL,0.774411678314209
1985-06-11,AAPL,0.5656190514564514
1985-06-12,AAPL,0.48376667499542236
1985-06-13,AAPL,0.7319944500923157
1985-06-14,AAPL,0.5694431662559509
1985-06-17,AAPL,0.5911940932273865
1985-06-18,AAPL,0.4659765064716339
1985-06-19,AAPL,0.6021543741226196
1985-06-20,AAPL,0.7577987909317017
1985-06-21,AAPL,0.7821272015571594
1985-06-24,AAPL,0.10855728387832642
1985-06-25,AAPL,0.14099998772144318
1985-06-26,AAPL,0.061584897339344025
1985-06-27,AAPL,0.08698296546936035
1985-06-28,AAPL,0.06464917957782745
1985-07-01,AAPL,0.11087830364704132
1985-07-02,AAPL,0.398489385843277
1985-07-03,AAPL,0.09226252883672714
1985-07-05,AAPL,0.032378558069467545
1985-07-08,AAPL,0.06279797852039337
1985-07-09,AAPL,0.18436944484710693
1985-07-10,AAPL,0.10026822984218597
1985-07-11,AAPL,0.08516829460859299
1985-07-12,AAPL,0.09204061329364777
1985-07-15,AAPL,0.09914734959602356
1985-07-16,AAPL,0.25170615315437317
1985-07-17,AAPL,0.15413826704025269
1985-07-18,AAPL,0.14686821401119232
1985-07-19,AAPL,0.2737318277359009
1985-07-22,AAPL,0.1006203442811966
1985-07-23,AAPL,0.07985615730285645
1985-07-24,AAPL,0.08051217347383499
1985-07-25,AAPL,0.07689601182937622
1985-07-26,AAPL,0.07355048507452011
1985-07-29,AAPL,0.033457789570093155
1985-07-30,AAPL,0.09585680812597275
1985-07-31,AAPL,0.05254451930522919
1985-08-01,AAPL,0.04905184358358383
1985-08-02,AAPL,0.0670216903090477
1985-08-05,AAPL,0.5668608546257019
1985-08-06,AAPL,0.33993056416511536
1985-08-07,AAPL,0.9205123782157898
1985-08-08,AAPL,0.9230201244354248
1985-08-09,AAPL,0.7824262976646423
1985-08-12,AAPL,0.6506984829902649
1985-08-13,AAPL,0.6169155836105347
1985-08-14,AAPL,0.816623866558075
1985-08-15,AAPL,0.9352388381958008
1985-08-16,AAPL,0.7795371413230896
1985-08-19,AAPL,0.7581709623336792
1985-08-20,AAPL,0.8164190649986267
1985-08-21,AAPL,0.21891377866268158
1985-08-22,AAPL,0.9029172658920288
1985-08-23,AAPL,0.7958956956863403
1985-08-26,AAPL,0.23795659840106964
1985-08-27,AAPL,0.2012837827205658
1985-08-28,AAPL,0.2231452465057373
1985-08-29,AAPL,0.4690600037574768
1985-08-30,AAPL,0.6301126480102539
1985-09-03,AAPL,0.580457329750061
1985-09-04,AAPL,0.6842776536941528
1985-09-05,AAPL,0.8024421334266663
1985-09-06,AAPL,0.27956488728523254
1985-09-09,AAPL,0.20957545936107635
1985-09-10,AAPL,0.22291043400764465
1985-09-11,AAPL,0.388357549905777
1985-09-12,AAPL,0.5063440799713135
1985-09-13,AAPL,0.18564222753047943
1985-09-16,AAPL,0.30030909180641174
1985-09-17,AAPL,0.28601473569869995
1985-09-18,AAPL,0.2598235011100769
1985-09-19,AAPL,0.19792072474956512
1985-09-20,AAPL,0.2185802310705185
1985-09-23,AAPL,0.2678334414958954
1985-09-24,AAPL,0.21159468591213226
1985-09-25,AAPL,0.32807233929634094
1985-09-26,AAPL,0.21612699329853058
1985-09-30,AAPL,0.5155569911003113
1985-10-01,AAPL,0.5634666681289673
1985-10-02,AAPL,0.6839918494224548
1985-10-03,AAPL,0.2979867458343506
1985-10-04,AAPL,0.2643386423587799
1985-10-07,AAPL,0.1419999897480011
1985-10-08,AAPL,0.0928240716457367
1985-10-09,AAPL,0.08735958486795425
1985-10-10,AAPL,0.5271633267402649
1985-10-11,AAPL,0.5587633848190308
1985-10-14,AAPL,0.2595791518688202
1985-10-15,AAPL,0.3965248167514801
1985-10-16,AAPL,0.3401906490325928
1985-10-17,AAPL,0.4977981746196747
1985-10-18,AAPL,0.5353127717971802
1985-10-21,AAPL,0.3034900724887848
1985-10-22,AAPL,0.41099995374679565
1985-10-23,AAPL,0.1751868575811386
1985-10-24,AAPL,0.28956902027130127
1985-10-25,AAPL,0.11307045817375183
1985-10-28,AAPL,0.16707369685173035
1985-10-29,AAPL,0.32176318764686584
1985-10-30,AAPL,0.565756618976593
1985-10-31,AAPL,0.453834593296051
1985-11-01,AAPL,0.27749213576316833
1985-11-04,AAPL,0.40694981813430786
1985-11-05,AAPL,0.3295184075832367
1985-11-06,AAPL,0.6740558743476868
1985-11-07,AAPL,0.6414150595664978
1985-11-08,AAPL,0.37678998708724976
1985-11-11,AAPL,0.38868632912635803
1985-11-12,AAPL,0.41853800415992737
1985-11-13,AAPL,0.6712148189544678
1985-11-14,AAPL,0.6039520502090454
1985-11-15,AAPL,0.3413935899734497
1985-11-18,AAPL,0.3600700795650482
1985-11-19,AAPL,0.5746074318885803
1985-11-20,AAPL,0.8387234807014465
1985-11-21,AAPL,0.5802186727523804
1985-11-22,AAPL,0.4862164556980133
1985-11-25,AAPL,0.5593297481536865
1985-11-26,AAPL,0.7709783315658569
1985-11-27,AAPL,0.8563203811645508
1985-11-29,AAPL,0.745800793170929
1985-12-02,AAPL,0.7897313237190247
1985-12-03,AAPL,0.738659679889679
1985-12-04,AAPL,0.6089264154434204
1985-12-05,AAPL,0.8589733839035034
1985-12-06,AAPL,0.7892172932624817
1985-12-09,AAPL,0.14930711686611176
1985-12-10,AAPL,0.43112263083457947
1985-12-11,AAPL,0.5051000714302063
1985-12-12,AAPL,0.435151606798172
1985-12-13,AAPL,0.626717746257782
1985-12-16,AAPL,0.8968766331672668
1985-12-17,AAPL,0.8738150000572205
1985-12-18,AAPL,0.6490024924278259
1985-12-19,AAPL,0.499225378036499
1985-12-20,AAPL,0.611822783946991
1985-12-23,AAPL,0.4730603098869324
1985-12-24,AAPL,0.350483775138855
1985-12-26,AAPL,0.3156191110610962
1985-12-27,AAPL,0.6712669730186462
1985-12-30,AAPL,0.34453463554382324
1985-12-31,AAPL,0.38707610964775085
1986-01-02,AAPL,0.8638812303543091
1986-01-03,AAPL,0.8116662502288818
1986-01-06,AAPL,0.8111115097999573
1986-01-07,AAPL,0.8036796450614929
1986-01-08,AAPL,0.7844165563583374
1986-01-09,AAPL,0.727290689945221
1986-01-10,AAPL,0.6687461137771606
1986-01-13,AAPL,0.5601563453674316
1986-01-14,AAPL,0.5136578679084778
1986-01-15,AAPL,0.5287099480628967
1986-01-16,AAPL,0.6492614150047302
1986-01-17,AAPL,0.7160911560058594
1986-01-20,AAPL,0.8607300519943237
1986-01-21,AAPL,0.8838118314743042
1986-01-22,AAPL,0.8892338275909424
1986-01-23,AAPL,0.7945936918258667
1986-01-24,AAPL,0.6501676440238953
1986-01-27,AAPL,0.2963011860847473
1986-01-28,AAPL,0.3899858593940735
1986-01-29,AAPL,0.8755956292152405
1986-01-30,AAPL,0.214202418923378
1986-01-31,AAPL,0.3054116368293762
1986-02-03,AAPL,0.7068430185317993
1986-02-04,AAPL,0.6028656363487244
1986-02-05,AAPL,0.5550529956817627
1986-02-06,AAPL,0.7182767987251282
1986-02-07,AAPL,0.6747007966041565
1986-02-10,AAPL,0.5151627063751221
1986-02-11,AAPL,0.3565000295639038
1986-02-12,AAPL,0.4771844744682312
1986-02-13,AAPL,0.2870352566242218
1986-02-14,AAPL,0.5012677907943726
1986-02-18,AAPL,0.49986782670021057
1986-02-19,AAPL,0.9106719493865967
1986-02-20,AAPL,0.9294363260269165
1986-02-21,AAPL,0.7224532961845398
1986-02-24,AAPL,0.6900110840797424
1986-02-25,AAPL,0.7919731140136719
1986-02-26,AAPL,0.6822069883346558
1986-02-27,AAPL,0.8817468285560608
1986-02-28,AAPL,0.5187172889709473
1986-03-03,AAPL,0.6365394592285156
1986-03-04,AAPL,0.6436593532562256
1986-03-05,AAPL,0.604964017868042
1986-03-06,AAPL,0.6837459206581116
1986-03-07,AAPL,0.612933337688446
1986-03-10,AAPL,0.6984992623329163
1986-03-11,AAPL,0.7514861226081848
1986-03-12,AAPL,0.7094512581825256
1986-03-13,AAPL,0.6317631602287292
1986-03-14,AAPL,0.7615034580230713
1986-03-17,AAPL,0.3629733622074127
1986-03-18,AAPL,0.6606637239456177
1986-03-19,AAPL,0.8387885093688965
1986-03-20,AAPL,0.9129940867424011
1986-03-21,AAPL,0.7761451601982117
1986-03-24,AAPL,0.6525875329971313
1986-03-25,AAPL,0.7405965328216553
1986-03-26,AAPL,0.7773153185844421
1986-03-27,AAPL,0.7555854320526123
1986-03-31,AAPL,0.7141081094741821
1986-04-01,AAPL,0.4829443395137787
1986-04-02,AAPL,0.3858546316623688
1986-04-03,AAPL,0.3549516797065735
1986-04-04,AAPL,0.2815319895744324
1986-04-07,AAPL,0.4815743863582611
1986-04-08,AAPL,0.45060664415359497
1986-04-09,AAPL,0.19413162767887115
1986-04-10,AAPL,0.2205701470375061
1986-04-11,AAPL,0.1681501865386963
1986-04-14,AAPL,0.2523896098136902
1986-04-15,AAPL,0.302263468503952
1986-04-16,AAPL,0.6857872605323792
1986-04-17,AAPL,0.4841618835926056
1986-04-18,AAPL,0.9425774216651917
1986-04-21,AAPL,0.7642351984977722
1986-04-22,AAPL,0.8065586686134338
1986-04-23,AAPL,0.9257206320762634
1986-04-24,AAPL,0.9241958856582642
1986-04-25,AAPL,0.715236246585846
1986-04-28,AAPL,0.8591254353523254
1986-04-29,AAPL,0.9252868294715881
1986-04-30,AAPL,0.788542628288269
1986-05-01,AAPL,0.7499515414237976
1986-05-02,AAPL,0.7811011672019958
1986-05-05,AAPL,0.7143799662590027
1986-05-06,AAPL,0.6635428071022034
1986-05-07,AAPL,0.68321293592453
1986-05-08,AAPL,0.7640451192855835
1986-05-09,AAPL,0.6751915216445923
1986-05-12,AAPL,0.4517124891281128
1986-05-13,AAPL,0.6254082322120667
1986-05-14,AAPL,0.5731862187385559
1986-05-15,AAPL,0.6620383262634277
1986-05-16,AAPL,0.6451165080070496
1986-05-19,AAPL,0.7462162971496582
1986-05-20,AAPL,0.7638336420059204
1986-05-21,AAPL,0.7161084413528442
1986-05-22,AAPL,0.6253659129142761
1986-05-23,AAPL,0.8114060759544373
1986-05-27,AAPL,0.8224039077758789
1986-05-28,AAPL,0.7419571280479431
1986-05-29,AAPL,0.7470155954360962
1986-05-30,AAPL,0.6574605703353882
1986-06-02,AAPL,0.4837607145309448
1986-06-03,AAPL,0.45157843828201294
1986-06-04,AAPL,0.27828842401504517
1986-06-05,AAPL,0.3042715787887573
1986-06-06,AAPL,0.29414045810699463
1986-06-09,AAPL,0.42294037342071533
1986-06-10,AAPL,0.801524817943573
1986-06-11,AAPL,0.8609032034873962
1986-06-12,AAPL,0.8102830648422241
1986-06-13,AAPL,0.8962190747261047
1986-06-16,AAPL,0.5146200656890869
1986-06-17,AAPL,0.11195478588342667
1986-06-18,AAPL,0.3185749650001526
1986-06-19,AAPL,0.2750334143638611
1986-06-20,AAPL,0.2072674185037613
1986-06-23,AAPL,0.05441019684076309
1986-06-24,AAPL,0.17186857759952545
1986-06-25,AAPL,0.26062875986099243
1986-06-26,AAPL,0.1855253279209137
1986-06-27,AAPL,0.2860971689224243
1986-06-30,AAPL,0.26801446080207825
1986-07-01,AAPL,0.05959705635905266
1986-07-02,AAPL,0.11886730045080185
1986-07-03,AAPL,0.3959767520427704
1986-07-07,AAPL,0.08742140233516693
1986-07-08,AAPL,0.08676552027463913
1986-07-09,AAPL,0.22770719230175018
1986-07-10,AAPL,0.09093461185693741
1986-07-11,AAPL,0.45839303731918335
1986-07-14,AAPL,0.16415216028690338
1986-07-15,AAPL,0.10341393202543259
1986-07-16,AAPL,0.17356634140014648
1986-07-17,AAPL,0.0538259893655777
1986-07-18,AAPL,0.04522395133972168
1986-07-21,AAPL,0.027167009189724922
1986-07-22,AAPL,0.03684832900762558
1986-07-23,AAPL,0.029783282428979874
1986-07-24,AAPL,0.03057103231549263
1986-07-25,AAPL,0.10585188865661621
1986-07-28,AAPL,0.0863553136587143
1986-07-29,AAPL,0.17572426795959473
1986-07-30,AAPL,0.251218318939209
1986-07-31,AAPL,0.0494520477950573
1986-08-01,AAPL,0.009489723481237888
1986-08-04,AAPL,0.04370550811290741
1986-08-05,AAPL,0.057694386690855026
1986-08-06,AAPL,0.1644020825624466
1986-08-07,AAPL,0.12565717101097107
1986-08-08,AAPL,0.03628392890095711
1986-08-11,AAPL,0.07218547910451889
1986-08-12,AAPL,0.1306878626346588
1986-08-13,AAPL,0.5002894997596741
1986-08-14,AAPL,0.43460434675216675
1986-08-15,AAPL,0.3075104057788849
1986-08-18,AAPL,0.4474349021911621
1986-08-19,AAPL,0.3064118027687073
1986-08-20,AAPL,0.2962673306465149
1986-08-21,AAPL,0.2466806322336197
1986-08-22,AAPL,0.33042317628860474
1986-08-25,AAPL,0.2587200999259949
1986-08-26,AAPL,0.33532634377479553
1986-08-27,AAPL,0.33682164549827576
1986-08-28,AAPL,0.5255939364433289
1986-08-29,AAPL,0.17295685410499573
1986-09-02,AAPL,0.16906586289405823
1986-09-03,AAPL,0.4704507887363434
1986-09-04,AAPL,0.15067322552204132
1986-09-05,AAPL,0.1620914191007614
1986-09-08,AAPL,0.22293445467948914
1986-09-09,AAPL,0.33180949091911316
1986-09-10,AAPL,0.15503394603729248
1986-09-11,AAPL,0.12899404764175415
1986-09-12,AAPL,0.2602265179157257
1986-09-15,AAPL,0.09042074531316757
1986-09-16,AAPL,0.19461502134799957
1986-09-17,AAPL,0.24684494733810425
1986-09-18,AAPL,0.08848806470632553
1986-09-19,AAPL,0.13873785734176636
1986-09-22,AAPL,0.21387991309165955
1986-09-23,AAPL,0.3754849135875702
1986-09-24,AAPL,0.20223450660705566
1986-09-25,AAPL,0.07873189449310303
1986-09-26,AAPL,0.135746568441391
1986-09-29,AAPL,0.06833545863628387
1986-09-30,AAPL,0.03772681951522827
1986-10-01,AAPL,0.14483970403671265
1986-10-02,AAPL,0.1211555153131485
1986-10-03,AAPL,0.1655128300189972
1986-10-06,AAPL,0.10615859180688858
1986-10-07,AAPL,0.1442771553993225
1986-10-08,AAPL,0.14107125997543335
1986-10-09,AAPL,0.13764688372612
1986-10-10,AAPL,0.08436191827058792
1986-10-13,AAPL,0.2512000501155853
1986-10-14,AAPL,0.08469267934560776
1986-10-15,AAPL,0.0863700658082962
1986-10-16,AAPL,0.0982372984290123
1986-10-17,AAPL,0.14165282249450684
1986-10-20,AAPL,0.06690618395805359
1986-10-21,AAPL,0.04926898702979088
1986-10-22,AAPL,0.06693559139966965
1986-10-23,AAPL,0.05933934077620506
1986-10-24,AAPL,0.04074745252728462
1986-10-27,AAPL,0.16521631181240082
1986-10-28,AAPL,0.3011106848716736
1986-10-29,AAPL,0.3350614607334137
1986-10-30,AAPL,0.43961524963378906
1986-10-31,AAPL,0.647026777267456
1986-11-03,AAPL,0.6430186629295349
1986-11-04,AAPL,0.6931827068328857
1986-11-05,AAPL,0.8810371160507202
1986-11-06,AAPL,0.39094483852386475
1986-11-07,AAPL,0.27705883979797363
1986-11-10,AAPL,0.5977041125297546
1986-11-11,AAPL,0.5503963828086853
1986-11-12,AAPL,0.40858539938926697
1986-11-13,AAPL,0.32653719186782837
1986-11-14,AAPL,0.3437442481517792
1986-11-17,AAPL,0.21129778027534485
1986-11-18,AAPL,0.25379160046577454
1986-11-19,AAPL,0.3447796106338501
1986-11-20,AAPL,0.3164843022823334
1986-11-21,AAPL,0.2999497056007385
1986-11-24,AAPL,0.580124020576477
1986-11-25,AAPL,0.40378323197364807
1986-11-26,AAPL,0.22196190059185028
1986-11-28,AAPL,0.2944990396499634
1986-12-01,AAPL,0.37379536032676697
1986-12-02,AAPL,0.3609750270843506
1986-12-03,AAPL,0.4450112581253052
1986-12-04,AAPL,0.40785399079322815
1986-12-05,AAPL,0.41060107946395874
1986-12-08,AAPL,0.43790382146835327
1986-12-09,AAPL,0.30124953389167786
1986-12-10,AAPL,0.44180694222450256
1986-12-11,AAPL,0.5703473687171936
1986-12-12,AAPL,0.4795132279396057
1986-12-15,AAPL,0.5588792562484741
1986-12-16,AAPL,0.3976828455924988
1986-12-17,AAPL,0.4972703158855438
1986-12-18,AAPL,0.5695403814315796
1986-12-19,AAPL,0.5397365093231201
1986-12-22,AAPL,0.43579286336898804
1986-12-23,AAPL,0.5690932273864746
1986-12-24,AAPL,0.8146252036094666
1986-12-26,AAPL,0.3236696124076843
1986-12-29,AAPL,0.2697414457798004
1986-12-30,AAPL,0.6344919204711914
1986-12-31,AAPL,0.4554814398288727
1987-01-02,AAPL,0.6494533942563838
1987-01-05,AAPL,0.6979996903912092
1987-01-06,AAPL,0.7636114102231326
1987-01-07,AAPL,0.7792901382579708
1987-01-08,AAPL,0.6761135475870773
1987-01-09,AAPL,0.5713320179558056
1987-01-12,AAPL,0.6591227934990018
1987-01-13,AAPL,0.739601680909819
1987-01-14,AAPL,0.3478669920568217
1987-01-15,AAPL,0.39146193329637713
1987-01-16,AAPL,0.44614958042731745
1987-01-19,AAPL,0.5771702573570033
1987-01-20,AAPL,0.4826066351935089
1987-01-21,AAPL,0.610715876087081
1987-01-22,AAPL,0.3057787905298735
1987-01-23,AAPL,0.5184268570076891
1987-01-26,AAPL,0.5637846013729042
1987-01-27,AAPL,0.47707244460530795
1987-01-28,AAPL,0.6211258263655566
1987-01-29,AAPL,0.6911994617478805
1987-01-30,AAPL,0.6124272727053471
1987-02-02,AAPL,0.64279004768654
1987-02-03,AAPL,0.763163715353668
1987-02-04,AAPL,0.7368752545358674
1987-02-05,AAPL,0.633626957839306
1987-02-06,AAPL,0.5396493496910165
1987-02-09,AAPL,0.43878700897584844
1987-02-10,AAPL,0.5648148323703258
1987-02-11,AAPL,0.5520419939055043
1987-02-12,AAPL,0.535000970950587
1987-02-13,AAPL,0.3709944981492964
1987-02-17,AAPL,0.1701742815874328
1987-02-18,AAPL,0.26393240431580645
1987-02-19,AAPL,0.3089615466523948
1987-02-20,AAPL,0.5182249194968607
1987-02-23,AAPL,0.46062000439847645
1987-02-24,AAPL,0.45548880583023127
1987-02-25,AAPL,0.3749056604429428
1987-02-26,AAPL,0.3456569086703501
1987-02-27,AAPL,0.1570647971461475
1987-03-02,AAPL,0.7318660446082544
1987-03-03,AAPL,0.6736765894829991
1987-03-04,AAPL,0.40692598146057907
1987-03-05,AAPL,0.46988328129361523
1987-03-06,AAPL,0.36650669411712267
1987-03-09,AAPL,0.5878198923936242
1987-03-10,AAPL,0.4883821134896993
1987-03-11,AAPL,0.5690256321026906
1987-03-12,AAPL,0.7137612143484928
1987-03-13,AAPL,0.8176271771008845
1987-03-16,AAPL,0.8031512563311224
1987-03-17,AAPL,0.5617080469283283
1987-03-18,AAPL,0.4560011649869832
1987-03-19,AAPL,0.4994925437110511
1987-03-20,AAPL,0.32668262041976454
1987-03-23,AAPL,0.31748868547293974
1987-03-24,AAPL,0.36674185449452695
1987-03-25,AAPL,0.29424283406113994
1987-03-26,AAPL,0.40353254899491725
1987-03-27,AAPL,0.22369423972307134
1987-03-30,AAPL,0.15224921491104867
1987-03-31,AAPL,0.18455899693949754
1987-04-01,AAPL,0.34513384647179735
1987-04-02,AAPL,0.48349524804847793
1987-04-03,AAPL,0.34468214747427445
1987-04-06,AAPL,0.5269541271150368
1987-04-07,AAPL,0.48507669619280935
1987-04-08,AAPL,0.48829842681172253
1987-04-09,AAPL,0.5510757155084794
1987-04-10,AAPL,0.7024037109422892
1987-04-13,AAPL,0.5568235727476544
1987-04-14,AAPL,0.5023759983171403
1987-04-15,AAPL,0.5775749092454929
1987-04-16,AAPL,0.7185971418205467
1987-04-20,AAPL,0.7205251052950057
1987-04-21,AAPL,0.2832262270246289
1987-04-22,AAPL,0.36425200763453186
1987-04-23,AAPL,0.2643451116561079
1987-04-24,AAPL,0.5001131416231548
1987-04-27,AAPL,0.47051624546249604
1987-04-28,AAPL,0.161004749893097
1987-04-29,AAPL,0.1592047598694412
1987-04-30,AAPL,0.1882362636374336
1987-05-01,AAPL,0.404014222534263
1987-05-04,AAPL,0.4077542624796503
1987-05-05,AAPL,0.31837460120207217
1987-05-06,AAPL,0.2798329366947819
1987-05-07,AAPL,0.10135466362661684
1987-05-08,AAPL,0.17382415132239068
1987-05-11,AAPL,0.35757144887830805
1987-05-12,AAPL,0.18276333412697468
1987-05-13,AAPL,0.16892816482757098
1987-05-14,AAPL,0.15550490896307992
1987-05-15,AAPL,0.5977171202985074
1987-05-18,AAPL,0.28649327400373226
1987-05-19,AAPL,0.14756522961711932
1987-05-20,AAPL,0.26988973851184883
1987-05-21,AAPL,0.09204313226633516
1987-05-22,AAPL,0.07490350148771985
1987-05-26,AAPL,0.37303209025602724
1987-05-27,AAPL,0.39659349831413226
1987-05-28,AAPL,0.49441308458365385
1987-05-29,AAPL,0.24622190205202948
1987-06-01,AAPL,0.15367288657280467
1987-06-02,AAPL,0.20289501479624206
1987-06-03,AAPL,0.11645602645501144
1987-06-04,AAPL,0.12639900009839722
1987-06-05,AAPL,0.21456851555874892
1987-06-08,AAPL,0.22170816608091085
1987-06-09,AAPL,0.3795097850846152
1987-06-10,AAPL,0.36319374769443385
1987-06-11,AAPL,0.3754836294609651
1987-06-12,AAPL,0.3835514728628815
1987-06-15,AAPL,0.564925038451535
1987-06-16,AAPL,0.49519486581167177
1987-06-17,AAPL,0.24931426089625175
1987-06-18,AAPL,0.22071894340547282
1987-06-19,AAPL,0.3389285277372861
1987-06-22,AAPL,0.44810010743416345
1987-06-23,AAPL,0.6311419556512934
1987-06-24,AAPL,0.5446269216814487
1987-06-25,AAPL,0.4774819403367551
1987-06-26,AAPL,0.5602819698873471
1987-06-29,AAPL,0.5962167242883888
1987-06-30,AAPL,0.6309129656684505
1987-07-01,AAPL,0.6148385646753977
1987-07-02,AAPL,0.700819883081062
1987-07-06,AAPL,0.7551446860307892
1987-07-07,AAPL,0.5794924476987822
1987-07-08,AAPL,0.6506257634752868
1987-07-09,AAPL,0.5360762462229643
1987-07-10,AAPL,0.3675206848631528
1987-07-13,AAPL,0.3836078011011343
1987-07-14,AAPL,0.69757841544194
1987-07-15,AAPL,0.5790377603365982
1987-07-16,AAPL,0.6042537312231497
1987-07-17,AAPL,0.6352857975088878
1987-07-20,AAPL,0.5026333398287506
1987-07-21,AAPL,0.21261694910425932
1987-07-22,AAPL,0.5608261392787235
1987-07-23,AAPL,0.12757560428341827
1987-07-24,AAPL,0.4830443912743919
1987-07-27,AAPL,0.6007819912632222
1987-07-28,AAPL,0.5537218727037776
1987-07-29,AAPL,0.22790795488683527
1987-07-30,AAPL,0.5542895470913842
1987-07-31,AAPL,0.43837623005599774
1987-08-03,AAPL,0.2047317410483196
1987-08-04,AAPL,0.5205155775878473
1987-08-05,AAPL,0.4922853000531798
1987-08-06,AAPL,0.473530801880772
1987-08-07,AAPL,0.5038058029338284
1987-08-10,AAPL,0.37312599641390737
1987-08-11,AAPL,0.4807464007430548
1987-08-12,AAPL,0.5068663133587255
1987-08-13,AAPL,0.5150692363668244
1987-08-14,AAPL,0.4497287794734851
1987-08-17,AAPL,0.6012414362198125
1987-08-18,AAPL,0.5505791350842892
1987-08-19,AAPL,0.5137332315441822
1987-08-20,AAPL,0.4571034722199797
1987-08-21,AAPL,0.3876521554877254
1987-08-24,AAPL,0.39518769092496114
1987-08-25,AAPL,0.5877523771940544
1987-08-26,AAPL,0.5114220412034061
1987-08-27,AAPL,0.44275925341875944
1987-08-28,AAPL,0.15126660689311916
1987-08-31,AAPL,0.08961840974469257
1987-09-01,AAPL,0.4308721397190629
1987-09-02,AAPL,0.6277342471913885
1987-09-03,AAPL,0.5661431321798588
1987-09-04,AAPL,0.5418096205402698
1987-09-08,AAPL,0.6562642349651081
1987-09-09,AAPL,0.6007918723822583
1987-09-10,AAPL,0.574495808667366
1987-09-11,AAPL,0.5494316774399145
1987-09-14,AAPL,0.6666859081048757
1987-09-15,AAPL,0.5605520763969519
1987-09-16,AAPL,0.7314736370728673
1987-09-17,AAPL,0.6987787030279725
1987-09-18,AAPL,0.7435113883959379
1987-09-21,AAPL,0.2139508095472651
1987-09-22,AAPL,0.602349369410168
1987-09-23,AAPL,0.6082911821348227
1987-09-24,AAPL,0.47773050210722523
1987-09-25,AAPL,0.5735224076600755
1987-09-28,AAPL,0.508922469648914
1987-09-29,AAPL,0.551736350974477
1987-09-30,AAPL,0.4747753924901364
1987-10-01,AAPL,0.35871281182612574
1987-10-02,AAPL,0.4301878853835271
1987-10-05,AAPL,0.35675314783535667
1987-10-06,AAPL,0.6549160620538625
1987-10-07,AAPL,0.7356900327860161
1987-10-08,AAPL,0.3032342408952528
1987-10-09,AAPL,0.2225331958811799
1987-10-12,AAPL,0.29197677555530227
1987-10-13,AAPL,0.42598587090939527
1987-10-14,AAPL,0.3590076733051506
1987-10-15,AAPL,0.4625019640648529
1987-10-16,AAPL,0.46031584992586877
1987-10-19,AAPL,0.027785316677944535
1987-10-20,AAPL,0.07309090154643913
1987-10-21,AAPL,0.03543999863471901
1987-10-22,AAPL,0.02097446808453905
1987-10-23,AAPL,0.042298248038369
1987-10-26,AAPL,0.2805852539321961
1987-10-27,AAPL,0.04034555235450493
1987-10-28,AAPL,0.03060166981321581
1987-10-29,AAPL,0.020509211081633706
1987-10-30,AAPL,0.017408286309646658
1987-11-02,AAPL,0.0045077418507300385
1987-11-03,AAPL,0.011012595499849408
1987-11-04,AAPL,0.027996145499219735
1987-11-05,AAPL,0.011395494844175263
1987-11-06,AAPL,0.005276909955716231
1987-11-09,AAPL,0.010780420127963392
1987-11-10,AAPL,0.009951999036810289
1987-11-11,AAPL,0.0042706788762367906
1987-11-12,AAPL,0.013702373787391453
1987-11-13,AAPL,0.004323105279191362
1987-11-16,AAPL,0.02104986592285254
1987-11-17,AAPL,0.03579081700931119
1987-11-18,AAPL,0.021219313933366152
1987-11-19,AAPL,0.08471386334930767
1987-11-20,AAPL,0.09015490816395477
1987-11-23,AAPL,0.06886730865822248
1987-11-24,AAPL,0.02829601456337413
1987-11-25,AAPL,0.03444668878606341
1987-11-27,AAPL,0.10515125105243886
1987-11-30,AAPL,0.22155193389034572
1987-12-01,AAPL,0.18981834674698145
1987-12-02,AAPL,0.45211187947193876
1987-12-03,AAPL,0.5457304556411381
1987-12-04,AAPL,0.10101774021316075
1987-12-07,AAPL,0.12645111400643264
1987-12-08,AAPL,0.05118807239652687
1987-12-09,AAPL,0.028238183134005543
1987-12-10,AAPL,0.0573338441787739
1987-12-11,AAPL,0.03201115822933799
1987-12-14,AAPL,0.04602254701088356
1987-12-15,AAPL,0.02839763503067434
1987-12-16,AAPL,0.0474299041805961
1987-12-17,AAPL,0.09983653941280445
1987-12-18,AAPL,0.10698687917069231
1987-12-21,AAPL,0.1325174994037055
1987-12-22,AAPL,0.09905072007373557
1987-12-23,AAPL,0.0908609365167922
1987-12-24,AAPL,0.158335411068695
1987-12-28,AAPL,0.0867866248494159
1987-12-29,AAPL,0.0537914229242243
1987-12-30,AAPL,0.09847176731480003
1987-12-31,AAPL,0.22691234523747605
1988-01-04,AAPL,0.15410834013981495
1988-01-05,AAPL,0.19833685524440298
1988-01-06,AAPL,0.46704257070991184
1988-01-07,AAPL,0.28344599094140255
1988-01-08,AAPL,0.20024030810885962
1988-01-11,AAPL,0.13713196140249048
1988-01-12,AAPL,0.200771735778092
1988-01-13,AAPL,0.2527428255888015
1988-01-14,AAPL,0.2669091317041198
1988-01-15,AAPL,0.26498199902992114
1988-01-18,AAPL,0.23958172602192765
1988-01-19,AAPL,0.2582266399412708
1988-01-20,AAPL,0.2378325945483859
1988-01-21,AAPL,0.3330807973268398
1988-01-22,AAPL,0.14613028217569043
1988-01-25,AAPL,0.20489212449095984
1988-01-26,AAPL,0.21105018499866
1988-01-27,AAPL,0.19909513218044203
1988-01-28,AAPL,0.11242698028774548
1988-01-29,AAPL,0.14756952503962492
1988-02-01,AAPL,0.1952999219822099
1988-02-02,AAPL,0.1640001556402455
1988-02-03,AAPL,0.05335835207414872
1988-02-04,AAPL,0.05894973111489105
1988-02-05,AAPL,0.0753965767652933
1988-02-08,AAPL,0.11326961242549047
1988-02-09,AAPL,0.10692172307181609
1988-02-10,AAPL,0.3059144770822205
1988-02-11,AAPL,0.28114512319913554
1988-02-12,AAPL,0.27937272837510746
1988-02-16,AAPL,0.2964737336871877
1988-02-17,AAPL,0.24354502964291563
1988-02-18,AAPL,0.6234706722119733
1988-02-19,AAPL,0.42024730232661917
1988-02-22,AAPL,0.3675608642952711
1988-02-23,AAPL,0.6478016773538523
1988-02-24,AAPL,0.23660375984721818
1988-02-25,AAPL,0.28828862793811194
1988-02-26,AAPL,0.2742091989961319
1988-02-29,AAPL,0.39705505161197174
1988-03-01,AAPL,0.49072448015969944
1988-03-02,AAPL,0.3846331053439813
1988-03-03,AAPL,0.46405177063615893
1988-03-04,AAPL,0.4273474970239612
1988-03-07,AAPL,0.2708085018902314
1988-03-08,AAPL,0.3848230503880655
1988-03-09,AAPL,0.43018245633593344
1988-03-10,AAPL,0.7307249769894875
1988-03-11,AAPL,0.5937985579259812
1988-03-14,AAPL,0.41189280182616067
1988-03-15,AAPL,0.675610133229119
1988-03-16,AAPL,0.42636854761062665
1988-03-17,AAPL,0.6862479470828332
1988-03-18,AAPL,0.7447026359184064
1988-03-21,AAPL,0.5420377698886915
1988-03-22,AAPL,0.5505914583296561
1988-03-23,AAPL,0.2670412479183425
1988-03-24,AAPL,0.30965018652595844
1988-03-25,AAPL,0.4497379224349057
1988-03-28,AAPL,0.32295010596826185
1988-03-29,AAPL,0.27278944283635004
1988-03-30,AAPL,0.5369641304672117
1988-03-31,AAPL,0.26285405954274554
1988-04-04,AAPL,0.04855706088039543
1988-04-05,AAPL,0.118836852118958
1988-04-06,AAPL,0.22790459147342096
1988-04-07,AAPL,0.2830331432057143
1988-04-08,AAPL,0.12440405158587127
1988-04-11,AAPL,0.16933235710891656
1988-04-12,AAPL,0.1924624501125831
1988-04-13,AAPL,0.20509235146573832
1988-04-14,AAPL,0.13941753715785202
1988-04-15,AAPL,0.2770529615349814
1988-04-18,AAPL,0.19100159188244203
1988-04-19,AAPL,0.2066619478611289
1988-04-20,AAPL,0.2707459772474983
1988-04-21,AAPL,0.25878195679229216
1988-04-22,AAPL,0.12144819548961157
1988-04-25,AAPL,0.2485222083564094
1988-04-26,AAPL,0.3709402265634277
1988-04-27,AAPL,0.22848109128875346
1988-04-28,AAPL,0.3208622956737625
1988-04-29,AAPL,0.2941935060907769
1988-05-02,AAPL,0.25544025303136453
1988-05-03,AAPL,0.23266792210325463
1988-05-04,AAPL,0.19566936683125027
1988-05-05,AAPL,0.16111682252026838
1988-05-06,AAPL,0.43158410304338557
1988-05-09,AAPL,0.4192413311971336
1988-05-10,AAPL,0.4182218833402675
1988-05-11,AAPL,0.26525031875736216
1988-05-12,AAPL,0.23773737187474175
1988-05-13,AAPL,0.4033162872017437
1988-05-16,AAPL,0.40790113371068815
1988-05-17,AAPL,0.46079468851358263
1988-05-18,AAPL,0.45825502556841685
1988-05-19,AAPL,0.3865459645613423
1988-05-20,AAPL,0.35740378341104867
1988-05-23,AAPL,0.2931105477207132
1988-05-24,AAPL,0.23358230672555225
1988-05-25,AAPL,0.2806293013129213
1988-05-26,AAPL,0.36709847926521705
1988-05-27,AAPL,0.4637754911271188
1988-05-31,AAPL,0.40489220644678664
1988-06-01,AAPL,0.5576585435868529
1988-06-02,AAPL,0.45597136120938175
1988-06-03,AAPL,0.4715589892990187
1988-06-06,AAPL,0.5375609544683705
1988-06-07,AAPL,0.536087698254131
1988-06-08,AAPL,0.3526585011604453
1988-06-09,AAPL,0.30622997223810333
1988-06-10,AAPL,0.4595204829118163
1988-06-13,AAPL,0.35191273038418414
1988-06-14,AAPL,0.35867924117403355
1988-06-15,AAPL,0.31879403500239645
1988-06-16,AAPL,0.3218082481168112
1988-06-17,AAPL,0.21640550771715444
1988-06-20,AAPL,0.4540380308721487
1988-06-21,AAPL,0.30814080223557105
1988-06-22,AAPL,0.19673914532520853
1988-06-23,AAPL,0.47994943119036915
1988-06-24,AAPL,0.48295826074134357
1988-06-27,AAPL,0.5132040513233299
1988-06-28,AAPL,0.5417146673941061
1988-06-29,AAPL,0.6732126795655045
1988-06-30,AAPL,0.7103500838043106
1988-07-01,AAPL,0.8715191019489279
1988-07-05,AAPL,0.8499735244330289
1988-07-06,AAPL,0.8623684767108134
1988-07-07,AAPL,0.8511636604741365
1988-07-08,AAPL,0.860823952502839
1988-07-11,AAPL,0.8521380129175394
1988-07-12,AAPL,0.6487961530213593
1988-07-13,AAPL,0.7613174666496756
1988-07-14,AAPL,0.8490700871314906
1988-07-15,AAPL,0.7996017870174558
1988-07-18,AAPL,0.8433216341963964
1988-07-19,AAPL,0.7292419619303433
1988-07-20,AAPL,0.6064920248718595
1988-07-21,AAPL,0.167443069251893
1988-07-22,AAPL,0.15464268261866124
1988-07-25,AAPL,0.147181961880874
1988-07-26,AAPL,0.24436767164951104
1988-07-27,AAPL,0.13378069080357943
1988-07-28,AAPL,0.14874736694497534
1988-07-29,AAPL,0.6937547395291392
1988-08-01,AAPL,0.7069089166817804
1988-08-02,AAPL,0.6474837612385436
1988-08-03,AAPL,0.6759777681746137
1988-08-04,AAPL,0.712772972742504
1988-08-05,AAPL,0.7418467810250785
1988-08-08,AAPL,0.6155097701593475
1988-08-09,AAPL,0.5525300384807571
1988-08-10,AAPL,0.20717656200726428
1988-08-11,AAPL,0.36887644001767456
1988-08-12,AAPL,0.45908706614198164
1988-08-15,AAPL,0.3596073114354852
1988-08-16,AAPL,0.29382962555922
1988-08-17,AAPL,0.23769174655458003
1988-08-18,AAPL,0.42871495215596644
1988-08-19,AAPL,0.39311425643276915
1988-08-22,AAPL,0.22767712236064336
1988-08-23,AAPL,0.3139013294637305
1988-08-24,AAPL,0.15754138686114103
1988-08-25,AAPL,0.29495655862724557
1988-08-26,AAPL,0.16034351320836895
1988-08-29,AAPL,0.08924879712126572
1988-08-30,AAPL,0.22051319442888215
1988-08-31,AAPL,0.2881673423777577
1988-09-01,AAPL,0.3884747727241916
1988-09-02,AAPL,0.21341376589785946
1988-09-06,AAPL,0.23192050158989694
1988-09-07,AAPL,0.2521572956637496
1988-09-08,AAPL,0.17311587939599896
1988-09-09,AAPL,0.12865185823249087
1988-09-12,AAPL,0.24523242358641595
1988-09-13,AAPL,0.21285826282820228
1988-09-14,AAPL,0.2736497414649384
1988-09-15,AAPL,0.25895459516409675
1988-09-16,AAPL,0.12526796529429646
1988-09-19,AAPL,0.22659211287545966
1988-09-20,AAPL,0.29312957077025414
1988-09-21,AAPL,0.25082688244915075
1988-09-22,AAPL,0.43129705633376214
1988-09-23,AAPL,0.5628363388994417
1988-09-26,AAPL,0.1556986342857585
1988-09-27,AAPL,0.3772718537969897
1988-09-28,AAPL,0.3871487707456137
1988-09-29,AAPL,0.2853809352770484
1988-09-30,AAPL,0.504784888862651
1988-10-03,AAPL,0.4188125170469778
1988-10-04,AAPL,0.2815507051017707
1988-10-05,AAPL,0.38990814358499604
1988-10-06,AAPL,0.3625540398530098
1988-10-07,AAPL,0.5351013218987716
1988-10-10,AAPL,0.49919305222688437
1988-10-11,AAPL,0.30798636179409367
1988-10-12,AAPL,0.3620214600392668
1988-10-13,AAPL,0.256912755014751
1988-10-14,AAPL,0.3017832006793526
1988-10-17,AAPL,0.2304231800120286
1988-10-18,AAPL,0.16478491612859347
1988-10-19,AAPL,0.31827490138102354
1988-10-20,AAPL,0.441539959517484
1988-10-21,AAPL,0.378496008478731
1988-10-24,AAPL,0.2185519070609569
1988-10-25,AAPL,0.22177180366093835
1988-10-26,AAPL,0.23142001996010553
1988-10-27,AAPL,0.33562736531092313
1988-10-28,AAPL,0.2787079021546869
1988-10-31,AAPL,0.2569981955883687
1988-11-01,AAPL,0.3268318204644165
1988-11-02,AAPL,0.35855445206974895
1988-11-03,AAPL,0.44186702728905497
1988-11-04,AAPL,0.30532732225436704
1988-11-07,AAPL,0.33371920278224476
1988-11-08,AAPL,0.5022595467883364
1988-11-09,AAPL,0.37157196058210673
1988-11-10,AAPL,0.46887780813283614
1988-11-11,AAPL,0.3973870650196021
1988-11-14,AAPL,0.5152528474210049
1988-11-15,AAPL,0.5269002415846123
1988-11-16,AAPL,0.33265916632959347
1988-11-17,AAPL,0.24920612290514893
1988-11-18,AAPL,0.20228955539347016
1988-11-21,AAPL,0.3804341103922043
1988-11-22,AAPL,0.23032752903739387
1988-11-23,AAPL,0.44116948045426024
1988-11-25,AAPL,0.2665764843174173
1988-11-28,AAPL,0.37408770936797325
1988-11-29,AAPL,0.28847081345588116
1988-11-30,AAPL,0.5816537428732758
1988-12-01,AAPL,0.4677407626683903
1988-12-02,AAPL,0.549962424063792
1988-12-05,AAPL,0.5992378478748812
1988-12-06,AAPL,0.5556813909092783
1988-12-07,AAPL,0.49277497405474135
1988-12-08,AAPL,0.3276910077909843
1988-12-09,AAPL,0.2981374237047851
1988-12-12,AAPL,0.38433022209022716
1988-12-13,AAPL,0.15375457541916066
1988-12-14,AAPL,0.6294042143775074
1988-12-15,AAPL,0.4656347567575024
1988-12-16,AAPL,0.5067971979470369
1988-12-19,AAPL,0.43932328648822344
1988-12-20,AAPL,0.2787360727303491
1988-12-21,AAPL,0.2180822399167742
1988-12-22,AAPL,0.5469859657051979
1988-12-23,AAPL,0.47061585726617705
1988-12-27,AAPL,0.5983287264913032
1988-12-28,AAPL,0.8216317579948089
1988-12-29,AAPL,0.8269808213467693
1988-12-30,AAPL,0.8019915376927008
1989-01-03,AAPL,0.35317250962657726
1989-01-04,AAPL,0.3790681780817875
1989-01-05,AAPL,0.3845434119532761
1989-01-06,AAPL,0.3748492166490706
1989-01-09,AAPL,0.35124525983088406
1989-01-10,AAPL,0.3484620106713793
1989-01-11,AAPL,0.3500734759007826
1989-01-12,AAPL,0.3448857939806841
1989-01-13,AAPL,0.3648672908944377
1989-01-16,AAPL,0.36117902240458083
1989-01-17,AAPL,0.4128372505035853
1989-01-18,AAPL,0.377932143683274
1989-01-19,AAPL,0.3546673974980099
1989-01-20,AAPL,0.3524249860534549
1989-01-23,AAPL,0.3545308777020829
1989-01-24,AAPL,0.34058086880002597
1989-01-25,AAPL,0.32399657843021257
1989-01-26,AAPL,0.3414494224784533
1989-01-27,AAPL,0.4551877460432537
1989-01-30,AAPL,0.34396739031017204
1989-01-31,AAPL,0.326743000812461
1989-02-01,AAPL,0.3252648891696167
1989-02-02,AAPL,0.3271498701331033
1989-02-03,AAPL,0.30182036002821544
1989-02-06,AAPL,0.30844207066231877
1989-02-07,AAPL,0.3159370397060188
1989-02-08,AAPL,0.3130792408799805
1989-02-09,AAPL,0.31036311652344517
1989-02-10,AAPL,0.3024271062912702
1989-02-13,AAPL,0.28838298852181243
1989-02-14,AAPL,0.32209704041165826
1989-02-15,AAPL,0.2969915504790955
1989-02-16,AAPL,0.31232811374568087
1989-02-17,AAPL,0.3044479521196532
1989-02-21,AAPL,0.304322107564882
1989-02-22,AAPL,0.29361361544647435
1989-02-23,AAPL,0.2791220563897387
1989-02-24,AAPL,0.2838660884862954
1989-02-27,AAPL,0.2846501626070055
1989-02-28,AAPL,0.2859282445964345
1989-03-01,AAPL,0.28311296883439074
1989-03-02,AAPL,0.3015983494111774
1989-03-03,AAPL,0.30530831040873213
1989-03-06,AAPL,0.2958355127785718
1989-03-07,AAPL,0.316175021523414
1989-03-08,AAPL,0.30331860271062255
1989-03-09,AAPL,0.2910324376846016
1989-03-10,AAPL,0.2833296008642788
1989-03-13,AAPL,0.2826039721088943
1989-03-14,AAPL,0.2913134561625013
1989-03-15,AAPL,0.28456438995891525
1989-03-16,AAPL,0.29682817994938604
1989-03-17,AAPL,0.2959801467624914
1989-03-20,AAPL,0.2955446863988277
1989-03-21,AAPL,0.29533535155618307
1989-03-22,AAPL,0.29956461316532906
1989-03-23,AAPL,0.2993821657043549
1989-03-27,AAPL,0.29354785431457514
1989-03-28,AAPL,0.29155271506449676
1989-03-29,AAPL,0.2934487627520494
1989-03-30,AAPL,0.30589374754938486
1989-03-31,AAPL,0.31929519012384083
1989-04-03,AAPL,0.31296535351595917
1989-04-04,AAPL,0.3032598363056379
1989-04-05,AAPL,0.31026066431462174
1989-04-06,AAPL,0.3151875486866034
1989-04-07,AAPL,0.3527728587203987
1989-04-10,AAPL,0.3203260587321417
1989-04-11,AAPL,0.3215490284931115
1989-04-12,AAPL,0.36331989999491865
1989-04-13,AAPL,0.34236857446545205
1989-04-14,AAPL,0.35191025218349026
1989-04-17,AAPL,0.3497460273242052
1989-04-18,AAPL,0.39568318701120886
1989-04-19,AAPL,0.380168339925727
1989-04-20,AAPL,0.3570637827268088
1989-04-21,AAPL,0.36123819783525396
1989-04-24,AAPL,0.36599848574395283
1989-04-25,AAPL,0.37081338697559046
1989-04-26,AAPL,0.377696503605934
1989-04-27,AAPL,0.3609468052066201
1989-04-28,AAPL,0.35863696506742704
1989-05-01,AAPL,0.351702603082399
1989-05-02,AAPL,0.3670552620244359
1989-05-03,AAPL,0.3733621490173277
1989-05-04,AAPL,0.37083003761333394
1989-05-05,AAPL,0.3946163385733377
1989-05-08,AAPL,0.3649939200195551
1989-05-09,AAPL,0.37593476357072964
1989-05-10,AAPL,0.37081154856689563
1989-05-11,AAPL,0.38802759939709164
1989-05-12,AAPL,0.40035751714599566
1989-05-15,AAPL,0.3892813474747947
1989-05-16,AAPL,0.3859008296370285
1989-05-17,AAPL,0.3945304120126949
1989-05-18,AAPL,0.394170284257526
1989-05-19,AAPL,0.4058156231346754
1989-05-22,AAPL,0.3962563545729315
1989-05-23,AAPL,0.38429529040008925
1989-05-24,AAPL,0.396383966433402
1989-05-25,AAPL,0.3916891516071653
1989-05-26,AAPL,0.3858654881946056
1989-05-30,AAPL,0.3816773698361881
1989-05-31,AAPL,0.3744246441623618
1989-06-01,AAPL,0.3823942582269482
1989-06-02,AAPL,0.3730755644312693
1989-06-05,AAPL,0.3623728588575469
1989-06-06,AAPL,0.3630150804125109
1989-06-07,AAPL,0.3669428943090107
1989-06-08,AAPL,0.37933219649909633
1989-06-09,AAPL,0.3646816407818358
1989-06-12,AAPL,0.35912505524676785
1989-06-13,AAPL,0.3771617894269871
1989-06-14,AAPL,0.3745360628348374
1989-06-15,AAPL,0.35712214946324644
1989-06-16,AAPL,0.3886374396413865
1989-06-19,AAPL,0.34286533071677633
1989-06-20,AAPL,0.3356849993062321
1989-06-21,AAPL,0.33406830804980747
1989-06-22,AAPL,0.3300009911422055
1989-06-23,AAPL,0.3279264753040362
1989-06-26,AAPL,0.3356070753348731
1989-06-27,AAPL,0.317196539170939
1989-06-28,AAPL,0.33600472542346965
1989-06-29,AAPL,0.32924727602840165
1989-06-30,AAPL,0.3098280663647121
1989-07-03,AAPL,0.28937417343840915
1989-07-05,AAPL,0.28362036695304504
1989-07-06,AAPL,0.2916089379362446
1989-07-07,AAPL,0.29324237128669484
1989-07-10,AAPL,0.3072937224541228
1989-07-11,AAPL,0.3101330857124586
1989-07-12,AAPL,0.29638108016210896
1989-07-13,AAPL,0.30189651341354107
1989-07-14,AAPL,0.29434652897989805
1989-07-17,AAPL,0.28402471192272183
1989-07-18,AAPL,0.3190331205026168
1989-07-19,AAPL,0.2993505286471063
1989-07-20,AAPL,0.30980582907396476
1989-07-21,AAPL,0.2947833040641942
1989-07-24,AAPL,0.29150935196933936
1989-07-25,AAPL,0.2943378038660229
1989-07-26,AAPL,0.2913438628861416
1989-07-27,AAPL,0.291265244258385
1989-07-28,AAPL,0.29268113191682843
1989-07-31,AAPL,0.29767410199775834
1989-08-01,AAPL,0.2926841027068108
1989-08-02,AAPL,0.29059635042607174
1989-08-03,AAPL,0.30142333818619177
1989-08-04,AAPL,0.30635444221310115
1989-08-07,AAPL,0.3176243938772876
1989-08-08,AAPL,0.3172483754082385
1989-08-09,AAPL,0.32129257998549837
1989-08-10,AAPL,0.32033609271986774
1989-08-11,AAPL,0.3331055137858964
1989-08-14,AAPL,0.3222645652426562
1989-08-15,AAPL,0.334590006901878
1989-08-16,AAPL,0.32681585438099936
1989-08-17,AAPL,0.33246140069917063
1989-08-18,AAPL,0.3278238376076438
1989-08-21,AAPL,0.3375016602230561
1989-08-22,AAPL,0.3362541027397076
1989-08-23,AAPL,0.3414901616855535
1989-08-24,AAPL,0.335934995257563
1989-08-25,AAPL,0.33068490429168346
1989-08-28,AAPL,0.31524786273849376
1989-08-29,AAPL,0.33136295027961493
1989-08-30,AAPL,0.3265963116729578
1989-08-31,AAPL,0.3348974032863251
1989-09-01,AAPL,0.3584280091192514
1989-09-05,AAPL,0.3630946139869396
1989-09-06,AAPL,0.37749593829303135
1989-09-07,AAPL,0.38487531383164447
1989-09-08,AAPL,0.3716163461751044
1989-09-11,AAPL,0.38255404095295836
1989-09-12,AAPL,0.3817670075644295
1989-09-13,AAPL,0.36088555584503784
1989-09-14,AAPL,0.3533011856292387
1989-09-15,AAPL,0.34742292928143276
1989-09-18,AAPL,0.32993474463256384
1989-09-19,AAPL,0.3338822254926478
1989-09-20,AAPL,0.3446672063289066
1989-09-21,AAPL,0.36170828061128685
1989-09-22,AAPL,0.3395086251601254
1989-09-25,AAPL,0.3534242995754617
1989-09-26,AAPL,0.34105578432811773
1989-09-27,AAPL,0.3396051118580235
1989-09-28,AAPL,0.3376867891810807
1989-09-29,AAPL,0.3266864288743928
1989-10-02,AAPL,0.33197899216432053
1989-10-03,AAPL,0.33782912968929674
1989-10-04,AAPL,0.3421408197038652
1989-10-05,AAPL,0.36084324290516123
1989-10-06,AAPL,0.3856285503959225
1989-10-09,AAPL,0.3677012979592649
1989-10-10,AAPL,0.3740276697612078
1989-10-11,AAPL,0.3491349511117381
1989-10-12,AAPL,0.34222367612031684
1989-10-13,AAPL,0.34803861112331347
1989-10-16,AAPL,0.37190637773542345
1989-10-17,AAPL,0.3490506260127423
1989-10-18,AAPL,0.3369716412403662
1989-10-19,AAPL,0.34490389672214583
1989-10-20,AAPL,0.3637320708253565
1989-10-23,AAPL,0.35442586786090263
1989-10-24,AAPL,0.36150940417213767
1989-10-25,AAPL,0.3444809943378369
1989-10-26,AAPL,0.33512036646157906
1989-10-27,AAPL,0.30918354152368255
1989-10-30,AAPL,0.30728177214735036
1989-10-31,AAPL,0.31533674930360905
1989-11-01,AAPL,0.314599164775715
1989-11-02,AAPL,0.3638338176879997
1989-11-03,AAPL,0.3249846741581315
1989-11-06,AAPL,0.31277462462640765
1989-11-07,AAPL,0.31589724991069623
1989-11-08,AAPL,0.31111932456717084
1989-11-09,AAPL,0.3027455717115016
1989-11-10,AAPL,0.3055411156109009
1989-11-13,AAPL,0.30451378261793
1989-11-14,AAPL,0.31388065200857984
1989-11-15,AAPL,0.3199604673527394
1989-11-16,AAPL,0.3148015992395223
1989-11-17,AAPL,0.31020934296149577
1989-11-20,AAPL,0.30878466545885636
1989-11-21,AAPL,0.3162714653363763
1989-11-22,AAPL,0.32369318500545735
1989-11-24,AAPL,0.3224304089798158
1989-11-27,AAPL,0.3342971042682602
1989-11-28,AAPL,0.3335591642436003
1989-11-29,AAPL,0.3208468109903695
1989-11-30,AAPL,0.2945133595112149
1989-12-01,AAPL,0.3009045165940919
1989-12-04,AAPL,0.3037541497231729
1989-12-05,AAPL,0.32693663011060076
1989-12-06,AAPL,0.3553404767806127
1989-12-07,AAPL,0.3175310788704829
1989-12-08,AAPL,0.32553102256374267
1989-12-11,AAPL,0.36489286855202185
1989-12-12,AAPL,0.3862389383833964
1989-12-13,AAPL,0.3086873995829843
1989-12-14,AAPL,0.30328474499498853
1989-12-15,AAPL,0.31806886990491695
1989-12-18,AAPL,0.2995672922375374
1989-12-19,AAPL,0.28995134076553863
1989-12-20,AAPL,0.2791231620265628
1989-12-21,AAPL,0.28656459739850043
1989-12-22,AAPL,0.2667006566831124
1989-12-26,AAPL,0.2616748106299935
1989-12-27,AAPL,0.26111792679933665
1989-12-28,AAPL,0.25767020837084065
1989-12-29,AAPL,0.2564942620931411
1990-01-02,AAPL,0.26735139343630554
1990-01-03,AAPL,0.29904805768632914
1990-01-04,AAPL,0.2996423478299196
1990-01-05,AAPL,0.3132568760698845
1990-01-08,AAPL,0.33567354506420366
1990-01-09,AAPL,0.33075089605092595
1990-01-10,AAPL,0.31664691159856095
1990-01-11,AAPL,0.30331338203944985
1990-01-12,AAPL,0.29280953370635315
1990-01-15,AAPL,0.2931077275586519
1990-01-16,AAPL,0.3180239165803141
1990-01-17,AAPL,0.3130249015450321
1990-01-18,AAPL,0.3148102464194071
1990-01-19,AAPL,0.3144463158525356
1990-01-22,AAPL,0.2882734305695372
1990-01-23,AAPL,0.2877921411401102
1990-01-24,AAPL,0.282103847380115
1990-01-25,AAPL,0.271834374839716
1990-01-26,AAPL,0.28112057823403114
1990-01-29,AAPL,0.27614453500390285
1990-01-30,AAPL,0.2927654031842162
1990-01-31,AAPL,0.30299458628352005
1990-02-01,AAPL,0.2975100968458818
1990-02-02,AAPL,0.3053153737099561
1990-02-05,AAPL,0.2993649340502857
1990-02-06,AAPL,0.3197045694233128
1990-02-07,AAPL,0.3417513855715826
1990-02-08,AAPL,0.30884995556975736
1990-02-09,AAPL,0.32289422184272115
1990-02-12,AAPL,0.3163832623969573
1990-02-13,AAPL,0.3212068069788469
1990-02-14,AAPL,0.31691162166727227
1990-02-15,AAPL,0.3363985698833698
1990-02-16,AAPL,0.3352444584422522
1990-02-20,AAPL,0.32518017146378614
1990-02-21,AAPL,0.3352101004455811
1990-02-22,AAPL,0.3292677506137056
1990-02-23,AAPL,0.31557307050743155
1990-02-26,AAPL,0.3103635705283668
1990-02-27,AAPL,0.3095281337438746
1990-02-28,AAPL,0.3394561128634896
1990-03-01,AAPL,0.3511628673947226
1990-03-02,AAPL,0.3190822907179782
1990-03-05,AAPL,0.33687727625366237
1990-03-06,AAPL,0.3313528732220522
1990-03-07,AAPL,0.34546377206225765
1990-03-08,AAPL,0.3520767448175841
1990-03-09,AAPL,0.3641508605907262
1990-03-12,AAPL,0.365262236076414
1990-03-13,AAPL,0.36007561949658035
1990-03-14,AAPL,0.38246503993192205
1990-03-15,AAPL,0.38353890437937227
1990-03-16,AAPL,0.41391603096172486
1990-03-19,AAPL,0.4073381659686194
1990-03-20,AAPL,0.3988348483382284
1990-03-21,AAPL,0.3818701453615692
1990-03-22,AAPL,0.39360400142727786
1990-03-23,AAPL,0.3981426253740209
1990-03-26,AAPL,0.39538362572554847
1990-03-27,AAPL,0.38905749489372377
1990-03-28,AAPL,0.37775035177008065
1990-03-29,AAPL,0.37126569907329643
1990-03-30,AAPL,0.3935776265100927
1990-04-02,AAPL,0.39301904676634597
1990-04-03,AAPL,0.3890126897452564
1990-04-04,AAPL,0.3901603301003635
1990-04-05,AAPL,0.35102668834787015
1990-04-06,AAPL,0.32616890404389715
1990-04-09,AAPL,0.3446307135833355
1990-04-10,AAPL,0.34855926949697325
1990-04-11,AAPL,0.3676823870157235
1990-04-12,AAPL,0.3549380362308685
1990-04-16,AAPL,0.35481932054090937
1990-04-17,AAPL,0.3501170924120355
1990-04-18,AAPL,0.3711949455773951
1990-04-19,AAPL,0.37324132296855717
1990-04-20,AAPL,0.36222666873726833
1990-04-23,AAPL,0.3438647038604414
1990-04-24,AAPL,0.33777742610488926
1990-04-25,AAPL,0.32736227021473663
1990-04-26,AAPL,0.33368976900575503
1990-04-27,AAPL,0.33897183118369556
1990-04-30,AAPL,0.32637434565573575
1990-05-01,AAPL,0.32445560526677375
1990-05-02,AAPL,0.3026696970771046
1990-05-03,AAPL,0.28485932966644034
1990-05-04,AAPL,0.274583364369882
1990-05-07,AAPL,0.29728139558316036
1990-05-08,AAPL,0.2963309124687585
1990-05-09,AAPL,0.3495129832389528
1990-05-10,AAPL,0.3441542937385683
1990-05-11,AAPL,0.36709975743080675
1990-05-14,AAPL,0.38134113790384966
1990-05-15,AAPL,0.3752399671977903
1990-05-16,AAPL,0.3667914836874824
1990-05-17,AAPL,0.36853604121200756
1990-05-18,AAPL,0.34983309959127296
1990-05-21,AAPL,0.3439397356867888
1990-05-22,AAPL,0.3589279015121659
1990-05-23,AAPL,0.354147598111659
1990-05-24,AAPL,0.3482774309059609
1990-05-25,AAPL,0.3310760657283607
1990-05-29,AAPL,0.3223751999271091
1990-05-30,AAPL,0.33105108005075384
1990-05-31,AAPL,0.32555610166905785
1990-06-01,AAPL,0.31291373403881717
1990-06-04,AAPL,0.31119329357373704
1990-06-05,AAPL,0.314449525433442
1990-06-06,AAPL,0.3148264793586493
1990-06-07,AAPL,0.31408852412341126
1990-06-08,AAPL,0.33233735368059486
1990-06-11,AAPL,0.3214521304993189
1990-06-12,AAPL,0.31145740059426663
1990-06-13,AAPL,0.3025976710425477
1990-06-14,AAPL,0.299976769721784
1990-06-15,AAPL,0.31471492605625695
1990-06-18,AAPL,0.2988590762680876
1990-06-19,AAPL,0.2993314369794263
1990-06-20,AAPL,0.3031300281076374
1990-06-21,AAPL,0.3248005903260795
1990-06-22,AAPL,0.3253321801970897
1990-06-25,AAPL,0.3336855285162941
1990-06-26,AAPL,0.33447646253807195
1990-06-27,AAPL,0.3406737991763917
1990-06-28,AAPL,0.37176053076606397
1990-06-29,AAPL,0.3723115824064966
1990-07-02,AAPL,0.34439218106436753
1990-07-03,AAPL,0.35354790622438415
1990-07-05,AAPL,0.3530616914399964
1990-07-06,AAPL,0.3762696409577846
1990-07-09,AAPL,0.39256828741069066
1990-07-10,AAPL,0.3921773392651894
1990-07-11,AAPL,0.37908529940292457
1990-07-12,AAPL,0.36924631110731254
1990-07-13,AAPL,0.3811956611329687
1990-07-16,AAPL,0.38081905143869677
1990-07-17,AAPL,0.3723160310470569
1990-07-18,AAPL,0.3756093631551617
1990-07-19,AAPL,0.36559011609637637
1990-07-20,AAPL,0.32274763799450035
1990-07-23,AAPL,0.33697052509141134
1990-07-24,AAPL,0.33478937444056417
1990-07-25,AAPL,0.3360617014449012
1990-07-26,AAPL,0.3144711598273095
1990-07-27,AAPL,0.2855993897615209
1990-07-30,AAPL,0.2886622829049811
1990-07-31,AAPL,0.28789041842508684
1990-08-01,AAPL,0.2864919574924774
1990-08-02,AAPL,0.2947840249943354
1990-08-03,AAPL,0.29937180168734184
1990-08-06,AAPL,0.30089893883267704
1990-08-07,AAPL,0.2965114710461729
1990-08-08,AAPL,0.31231443158436345
1990-08-09,AAPL,0.3156643749169702
1990-08-10,AAPL,0.3025183538330973
1990-08-13,AAPL,0.3036347894872083
1990-08-14,AAPL,0.29855579617674277
1990-08-15,AAPL,0.3051977164332615
1990-08-16,AAPL,0.3096450422783583
1990-08-17,AAPL,0.29911805600223745
1990-08-20,AAPL,0.28279873242354736
1990-08-21,AAPL,0.28617329209515224
1990-08-22,AAPL,0.2712806446550361
1990-08-23,AAPL,0.27557168216526895
1990-08-24,AAPL,0.2771159665524904
1990-08-27,AAPL,0.29678307558121414
1990-08-28,AAPL,0.29040571679056837
1990-08-29,AAPL,0.294526624259852
1990-08-30,AAPL,0.29029618020043163
1990-08-31,AAPL,0.27671933258919806
1990-09-04,AAPL,0.28459269475760735
1990-09-05,AAPL,0.28488555194116005
1990-09-06,AAPL,0.2837957891111045
1990-09-07,AAPL,0.29254137415455933
1990-09-10,AAPL,0.29778090143195735
1990-09-11,AAPL,0.3164566304560529
1990-09-12,AAPL,0.31222691068332
1990-09-13,AAPL,0.3132439398046375
1990-09-14,AAPL,0.3040856870249754
1990-09-17,AAPL,0.27242027158992976
1990-09-18,AAPL,0.2666793887359966
1990-09-19,AAPL,0.27488817904762575
1990-09-20,AAPL,0.2706627257731016
1990-09-21,AAPL,0.26385982425823407
1990-09-24,AAPL,0.26338543661548475
1990-09-25,AAPL,0.2601664094318171
1990-09-26,AAPL,0.25282650795158684
1990-09-27,AAPL,0.24892902069011713
1990-09-28,AAPL,0.2602849630420783
1990-10-01,AAPL,0.27702449593438955
1990-10-02,AAPL,0.28738991529334595
1990-10-03,AAPL,0.28783472977040553
1990-10-04,AAPL,0.2722722608343823
1990-10-05,AAPL,0.26745368319102514
1990-10-08,AAPL,0.26940286439738204
1990-10-09,AAPL,0.2803600419914111
1990-10-10,AAPL,0.27953934623706894
1990-10-11,AAPL,0.27984770495046457
1990-10-12,AAPL,0.29323416370505206
1990-10-15,AAPL,0.30390846844858477
1990-10-16,AAPL,0.31111028685116293
1990-10-17,AAPL,0.2944985804206343
1990-10-18,AAPL,0.2974869032868373
1990-10-19,AAPL,0.3176433014018547
1990-10-22,AAPL,0.29688300496368875
1990-10-23,AAPL,0.29282027042415176
1990-10-24,AAPL,0.2870847462180687
1990-10-25,AAPL,0.3040704537378736
1990-10-26,AAPL,0.30868821448208406
1990-10-29,AAPL,0.3128695285114061
1990-10-30,AAPL,0.30857996220095635
1990-10-31,AAPL,0.3160689522004024
1990-11-01,AAPL,0.3195036706941842
1990-11-02,AAPL,0.34096394468832997
1990-11-05,AAPL,0.3747285166485521
1990-11-06,AAPL,0.3760694978791144
1990-11-07,AAPL,0.3687846256981331
1990-11-08,AAPL,0.34609900898135754
1990-11-09,AAPL,0.35978974255960194
1990-11-12,AAPL,0.36734239677459596
1990-11-13,AAPL,0.38569438063439465
1990-11-14,AAPL,0.39901285568522604
1990-11-15,AAPL,0.3880457192662488
1990-11-16,AAPL,0.392965900595506
1990-11-19,AAPL,0.4024525646274503
1990-11-20,AAPL,0.3906151465719367
1990-11-21,AAPL,0.39267125910495543
1990-11-23,AAPL,0.3855032009997484
1990-11-26,AAPL,0.38200423036540243
1990-11-27,AAPL,0.39746920562137383
1990-11-28,AAPL,0.3926044308763054
1990-11-29,AAPL,0.3841061038860504
1990-11-30,AAPL,0.3714208469080475
1990-12-03,AAPL,0.3707321352281929
1990-12-04,AAPL,0.38312363263064675
1990-12-05,AAPL,0.378919782950973
1990-12-06,AAPL,0.4234122553262294
1990-12-07,AAPL,0.4211518045282326
1990-12-10,AAPL,0.40686289826442673
1990-12-11,AAPL,0.40981401326164174
1990-12-12,AAPL,0.39272191053463235
1990-12-13,AAPL,0.3875175836170034
1990-12-14,AAPL,0.37808688734423673
1990-12-17,AAPL,0.37895867467597427
1990-12-18,AAPL,0.39186865269184934
1990-12-19,AAPL,0.39162517396382224
1990-12-20,AAPL,0.41295839721157784
1990-12-21,AAPL,0.4053467798848168
1990-12-24,AAPL,0.37821126777269254
1990-12-26,AAPL,0.3679025858572074
1990-12-27,AAPL,0.35592418484833965
1990-12-28,AAPL,0.350595895146192
1990-12-31,AAPL,0.3535057255354165
1991-01-02,AAPL,0.40114792134231086
1991-01-03,AAPL,0.40502526209131134
1991-01-04,AAPL,0.3886485604438235
1991-01-07,AAPL,0.40629300942434965
1991-01-08,AAPL,0.4000465560741038
1991-01-09,AAPL,0.3957416961064312
1991-01-10,AAPL,0.4118415807236505
1991-01-11,AAPL,0.39582421925789835
1991-01-14,AAPL,0.36680174736861176
1991-01-15,AAPL,0.3869757821083363
1991-01-16,AAPL,0.4128621995719772
1991-01-17,AAPL,0.4254913997337088
1991-01-18,AAPL,0.4270192013607524
1991-01-21,AAPL,0.40626738443747323
1991-01-22,AAPL,0.40470017627014954
1991-01-23,AAPL,0.42768293278886804
1991-01-24,AAPL,0.43707675486924263
1991-01-25,AAPL,0.4323793967756878
1991-01-28,AAPL,0.434118391941126
1991-01-29,AAPL,0.4236280353152682
1991-01-30,AAPL,0.4253835048321671
1991-01-31,AAPL,0.43408867074372237
1991-02-01,AAPL,0.44713836082765057
1991-02-04,AAPL,0.4406630363146203
1991-02-05,AAPL,0.43008980517459106
1991-02-06,AAPL,0.41587685369392396
1991-02-07,AAPL,0.42964853434311967
1991-02-08,AAPL,0.4306362921587702
1991-02-11,AAPL,0.4339936829368831
1991-02-12,AAPL,0.42218987858082196
1991-02-13,AAPL,0.4123359176423551
1991-02-14,AAPL,0.3838084886925024
1991-02-15,AAPL,0.38193119469655307
1991-02-19,AAPL,0.3929824564947931
1991-02-20,AAPL,0.39076580475103434
1991-02-21,AAPL,0.37677805655265173
1991-02-22,AAPL,0.3666391574935564
1991-02-25,AAPL,0.3671450289112657
1991-02-26,AAPL,0.35593391454800427
1991-02-27,AAPL,0.3604225315363909
1991-02-28,AAPL,0.3429527304668528
1991-03-01,AAPL,0.32278235003854094
1991-03-04,AAPL,0.309655828732226
1991-03-05,AAPL,0.34544510194112993
1991-03-06,AAPL,0.34974772842106505
1991-03-07,AAPL,0.3651692455472379
1991-03-08,AAPL,0.35919180890644886
1991-03-11,AAPL,0.3330561291575544
1991-03-12,AAPL,0.33380792058445385
1991-03-13,AAPL,0.34809578102298216
1991-03-14,AAPL,0.35315618529530163
1991-03-15,AAPL,0.3631495277632963
1991-03-18,AAPL,0.359769834959063
1991-03-19,AAPL,0.3674837202065896
1991-03-20,AAPL,0.37316758931115546
1991-03-21,AAPL,0.36625990023747756
1991-03-22,AAPL,0.35386202126266303
1991-03-25,AAPL,0.3355040461411218
1991-03-26,AAPL,0.3455862550289374
1991-03-27,AAPL,0.33757282151955625
1991-03-28,AAPL,0.3351045524154721
1991-04-01,AAPL,0.338688183378097
1991-04-02,AAPL,0.3504131052903293
1991-04-03,AAPL,0.3464305814577773
1991-04-04,AAPL,0.3423834513847646
1991-04-05,AAPL,0.32282746532915996
1991-04-08,AAPL,0.31474229750985083
1991-04-09,AAPL,0.3204274229927259
1991-04-10,AAPL,0.32865867230647683
1991-04-11,AAPL,0.34028055188383305
1991-04-12,AAPL,0.34710242654452067
1991-04-15,AAPL,0.3490381586460019
1991-04-16,AAPL,0.3073741527430628
1991-04-17,AAPL,0.29895226228251404
1991-04-18,AAPL,0.3108023153655393
1991-04-19,AAPL,0.3083013924090695
1991-04-22,AAPL,0.2772957065620223
1991-04-23,AAPL,0.28617723426523123
1991-04-24,AAPL,0.2689385763790816
1991-04-25,AAPL,0.2769776409675119
1991-04-26,AAPL,0.26803357111559206
1991-04-29,AAPL,0.2627009668604624
1991-04-30,AAPL,0.2726808732072658
1991-05-01,AAPL,0.2697094946808661
1991-05-02,AAPL,0.24091136297278554
1991-05-03,AAPL,0.25010358933061483
1991-05-06,AAPL,0.24201703590894774
1991-05-07,AAPL,0.24082263693648143
1991-05-08,AAPL,0.2286572584639187
1991-05-09,AAPL,0.23072957181123993
1991-05-10,AAPL,0.2210618689069956
1991-05-13,AAPL,0.2350303322323069
1991-05-14,AAPL,0.23424453801356662
1991-05-15,AAPL,0.23177572531880167
1991-05-16,AAPL,0.23562939781120468
1991-05-17,AAPL,0.2409212298880345
1991-05-20,AAPL,0.25127037387856177
1991-05-21,AAPL,0.27455743013232486
1991-05-22,AAPL,0.25909793275172516
1991-05-23,AAPL,0.26108036087741854
1991-05-24,AAPL,0.24809969956098682
1991-05-28,AAPL,0.24342473833517095
1991-05-29,AAPL,0.25857769790913104
1991-05-30,AAPL,0.2638695730938105
1991-05-31,AAPL,0.25569543691344865
1991-06-03,AAPL,0.24952153381732062
1991-06-04,AAPL,0.24202736973210365
1991-06-05,AAPL,0.259013755350876
1991-06-06,AAPL,0.2702825298078742
1991-06-07,AAPL,0.27419119763519945
1991-06-10,AAPL,0.3026098657022052
1991-06-11,AAPL,0.2879993488438327
1991-06-12,AAPL,0.27511753750051127
1991-06-13,AAPL,0.27645250410798006
1991-06-14,AAPL,0.2689153738168733
1991-06-17,AAPL,0.27762765954400104
1991-06-18,AAPL,0.2738859259733887
1991-06-19,AAPL,0.25859933263403984
1991-06-20,AAPL,0.25869762992402484
1991-06-21,AAPL,0.23120086178639937
1991-06-24,AAPL,0.2349619798886471
1991-06-25,AAPL,0.2439490728150263
1991-06-26,AAPL,0.2533052544263312
1991-06-27,AAPL,0.2554982422696372
1991-06-28,AAPL,0.2547933183320889
1991-07-01,AAPL,0.26968358028045136
1991-07-02,AAPL,0.2955495980497558
1991-07-03,AAPL,0.3130036509752218
1991-07-05,AAPL,0.3434649032945884
1991-07-08,AAPL,0.34303785859779595
1991-07-09,AAPL,0.3482720470312081
1991-07-10,AAPL,0.35968714912508415
1991-07-11,AAPL,0.3643852904789777
1991-07-12,AAPL,0.3721117898470835
1991-07-15,AAPL,0.3660183549133021
1991-07-16,AAPL,0.34878427580953075
1991-07-17,AAPL,0.33438630079590204
1991-07-18,AAPL,0.35057116915151204
1991-07-19,AAPL,0.3694025646313228
1991-07-22,AAPL,0.3657842390352823
1991-07-23,AAPL,0.3588661944991055
1991-07-24,AAPL,0.34775703921310264
1991-07-25,AAPL,0.3343629835813411
1991-07-26,AAPL,0.3265325113757768
1991-07-29,AAPL,0.329319463231943
1991-07-30,AAPL,0.325596774660572
1991-07-31,AAPL,0.32835648995753364
1991-08-01,AAPL,0.35369914437232014
1991-08-02,AAPL,0.366791367513312
1991-08-05,AAPL,0.37248945221342017
1991-08-06,AAPL,0.3893229673035329
1991-08-07,AAPL,0.37943899107755896
1991-08-08,AAPL,0.3861299163819384
1991-08-09,AAPL,0.38810584879419463
1991-08-12,AAPL,0.40555118142891244
1991-08-13,AAPL,0.4228850740042883
1991-08-14,AAPL,0.4298337911350906
1991-08-15,AAPL,0.42296417188746555
1991-08-16,AAPL,0.41892721642988356
1991-08-19,AAPL,0.39663603133480413
1991-08-20,AAPL,0.40180556251853455
1991-08-21,AAPL,0.4010388365065938
1991-08-22,AAPL,0.39623836834322035
1991-08-23,AAPL,0.4050988578169561
1991-08-26,AAPL,0.386407763402092
1991-08-27,AAPL,0.3871024524247403
1991-08-28,AAPL,0.3945633277329321
1991-08-29,AAPL,0.3820730290789247
1991-08-30,AAPL,0.36802984876198
1991-09-03,AAPL,0.3477751681949619
1991-09-04,AAPL,0.33213020829515033
1991-09-05,AAPL,0.33966609860075603
1991-09-06,AAPL,0.34199184602055754
1991-09-09,AAPL,0.377445765089893
1991-09-10,AAPL,0.35273401214056427
1991-09-11,AAPL,0.31891173799739303
1991-09-12,AAPL,0.3075770338907579
1991-09-13,AAPL,0.3124419453643012
1991-09-16,AAPL,0.3108838622848654
1991-09-17,AAPL,0.30433071810362977
1991-09-18,AAPL,0.3159238217480305
1991-09-19,AAPL,0.3150663589197193
1991-09-20,AAPL,0.31288162289363564
1991-09-23,AAPL,0.3121990115447623
1991-09-24,AAPL,0.3177493591369461
1991-09-25,AAPL,0.3231614795575763
1991-09-26,AAPL,0.31822767908066363
1991-09-27,AAPL,0.2987870264578963
1991-09-30,AAPL,0.31242424000565416
1991-10-01,AAPL,0.3244949918852946
1991-10-02,AAPL,0.3219006302625448
1991-10-03,AAPL,0.32982534497642313
1991-10-04,AAPL,0.3336407926416188
1991-10-07,AAPL,0.3145045309187795
1991-10-08,AAPL,0.31566947911112
1991-10-09,AAPL,0.3134655274648838
1991-10-10,AAPL,0.294668214078915
1991-10-11,AAPL,0.312175826017192
1991-10-14,AAPL,0.31922085042320164
1991-10-15,AAPL,0.33924981870072524
1991-10-16,AAPL,0.3442037912438364
1991-10-17,AAPL,0.34204772079178775
1991-10-18,AAPL,0.3524655861026262
1991-10-21,AAPL,0.34591474941875655
1991-10-22,AAPL,0.3640550358754062
1991-10-23,AAPL,0.3764456365880188
1991-10-24,AAPL,0.3608324213913782
1991-10-25,AAPL,0.36358623995304673
1991-10-28,AAPL,0.3634865711795495
1991-10-29,AAPL,0.37083853652093307
1991-10-30,AAPL,0.36325189010006553
1991-10-31,AAPL,0.36118179336733386
1991-11-01,AAPL,0.3557198720552095
1991-11-04,AAPL,0.3314072490549474
1991-11-05,AAPL,0.31872885395294054
1991-11-06,AAPL,0.31470724564541763
1991-11-07,AAPL,0.3040326659630725
1991-11-08,AAPL,0.32481395218534664
1991-11-11,AAPL,0.32497969402549925
1991-11-12,AAPL,0.3303723442799564
1991-11-13,AAPL,0.3289871902004079
1991-11-14,AAPL,0.3484148906377159
1991-11-15,AAPL,0.3377220186703379
1991-11-18,AAPL,0.33113425402013047
1991-11-19,AAPL,0.34379627294330234
1991-11-20,AAPL,0.32820346528550526
1991-11-21,AAPL,0.3363780644645131
1991-11-22,AAPL,0.34046590824141365
1991-11-25,AAPL,0.3532845958831479
1991-11-26,AAPL,0.3587667204018148
1991-11-27,AAPL,0.34602578398341927
1991-11-29,AAPL,0.31574803992856626
1991-12-02,AAPL,0.310769846264948
1991-12-03,AAPL,0.3077462810558332
1991-12-04,AAPL,0.3079786675399605
1991-12-05,AAPL,0.2996800525109357
1991-12-06,AAPL,0.3264475051941348
1991-12-09,AAPL,0.2930511207631459
1991-12-10,AAPL,0.29777672063715654
1991-12-11,AAPL,0.3032231139500645
1991-12-12,AAPL,0.29722630844396364
1991-12-13,AAPL,0.3028983254293314
1991-12-16,AAPL,0.31604016709502625
1991-12-17,AAPL,0.30694125803513206
1991-12-18,AAPL,0.33206405612678275
1991-12-19,AAPL,0.3255044804216589
1991-12-20,AAPL,0.30506338365929253
1991-12-23,AAPL,0.33259019858152117
1991-12-24,AAPL,0.34294721018129226
1991-12-26,AAPL,0.36344746892633645
1991-12-27,AAPL,0.3897429124137851
1991-12-30,AAPL,0.3903887585107342
1991-12-31,AAPL,0.3896102445836903
1992-01-02,AAPL,0.16238727402292216
1992-01-03,AAPL,0.294055668242999
1992-01-06,AAPL,0.2517067652449018
1992-01-07,AAPL,0.31784236918832837
1992-01-08,AAPL,0.33734933606231593
1992-01-09,AAPL,0.24111660410852162
1992-01-10,AAPL,0.4825094246681905
1992-01-13,AAPL,0.5635033454152754
1992-01-14,AAPL,0.388981082995532
1992-01-15,AAPL,0.6904208198081425
1992-01-16,AAPL,0.5157808288296827
1992-01-17,AAPL,0.5568086712786027
1992-01-20,AAPL,0.6012582444656438
1992-01-21,AAPL,0.5407563313299264
1992-01-22,AAPL,0.4446504957690379
1992-01-23,AAPL,0.5465081001367956
1992-01-24,AAPL,0.6019500487677486
1992-01-27,AAPL,0.6566880985826462
1992-01-28,AAPL,0.6381097480242439
1992-01-29,AAPL,0.6302926002687536
1992-01-30,AAPL,0.581234364648364
1992-01-31,AAPL,0.5872017404075442
1992-02-03,AAPL,0.705867405398155
1992-02-04,AAPL,0.7171686576895108
1992-02-05,AAPL,0.7185254700337036
1992-02-06,AAPL,0.650502021370836
1992-02-07,AAPL,0.6515981561046897
1992-02-10,AAPL,0.5744832472679796
1992-02-11,AAPL,0.6041517789561309
1992-02-12,AAPL,0.6134146538157571
1992-02-13,AAPL,0.6115578713201882
1992-02-14,AAPL,0.5973919427049114
1992-02-18,AAPL,0.4832417265348264
1992-02-19,AAPL,0.401823395487143
1992-02-20,AAPL,0.5899226389760794
1992-02-21,AAPL,0.5919749678221248
1992-02-24,AAPL,0.6930826162010609
1992-02-25,AAPL,0.4647070579204847
1992-02-26,AAPL,0.4150591113791502
1992-02-27,AAPL,0.4806484600603769
1992-02-28,AAPL,0.5283398540411238
1992-03-02,AAPL,0.5895573399975291
1992-03-03,AAPL,0.5301123628141168
1992-03-04,AAPL,0.5416470914039376
1992-03-05,AAPL,0.4346061531164653
1992-03-06,AAPL,0.5715906391168222
1992-03-09,AAPL,0.47383493035428337
1992-03-10,AAPL,0.43488346019264823
1992-03-11,AAPL,0.38927662098562693
1992-03-12,AAPL,0.40700094594228936
1992-03-13,AAPL,0.3453368014106577
1992-03-16,AAPL,0.10813708319990772
1992-03-17,AAPL,0.18958068130237482
1992-03-18,AAPL,0.10527373173695588
1992-03-19,AAPL,0.04549950144107289
1992-03-20,AAPL,0.05171199695988996
1992-03-23,AAPL,0.03719033245723724
1992-03-24,AAPL,0.11778255580364268
1992-03-25,AAPL,0.35371879336125644
1992-03-26,AAPL,0.35447842762292975
1992-03-27,AAPL,0.08982529517494739
1992-03-30,AAPL,0.15368992415607227
1992-03-31,AAPL,0.31175784384600463
1992-04-01,AAPL,0.22060838113453576
1992-04-02,AAPL,0.30595400500897163
1992-04-03,AAPL,0.21087938366041759
1992-04-06,AAPL,0.25216399525139577
1992-04-07,AAPL,0.19072950125499205
1992-04-08,AAPL,0.3586293679649624
1992-04-09,AAPL,0.13049833497254057
1992-04-10,AAPL,0.1501926979115205
1992-04-13,AAPL,0.10852706650517685
1992-04-14,AAPL,0.13445595475723587
1992-04-15,AAPL,0.1250229223393782
1992-04-16,AAPL,0.17324186821104964
1992-04-20,AAPL,0.1671938392171986
1992-04-21,AAPL,0.21967696378903814
1992-04-22,AAPL,0.12384698402623238
1992-04-23,AAPL,0.07253794409780395
1992-04-24,AAPL,0.0717780936706065
1992-04-27,AAPL,0.059254365953551755
1992-04-28,AAPL,0.1543140071209313
1992-04-29,AAPL,0.09301573137427413
1992-04-30,AAPL,0.24862238585079355
1992-05-01,AAPL,0.2729376521583087
1992-05-04,AAPL,0.20799835326542712
1992-05-05,AAPL,0.1487325797291519
1992-05-06,AAPL,0.238475424416622
1992-05-07,AAPL,0.21806546344427324
1992-05-08,AAPL,0.2397815259509134
1992-05-11,AAPL,0.1792579393248113
1992-05-12,AAPL,0.32514552562030946
1992-05-13,AAPL,0.22758290311857515
1992-05-14,AAPL,0.35823272508441734
1992-05-15,AAPL,0.3066734719800881
1992-05-18,AAPL,0.2803200319090362
1992-05-19,AAPL,0.32139601387668076
1992-05-20,AAPL,0.3870426348709643
1992-05-21,AAPL,0.3188021886625652
1992-05-22,AAPL,0.23995354217754603
1992-05-26,AAPL,0.23634834088621895
1992-05-27,AAPL,0.13576337627120902
1992-05-28,AAPL,0.2093042988029368
1992-05-29,AAPL,0.2659109811238068
1992-06-01,AAPL,0.2133540603259601
1992-06-02,AAPL,0.15580107490821532
1992-06-03,AAPL,0.1517008484307045
1992-06-04,AAPL,0.16706949514631456
1992-06-05,AAPL,0.18763209593155022
1992-06-08,AAPL,0.21194142786502732
1992-06-09,AAPL,0.1717675360654258
1992-06-10,AAPL,0.18961906734877942
1992-06-11,AAPL,0.07479924503999023
1992-06-12,AAPL,0.09816668988777556
1992-06-15,AAPL,0.2127543586131062
1992-06-16,AAPL,0.30862372104298974
1992-06-17,AAPL,0.4609227094344187
1992-06-18,AAPL,0.32994653414978103
1992-06-19,AAPL,0.721622300920016
1992-06-22,AAPL,0.4383590490948073
1992-06-23,AAPL,0.3711731543896923
1992-06-24,AAPL,0.27860258546836203
1992-06-25,AAPL,0.2954771175993156
1992-06-26,AAPL,0.2808010657112906
1992-06-29,AAPL,0.11476509894346222
1992-06-30,AAPL,0.22997212770070982
1992-07-01,AAPL,0.1770254643987026
1992-07-02,AAPL,0.14934253938359984
1992-07-06,AAPL,0.07514123221711973
1992-07-07,AAPL,0.11375237486013096
1992-07-08,AAPL,0.081147217877168
1992-07-09,AAPL,0.21114601088576418
1992-07-10,AAPL,0.1694738880888917
1992-07-13,AAPL,0.16843619530348405
1992-07-14,AAPL,0.18273312345240375
1992-07-15,AAPL,0.3641895940370237
1992-07-16,AAPL,0.4474541246740473
1992-07-17,AAPL,0.109496946908723
1992-07-20,AAPL,0.29176608334466037
1992-07-21,AAPL,0.26431973241660817
1992-07-22,AAPL,0.2583557388105259
1992-07-23,AAPL,0.28495925129676386
1992-07-24,AAPL,0.3032065266294406
1992-07-27,AAPL,0.37941830437188334
1992-07-28,AAPL,0.2474932337630766
1992-07-29,AAPL,0.24696323771833423
1992-07-30,AAPL,0.24376578537350307
1992-07-31,AAPL,0.44796535425489115
1992-08-03,AAPL,0.3472390616976698
1992-08-04,AAPL,0.5667364219979945
1992-08-05,AAPL,0.44057226940566635
1992-08-06,AAPL,0.43841178205701004
1992-08-07,AAPL,0.3935000306923731
1992-08-10,AAPL,0.3215268920352535
1992-08-11,AAPL,0.3772798186798959
1992-08-12,AAPL,0.39531436458574215
1992-08-13,AAPL,0.2669661738101422
1992-08-14,AAPL,0.5400568876304056
1992-08-17,AAPL,0.7144007557738379
1992-08-18,AAPL,0.6887927960752143
1992-08-19,AAPL,0.6576893897893027
1992-08-20,AAPL,0.8045089502745164
1992-08-21,AAPL,0.8810134335097369
1992-08-24,AAPL,0.6663558165798101
1992-08-25,AAPL,0.7485869996946809
1992-08-26,AAPL,0.6928254573616431
1992-08-27,AAPL,0.27888837408470263
1992-08-28,AAPL,0.30099505718535796
1992-08-31,AAPL,0.42576495001700876
1992-09-01,AAPL,0.3803913672931627
1992-09-02,AAPL,0.47485210296095376
1992-09-03,AAPL,0.3473087296735928
1992-09-04,AAPL,0.5115735066369079
1992-09-08,AAPL,0.5217510396234704
1992-09-09,AAPL,0.5591512293210716
1992-09-10,AAPL,0.5737558296331146
1992-09-11,AAPL,0.5670203907683626
1992-09-14,AAPL,0.39620721722525637
1992-09-15,AAPL,0.5569081062162301
1992-09-16,AAPL,0.5232805821356425
1992-09-17,AAPL,0.4715828777020175
1992-09-18,AAPL,0.5340465908580617
1992-09-21,AAPL,0.4968856207463218
1992-09-22,AAPL,0.4743765636537163
1992-09-23,AAPL,0.5251369549975322
1992-09-24,AAPL,0.4909503795832064
1992-09-25,AAPL,0.4627117393877076
1992-09-28,AAPL,0.4065194620289454
1992-09-29,AAPL,0.4175993749381961
1992-09-30,AAPL,0.35664006961899036
1992-10-01,AAPL,0.38004955389825373
1992-10-02,AAPL,0.33442565806320246
1992-10-05,AAPL,0.46346168200802496
1992-10-06,AAPL,0.38421833727953586
1992-10-07,AAPL,0.3257881574383584
1992-10-08,AAPL,0.5321568065571932
1992-10-09,AAPL,0.35603700415641454
1992-10-12,AAPL,0.3367118647560764
1992-10-13,AAPL,0.3845793417542412
1992-10-14,AAPL,0.589556192804646
1992-10-15,AAPL,0.48906484841410985
1992-10-16,AAPL,0.6109973853262956
1992-10-19,AAPL,0.5606791669802451
1992-10-20,AAPL,0.6496770117630579
1992-10-21,AAPL,0.5557491884302241
1992-10-22,AAPL,0.4492937440443683
1992-10-23,AAPL,0.45790481567509284
1992-10-26,AAPL,0.39400184204628286
1992-10-27,AAPL,0.39863403706311756
1992-10-28,AAPL,0.36628629660751155
1992-10-29,AAPL,0.38722832877787594
1992-10-30,AAPL,0.7083165637325376
1992-11-02,AAPL,0.5695274175046395
1992-11-03,AAPL,0.5709793023960208
1992-11-04,AAPL,0.5323826701229403
1992-11-05,AAPL,0.2038134209486049
1992-11-06,AAPL,0.1803494493226537
1992-11-09,AAPL,0.23195703162872983
1992-11-10,AAPL,0.1673661109084936
1992-11-11,AAPL,0.17890853309334181
1992-11-12,AAPL,0.18728550011736544
1992-11-13,AAPL,0.2604741033874184
1992-11-16,AAPL,0.29887356908413965
1992-11-17,AAPL,0.2777501602167819
1992-11-18,AAPL,0.3318718002711778
1992-11-19,AAPL,0.28684193489905896
1992-11-20,AAPL,0.22384561545070517
1992-11-23,AAPL,0.21846716319801388
1992-11-24,AAPL,0.2391382226703688
1992-11-25,AAPL,0.36381225968113506
1992-11-27,AAPL,0.47790157388779514
1992-11-30,AAPL,0.31813160080846226
1992-12-01,AAPL,0.28552041367936576
1992-12-02,AAPL,0.33441832124143667
1992-12-03,AAPL,0.42585683640931965
1992-12-04,AAPL,0.47406478451745004
1992-12-07,AAPL,0.5896509314863204
1992-12-08,AAPL,0.4845239504597018
1992-12-09,AAPL,0.5067569338037847
1992-12-10,AAPL,0.5118658096450276
1992-12-11,AAPL,0.5088470734416215
1992-12-14,AAPL,0.46264969524557653
1992-12-15,AAPL,0.2964353603483964
1992-12-16,AAPL,0.41997561673507233
1992-12-17,AAPL,0.6493384230810824
1992-12-18,AAPL,0.7115864044952245
1992-12-21,AAPL,0.5653595124106485
1992-12-22,AAPL,0.4047201160095448
1992-12-23,AAPL,0.3911996223769449
1992-12-24,AAPL,0.38984826508867737
1992-12-28,AAPL,0.4443998015085601
1992-12-29,AAPL,0.4926679292809892
1992-12-30,AAPL,0.42528802288003587
1992-12-31,AAPL,0.5121357399466733
1993-01-04,AAPL,0.5468111634254456
1993-01-05,AAPL,0.5898477435112
1993-01-06,AAPL,0.2924308776855469
1993-01-07,AAPL,0.43360668420791626
1993-01-08,AAPL,0.26995033025741577
1993-01-11,AAPL,0.24712859094142914
1993-01-12,AAPL,0.32570624351501465
1993-01-13,AAPL,0.25653401017189026
1993-01-14,AAPL,0.21750347316265106
1993-01-15,AAPL,0.22002531588077545
1993-01-18,AAPL,0.2733002305030823
1993-01-19,AAPL,0.24604681134223938
1993-01-20,AAPL,0.3442889153957367
1993-01-21,AAPL,0.308958500623703
1993-01-22,AAPL,0.31075921654701233
1993-01-25,AAPL,0.2563599944114685
1993-01-26,AAPL,0.2962670922279358
1993-01-27,AAPL,0.36760449409484863
1993-01-28,AAPL,0.30430543422698975
1993-01-29,AAPL,0.323182076215744
1993-02-01,AAPL,0.3109149932861328
1993-02-02,AAPL,0.32383325695991516
1993-02-03,AAPL,0.315559983253479
1993-02-04,AAPL,0.380247563123703
1993-02-05,AAPL,0.22232051193714142
1993-02-08,AAPL,0.23766371607780457
1993-02-09,AAPL,0.2027297466993332
1993-02-10,AAPL,0.180270254611969
1993-02-11,AAPL,0.08933316916227341
1993-02-12,AAPL,0.16428311169147491
1993-02-16,AAPL,0.17495018243789673
1993-02-17,AAPL,0.06387075781822205
1993-02-18,AAPL,0.1752682477235794
1993-02-19,AAPL,0.20504030585289001
1993-02-22,AAPL,0.060077816247940063
1993-02-23,AAPL,0.11150297522544861
1993-02-24,AAPL,0.09744123369455338
1993-02-25,AAPL,0.20265525579452515
1993-02-26,AAPL,0.3074803948402405
1993-03-01,AAPL,0.1483563929796219
1993-03-02,AAPL,0.1959165632724762
1993-03-03,AAPL,0.22460435330867767
1993-03-04,AAPL,0.2331230342388153
1993-03-05,AAPL,0.2455405741930008
1993-03-08,AAPL,0.423736572265625
1993-03-09,AAPL,0.3398928940296173
1993-03-10,AAPL,0.37182027101516724
1993-03-11,AAPL,0.2315392792224884
1993-03-12,AAPL,0.3313220739364624
1993-03-15,AAPL,0.24486654996871948
1993-03-16,AAPL,0.20082277059555054
1993-03-17,AAPL,0.482937216758728
1993-03-18,AAPL,0.36216163635253906
1993-03-19,AAPL,0.5276514887809753
1993-03-22,AAPL,0.38939958810806274
1993-03-23,AAPL,0.40687480568885803
1993-03-24,AAPL,0.4131087064743042
1993-03-25,AAPL,0.4988821744918823
1993-03-26,AAPL,0.5185185670852661
1993-03-29,AAPL,0.0824914500117302
1993-03-30,AAPL,0.2289201021194458
1993-03-31,AAPL,0.20150867104530334
1993-04-01,AAPL,0.1829734891653061
1993-04-02,AAPL,0.12238630652427673
1993-04-05,AAPL,0.08106346428394318
1993-04-06,AAPL,0.12332450598478317
1993-04-07,AAPL,0.19595447182655334
1993-04-08,AAPL,0.2901688814163208
1993-04-12,AAPL,0.1869155913591385
1993-04-13,AAPL,0.3381049335002899
1993-04-14,AAPL,0.34224626421928406
1993-04-15,AAPL,0.11236955225467682
1993-04-16,AAPL,0.4465416967868805
1993-04-19,AAPL,0.3280421793460846
1993-04-20,AAPL,0.26591163873672485
1993-04-21,AAPL,0.3093508183956146
1993-04-22,AAPL,0.36065560579299927
1993-04-23,AAPL,0.319853276014328
1993-04-26,AAPL,0.3807264268398285
1993-04-27,AAPL,0.32509613037109375
1993-04-28,AAPL,0.23868238925933838
1993-04-29,AAPL,0.31671732664108276
1993-04-30,AAPL,0.3347094655036926
1993-05-03,AAPL,0.32308605313301086
1993-05-04,AAPL,0.15736190974712372
1993-05-05,AAPL,0.2302403748035431
1993-05-06,AAPL,0.20615965127944946
1993-05-07,AAPL,0.14437030255794525
1993-05-10,AAPL,0.16205090284347534
1993-05-11,AAPL,0.2757127285003662
1993-05-12,AAPL,0.24816957116127014
1993-05-13,AAPL,0.23519030213356018
1993-05-14,AAPL,0.3380834758281708
1993-05-17,AAPL,0.3140762150287628
1993-05-18,AAPL,0.3645992577075958
1993-05-19,AAPL,0.2630372941493988
1993-05-20,AAPL,0.20386488735675812
1993-05-21,AAPL,0.17892788350582123
1993-05-24,AAPL,0.1955147236585617
1993-05-25,AAPL,0.1841162145137787
1993-05-26,AAPL,0.1836700141429901
1993-05-27,AAPL,0.2682904601097107
1993-05-28,AAPL,0.19677123427391052
1993-06-01,AAPL,0.22093573212623596
1993-06-02,AAPL,0.2930278480052948
1993-06-03,AAPL,0.39911937713623047
1993-06-04,AAPL,0.3473138213157654
1993-06-07,AAPL,0.2779056131839752
1993-06-08,AAPL,0.19543123245239258
1993-06-09,AAPL,0.0885716900229454
1993-06-10,AAPL,0.1113700419664383
1993-06-11,AAPL,0.15418721735477448
1993-06-14,AAPL,0.09233987331390381
1993-06-15,AAPL,0.37974685430526733
1993-06-16,AAPL,0.254184752702713
1993-06-17,AAPL,0.24000899493694305
1993-06-18,AAPL,0.4398658573627472
1993-06-21,AAPL,0.7095879316329956
1993-06-22,AAPL,0.2562176585197449
1993-06-23,AAPL,0.20301885902881622
1993-06-24,AAPL,0.17269068956375122
1993-06-25,AAPL,0.3087579607963562
1993-06-28,AAPL,0.23577265441417694
1993-06-29,AAPL,0.1932774931192398
1993-06-30,AAPL,0.200639009475708
1993-07-01,AAPL,0.23620310425758362
1993-07-02,AAPL,0.190047949552536
1993-07-06,AAPL,0.1857648640871048
1993-07-07,AAPL,0.258163720369339
1993-07-08,AAPL,0.3921719789505005
1993-07-09,AAPL,0.4563569724559784
1993-07-12,AAPL,0.27290329337120056
1993-07-13,AAPL,0.25853365659713745
1993-07-14,AAPL,0.45471706986427307
1993-07-15,AAPL,0.31241437792778015
1993-07-16,AAPL,0.7419509887695312
1993-07-19,AAPL,0.728234052658081
1993-07-20,AAPL,0.5667371153831482
1993-07-21,AAPL,0.7610442042350769
1993-07-22,AAPL,0.4320305585861206
1993-07-23,AAPL,0.41298338770866394
1993-07-26,AAPL,0.24060864746570587
1993-07-27,AAPL,0.2297752946615219
1993-07-28,AAPL,0.21964886784553528
1993-07-29,AAPL,0.21964886784553528
1993-07-30,AAPL,0.191899374127388
1993-08-02,AAPL,0.0802258774638176
1993-08-03,AAPL,0.11845279484987259
1993-08-04,AAPL,0.10274486988782883
1993-08-05,AAPL,0.09740708023309708
1993-08-06,AAPL,0.1614447832107544
1993-08-09,AAPL,0.1440337747335434
1993-08-10,AAPL,0.1221311166882515
1993-08-11,AAPL,0.14669100940227509
1993-08-12,AAPL,0.3397125005722046
1993-08-13,AAPL,0.6813445687294006
1993-08-16,AAPL,0.7883723378181458
1993-08-17,AAPL,0.7390738129615784
1993-08-18,AAPL,0.7612135410308838
1993-08-19,AAPL,0.8201967477798462
1993-08-20,AAPL,0.6684098243713379
1993-08-23,AAPL,0.7138350009918213
1993-08-24,AAPL,0.7056130766868591
1993-08-25,AAPL,0.6938408017158508
1993-08-26,AAPL,0.6171301603317261
1993-08-27,AAPL,0.6519743204116821
1993-08-30,AAPL,0.7461957931518555
1993-08-31,AAPL,0.7406842112541199
1993-09-01,AAPL,0.8105765581130981
1993-09-02,AAPL,0.8640609383583069
1993-09-03,AAPL,0.8607569336891174
1993-09-07,AAPL,0.8408031463623047
1993-09-08,AAPL,0.8831106424331665
1993-09-09,AAPL,0.8649030327796936
1993-09-10,AAPL,0.8817252516746521
1993-09-13,AAPL,0.8222556114196777
1993-09-14,AAPL,0.7027449011802673
1993-09-15,AAPL,0.8163773417472839
1993-09-16,AAPL,0.8050665855407715
1993-09-17,AAPL,0.8170971870422363
1993-09-20,AAPL,0.7402954697608948
1993-09-21,AAPL,0.735048234462738
1993-09-22,AAPL,0.7896602153778076
1993-09-23,AAPL,0.7799440026283264
1993-09-24,AAPL,0.7718762159347534
1993-09-27,AAPL,0.8445572257041931
1993-09-28,AAPL,0.8020119071006775
1993-09-29,AAPL,0.6715803146362305
1993-09-30,AAPL,0.6589683890342712
1993-10-01,AAPL,0.7507129907608032
1993-10-04,AAPL,0.7152850031852722
1993-10-05,AAPL,0.6713217496871948
1993-10-06,AAPL,0.7259437441825867
1993-10-07,AAPL,0.7579785585403442
1993-10-08,AAPL,0.7442687153816223
1993-10-11,AAPL,0.7984581589698792
1993-10-12,AAPL,0.8565680384635925
1993-10-13,AAPL,0.8890054225921631
1993-10-14,AAPL,0.7798395752906799
1993-10-15,AAPL,0.29092124104499817
1993-10-18,AAPL,0.36153918504714966
1993-10-19,AAPL,0.5278676748275757
1993-10-20,AAPL,0.4268370568752289
1993-10-21,AAPL,0.3428804576396942
1993-10-22,AAPL,0.3721083700656891
1993-10-25,AAPL,0.4081555902957916
1993-10-26,AAPL,0.40955495834350586
1993-10-27,AAPL,0.22923661768436432
1993-10-28,AAPL,0.30300018191337585
1993-10-29,AAPL,0.26853877305984497
1993-11-01,AAPL,0.28111913800239563
1993-11-02,AAPL,0.1995922178030014
1993-11-03,AAPL,0.30341288447380066
1993-11-04,AAPL,0.2601756453514099
1993-11-05,AAPL,0.2511574327945709
1993-11-08,AAPL,0.2385590672492981
1993-11-09,AAPL,0.1710900515317917
1993-11-10,AAPL,0.19603228569030762
1993-11-11,AAPL,0.2117883563041687
1993-11-12,AAPL,0.22795215249061584
1993-11-15,AAPL,0.25817346572875977
1993-11-16,AAPL,0.1678701490163803
1993-11-17,AAPL,0.21860802173614502
1993-11-18,AAPL,0.2931244373321533
1993-11-19,AAPL,0.28326916694641113
1993-11-22,AAPL,0.3243556022644043
1993-11-23,AAPL,0.22375915944576263
1993-11-24,AAPL,0.5151627063751221
1993-11-26,AAPL,0.47610336542129517
1993-11-29,AAPL,0.5025681257247925
1993-11-30,AAPL,0.5610796213150024
1993-12-01,AAPL,0.437186598777771
1993-12-02,AAPL,0.5129634737968445
1993-12-03,AAPL,0.4715278148651123
1993-12-06,AAPL,0.5424718856811523
1993-12-07,AAPL,0.50653076171875
1993-12-08,AAPL,0.5114046335220337
1993-12-09,AAPL,0.2904833257198334
1993-12-10,AAPL,0.33911940455436707
1993-12-13,AAPL,0.25523778796195984
1993-12-14,AAPL,0.41541656851768494
1993-12-15,AAPL,0.545864999294281
1993-12-16,AAPL,0.5173176527023315
1993-12-17,AAPL,0.5557761192321777
1993-12-20,AAPL,0.38767629861831665
1993-12-21,AAPL,0.1733819544315338
1993-12-22,AAPL,0.21507352590560913
1993-12-23,AAPL,0.15840597450733185
1993-12-27,AAPL,0.25818318128585815
1993-12-28,AAPL,0.32247963547706604
1993-12-29,AAPL,0.315592497587204
1993-12-30,AAPL,0.19081994891166687
1993-12-31,AAPL,0.333440363407135
1994-01-03,AAPL,0.32775682889820257
1994-01-04,AAPL,0.34426843424940623
1994-01-05,AAPL,0.3565358637017468
1994-01-06,AAPL,0.3544098083477994
1994-01-07,AAPL,0.3469080790709457
1994-01-10,AAPL,0.36828789788064553
1994-01-11,AAPL,0.3798789381530483
1994-01-12,AAPL,0.3717510161547178
1994-01-13,AAPL,0.3786584940471102
1994-01-14,AAPL,0.35913631664315
1994-01-17,AAPL,0.35278354937043743
1994-01-18,AAPL,0.361586357089578
1994-01-19,AAPL,0.3484806772724034
1994-01-20,AAPL,0.35227996763987646
1994-01-21,AAPL,0.38916182958709217
1994-01-24,AAPL,0.3798502660593382
1994-01-25,AAPL,0.3438128498430556
1994-01-26,AAPL,0.33575044687605005
1994-01-27,AAPL,0.3345694503845489
1994-01-28,AAPL,0.34662221201588356
1994-01-31,AAPL,0.3588691497636739
1994-02-01,AAPL,0.3597765649174772
1994-02-02,AAPL,0.3526916134228129
1994-02-03,AAPL,0.3567102862167754
1994-02-04,AAPL,0.38352097864937335
1994-02-07,AAPL,0.4141990156469048
1994-02-08,AAPL,0.40370315633079173
1994-02-09,AAPL,0.3970210816286276
1994-02-10,AAPL,0.38566517316281834
1994-02-11,AAPL,0.36915586591783023
1994-02-14,AAPL,0.39700714130166853
1994-02-15,AAPL,0.4027581233080686
1994-02-16,AAPL,0.39171299258871933
1994-02-17,AAPL,0.39654339812999134
1994-02-18,AAPL,0.40394482863472336
1994-02-22,AAPL,0.4119156584130338
1994-02-23,AAPL,0.42101831355990826
1994-02-24,AAPL,0.40159008235157656
1994-02-25,AAPL,0.39066068741924004
1994-02-28,AAPL,0.3478041695097226
1994-03-01,AAPL,0.36701481576245365
1994-03-02,AAPL,0.3477650614596943
1994-03-03,AAPL,0.33450046963022045
1994-03-04,AAPL,0.3396928719218426
1994-03-07,AAPL,0.35742603253267347
1994-03-08,AAPL,0.3390506647086973
1994-03-09,AAPL,0.34779573595736407
1994-03-10,AAPL,0.33375436635813116
1994-03-11,AAPL,0.3444556624215411
1994-03-14,AAPL,0.3548573400155601
1994-03-15,AAPL,0.3341846386607588
1994-03-16,AAPL,0.3274478258656429
1994-03-17,AAPL,0.33106118329938516
1994-03-18,AAPL,0.3264048564983839
1994-03-21,AAPL,0.3266646031928104
1994-03-22,AAPL,0.32208316580426694
1994-03-23,AAPL,0.31749286807876204
1994-03-24,AAPL,0.2949972743269685
1994-03-25,AAPL,0.2717782261671861
1994-03-28,AAPL,0.27566737238884953
1994-03-29,AAPL,0.260716342131577
1994-03-30,AAPL,0.25726908483971517
1994-03-31,AAPL,0.2661681432661868
1994-04-04,AAPL,0.24388472995902533
1994-04-05,AAPL,0.24548072721950745
1994-04-06,AAPL,0.2508695632389168
1994-04-07,AAPL,0.2489182590722627
1994-04-08,AAPL,0.25636500285709435
1994-04-11,AAPL,0.25662105609392766
1994-04-12,AAPL,0.25569827562188385
1994-04-13,AAPL,0.251943803077697
1994-04-14,AAPL,0.25291598368573925
1994-04-15,AAPL,0.26279195781280124
1994-04-18,AAPL,0.2472223658223391
1994-04-19,AAPL,0.24267197610617522
1994-04-20,AAPL,0.2468283996639598
1994-04-21,AAPL,0.2561290222063923
1994-04-22,AAPL,0.26861410695684007
1994-04-25,AAPL,0.26791362880169184
1994-04-26,AAPL,0.26023490440492364
1994-04-28,AAPL,0.2546582857459624
1994-04-29,AAPL,0.25450379134591905
1994-05-02,AAPL,0.25939344718956137
1994-05-03,AAPL,0.27378134192082276
1994-05-04,AAPL,0.2947110577832889
1994-05-05,AAPL,0.2947788039075879
1994-05-06,AAPL,0.30476121097540476
1994-05-09,AAPL,0.3062297497691239
1994-05-10,AAPL,0.3109119437857656
1994-05-11,AAPL,0.32556728311389144
1994-05-12,AAPL,0.3045544607952136
1994-05-13,AAPL,0.3014651419051942
1994-05-16,AAPL,0.2919007509476404
1994-05-17,AAPL,0.2885304171823007
1994-05-18,AAPL,0.3111609393590052
1994-05-19,AAPL,0.33186399327413063
1994-05-20,AAPL,0.31202299469297395
1994-05-23,AAPL,0.3118310326675487
1994-05-24,AAPL,0.2802498812753372
1994-05-25,AAPL,0.2897876837457576
1994-05-26,AAPL,0.29411196679069956
1994-05-27,AAPL,0.3008009379176985
1994-05-31,AAPL,0.3030865364913169
1994-06-01,AAPL,0.3118886354728704
1994-06-02,AAPL,0.3125288690542953
1994-06-03,AAPL,0.3085794836700315
1994-06-06,AAPL,0.297255505703547
1994-06-07,AAPL,0.2978548919964971
1994-06-08,AAPL,0.28246261246186133
1994-06-09,AAPL,0.26547688817101917
1994-06-10,AAPL,0.26590300411285034
1994-06-13,AAPL,0.2693702144176472
1994-06-14,AAPL,0.27021068900399814
1994-06-15,AAPL,0.2646906428304844
1994-06-16,AAPL,0.27072172448155307
1994-06-17,AAPL,0.2698043769881558
1994-06-20,AAPL,0.28275584712659735
1994-06-21,AAPL,0.292483723572303
1994-06-22,AAPL,0.2917906828041315
1994-06-23,AAPL,0.2862084392578791
1994-06-24,AAPL,0.29229976708431255
1994-06-27,AAPL,0.2999860368545017
1994-06-28,AAPL,0.31387980653822095
1994-06-29,AAPL,0.30484393093655116
1994-06-30,AAPL,0.30278560986990405
1994-07-01,AAPL,0.2995615367753775
1994-07-05,AAPL,0.302581516422913
1994-07-06,AAPL,0.2927016199422023
1994-07-07,AAPL,0.3187253888345869
1994-07-08,AAPL,0.3199253800579073
1994-07-11,AAPL,0.30755478724934643
1994-07-12,AAPL,0.34574137141700445
1994-07-13,AAPL,0.3645567532621509
1994-07-14,AAPL,0.35935170161581087
1994-07-15,AAPL,0.35061864974677437
1994-07-18,AAPL,0.3411944111290467
1994-07-19,AAPL,0.3398936669448613
1994-07-20,AAPL,0.34870763100062147
1994-07-21,AAPL,0.3530599318347898
1994-07-22,AAPL,0.4025946224561201
1994-07-25,AAPL,0.39021131978775103
1994-07-26,AAPL,0.38531861835841685
1994-07-27,AAPL,0.3746401919747999
1994-07-28,AAPL,0.3834767227881916
1994-07-29,AAPL,0.4128126156478944
1994-08-01,AAPL,0.40010166810347236
1994-08-02,AAPL,0.38020523748316387
1994-08-03,AAPL,0.3859783729679619
1994-08-04,AAPL,0.3994310542139198
1994-08-05,AAPL,0.4135471741955463
1994-08-08,AAPL,0.4295522542483583
1994-08-09,AAPL,0.4372352213037609
1994-08-10,AAPL,0.43835212660271844
1994-08-11,AAPL,0.4239412780119755
1994-08-12,AAPL,0.4206314239769381
1994-08-15,AAPL,0.4232211462112593
1994-08-16,AAPL,0.4305451373564082
1994-08-17,AAPL,0.4384356164380702
1994-08-18,AAPL,0.39633005980303193
1994-08-19,AAPL,0.3996583016441343
1994-08-22,AAPL,0.4297994301772765
1994-08-23,AAPL,0.42557343362300853
1994-08-24,AAPL,0.4191658590436242
1994-08-25,AAPL,0.42322267095857846
1994-08-26,AAPL,0.41794356225927554
1994-08-29,AAPL,0.40613236015761667
1994-08-30,AAPL,0.4032401663487459
1994-08-31,AAPL,0.4225520323166736
1994-09-01,AAPL,0.36608590425473875
1994-09-02,AAPL,0.36804644273679965
1994-09-06,AAPL,0.3651898811119836
1994-09-07,AAPL,0.3767363716516846
1994-09-08,AAPL,0.38218025902914693
1994-09-09,AAPL,0.36431611353815063
1994-09-12,AAPL,0.36027488590792933
1994-09-13,AAPL,0.3572882813273983
1994-09-14,AAPL,0.348413354331717
1994-09-15,AAPL,0.36249923131586864
1994-09-16,AAPL,0.35821131156803937
1994-09-19,AAPL,0.340734583099798
1994-09-20,AAPL,0.3122483850934503
1994-09-21,AAPL,0.3073180576436423
1994-09-22,AAPL,0.315410240125776
1994-09-23,AAPL,0.30609079362561975
1994-09-26,AAPL,0.2982723171187308
1994-09-27,AAPL,0.2785362286187025
1994-09-28,AAPL,0.272061989332011
1994-09-29,AAPL,0.28465328252143807
1994-09-30,AAPL,0.28075406339240194
1994-10-03,AAPL,0.2748285371464397
1994-10-04,AAPL,0.29188263931804515
1994-10-05,AAPL,0.35029811559030244
1994-10-06,AAPL,0.3289234934791703
1994-10-07,AAPL,0.3293023776521178
1994-10-10,AAPL,0.3534768222856815
1994-10-11,AAPL,0.3765662126777937
1994-10-12,AAPL,0.38590131928134486
1994-10-13,AAPL,0.37252539405019724
1994-10-14,AAPL,0.3580654268491968
1994-10-17,AAPL,0.357658122168435
1994-10-18,AAPL,0.3664111490176867
1994-10-19,AAPL,0.3856333002154091
1994-10-20,AAPL,0.3764452733931173
1994-10-21,AAPL,0.3873189773897337
1994-10-24,AAPL,0.38447623401732056
1994-10-25,AAPL,0.37529615227525215
1994-10-26,AAPL,0.40061501298516894
1994-10-27,AAPL,0.3879183502165698
1994-10-28,AAPL,0.37706714947704045
1994-10-31,AAPL,0.3735443754874296
1994-11-01,AAPL,0.3535542795681101
1994-11-02,AAPL,0.3434270845181211
1994-11-03,AAPL,0.3383932626429653
1994-11-04,AAPL,0.34775313878656966
1994-11-07,AAPL,0.32766903763843097
1994-11-08,AAPL,0.34891147544936985
1994-11-09,AAPL,0.3456028103599469
1994-11-10,AAPL,0.31462825850366216
1994-11-11,AAPL,0.30787736226756973
1994-11-14,AAPL,0.32263205030302605
1994-11-15,AAPL,0.3137345645537219
1994-11-16,AAPL,0.3083850287094366
1994-11-17,AAPL,0.3053914921980982
1994-11-18,AAPL,0.2853049969835147
1994-11-21,AAPL,0.2860611324522642
1994-11-22,AAPL,0.29074663403095025
1994-11-23,AAPL,0.2871795901900904
1994-11-25,AAPL,0.28690518680888716
1994-11-28,AAPL,0.2871777142128917
1994-11-29,AAPL,0.2691124981768629
1994-11-30,AAPL,0.2739353151979677
1994-12-01,AAPL,0.2700123072403131
1994-12-02,AAPL,0.2652202666221797
1994-12-05,AAPL,0.2548076826939631
1994-12-06,AAPL,0.26395904773619955
1994-12-07,AAPL,0.2549727497616563
1994-12-08,AAPL,0.25488350657685316
1994-12-09,AAPL,0.26330768842410196
1994-12-12,AAPL,0.2791596744159179
1994-12-13,AAPL,0.28105355653694886
1994-12-14,AAPL,0.3033551535510847
1994-12-15,AAPL,0.2822561031176793
1994-12-16,AAPL,0.2812030106669561
1994-12-19,AAPL,0.29736303938179864
1994-12-20,AAPL,0.3040971870425806
1994-12-21,AAPL,0.31783615563783585
1994-12-22,AAPL,0.3119542810740882
1994-12-23,AAPL,0.30679942890389333
1994-12-27,AAPL,0.31047243827587384
1994-12-28,AAPL,0.3253294042092014
1994-12-29,AAPL,0.3516778594863852
1994-12-30,AAPL,0.3381810550204107
1995-01-03,AAPL,0.42616111040115356
1995-01-04,AAPL,0.32517263293266296
1995-01-05,AAPL,0.3372839093208313
1995-01-06,AAPL,0.36739999055862427
1995-01-09,AAPL,0.25437623262405396
1995-01-10,AAPL,0.11234764009714127
1995-01-11,AAPL,0.45744967460632324
1995-01-12,AAPL,0.5226893424987793
1995-01-13,AAPL,0.46556758880615234
1995-01-16,AAPL,0.37599295377731323
1995-01-17,AAPL,0.5384369492530823
1995-01-18,AAPL,0.5456662178039551
1995-01-19,AAPL,0.5548197031021118
1995-01-20,AAPL,0.21295271813869476
1995-01-23,AAPL,0.2846275269985199
1995-01-24,AAPL,0.26288339495658875
1995-01-25,AAPL,0.2575508654117584
1995-01-26,AAPL,0.1653338521718979
1995-01-27,AAPL,0.14473120868206024
1995-01-30,AAPL,0.157882422208786
1995-01-31,AAPL,0.10488134622573853
1995-02-01,AAPL,0.11844467371702194
1995-02-02,AAPL,0.26663196086883545
1995-02-03,AAPL,0.15735673904418945
1995-02-06,AAPL,0.16940061748027802
1995-02-07,AAPL,0.11865762621164322
1995-02-08,AAPL,0.22128994762897491
1995-02-09,AAPL,0.3841313123703003
1995-02-10,AAPL,0.2710134983062744
1995-02-13,AAPL,0.3266238272190094
1995-02-14,AAPL,0.30755868554115295
1995-02-15,AAPL,0.295640230178833
1995-02-16,AAPL,0.2962177097797394
1995-02-17,AAPL,0.4182722866535187
1995-02-21,AAPL,0.225144624710083
1995-02-22,AAPL,0.27719587087631226
1995-02-23,AAPL,0.3586193323135376
1995-02-24,AAPL,0.2539191246032715
1995-02-27,AAPL,0.22695112228393555
1995-02-28,AAPL,0.18849974870681763
1995-03-01,AAPL,0.1700180321931839
1995-03-02,AAPL,0.1515052616596222
1995-03-03,AAPL,0.13835543394088745
1995-03-06,AAPL,0.09650500863790512
1995-03-07,AAPL,0.08831789344549179
1995-03-08,AAPL,0.20497362315654755
1995-03-09,AAPL,0.2430284470319748
1995-03-10,AAPL,0.29012179374694824
1995-03-13,AAPL,0.24563108384609222
1995-03-14,AAPL,0.05389222875237465
1995-03-15,AAPL,0.15044985711574554
1995-03-16,AAPL,0.18098022043704987
1995-03-17,AAPL,0.21270751953125
1995-03-20,AAPL,0.08959943056106567
1995-03-21,AAPL,0.12472806870937347
1995-03-22,AAPL,0.14150290191173553
1995-03-23,AAPL,0.09543243795633316
1995-03-24,AAPL,0.16107097268104553
1995-03-27,AAPL,0.18206003308296204
1995-03-28,AAPL,0.19911953806877136
1995-03-29,AAPL,0.2158420979976654
1995-03-30,AAPL,0.1730535328388214
1995-03-31,AAPL,0.21427002549171448
1995-04-03,AAPL,0.219309002161026
1995-04-04,AAPL,0.2133466601371765
1995-04-05,AAPL,0.17537476122379303
1995-04-06,AAPL,0.2024749368429184
1995-04-07,AAPL,0.1460764855146408
1995-04-10,AAPL,0.22192293405532837
1995-04-11,AAPL,0.14950712025165558
1995-04-12,AAPL,0.14616604149341583
1995-04-13,AAPL,0.22284573316574097
1995-04-17,AAPL,0.1944630891084671
1995-04-18,AAPL,0.2503760755062103
1995-04-19,AAPL,0.3535323143005371
1995-04-20,AAPL,0.18800987303256989
1995-04-21,AAPL,0.13840819895267487
1995-04-24,AAPL,0.13873638212680817
1995-04-25,AAPL,0.18600821495056152
1995-04-26,AAPL,0.2557229995727539
1995-04-27,AAPL,0.24688176810741425
1995-04-28,AAPL,0.35460931062698364
1995-05-01,AAPL,0.3477444350719452
1995-05-02,AAPL,0.3716011047363281
1995-05-03,AAPL,0.33221447467803955
1995-05-04,AAPL,0.28763195872306824
1995-05-05,AAPL,0.29889947175979614
1995-05-08,AAPL,0.28019094467163086
1995-05-09,AAPL,0.29015010595321655
1995-05-10,AAPL,0.24645046889781952
1995-05-11,AAPL,0.30816221237182617
1995-05-12,AAPL,0.41399329900741577
1995-05-15,AAPL,0.457714319229126
1995-05-16,AAPL,0.4409273862838745
1995-05-17,AAPL,0.2872171103954315
1995-05-18,AAPL,0.5211074352264404
1995-05-19,AAPL,0.3107692003250122
1995-05-22,AAPL,0.3279815912246704
1995-05-23,AAPL,0.4390643835067749
1995-05-24,AAPL,0.4158065617084503
1995-05-25,AAPL,0.3591279685497284
1995-05-26,AAPL,0.31665387749671936
1995-05-30,AAPL,0.3465403914451599
1995-05-31,AAPL,0.27163809537887573
1995-06-01,AAPL,0.31160011887550354
1995-06-02,AAPL,0.33764755725860596
1995-06-05,AAPL,0.23243939876556396
1995-06-06,AAPL,0.4205000698566437
1995-06-07,AAPL,0.3321577310562134
1995-06-08,AAPL,0.346112996339798
1995-06-09,AAPL,0.347267746925354
1995-06-12,AAPL,0.31470900774002075
1995-06-13,AAPL,0.30369389057159424
1995-06-14,AAPL,0.3187645375728607
1995-06-15,AAPL,0.2620947062969208
1995-06-16,AAPL,0.24540022015571594
1995-06-19,AAPL,0.28330883383750916
1995-06-20,AAPL,0.4340071380138397
1995-06-21,AAPL,0.40467652678489685
1995-06-22,AAPL,0.43634605407714844
1995-06-23,AAPL,0.30833688378334045
1995-06-26,AAPL,0.22096766531467438
1995-06-27,AAPL,0.2607981860637665
1995-06-28,AAPL,0.2916283905506134
1995-06-29,AAPL,0.38718706369400024
1995-06-30,AAPL,0.405979722738266
1995-07-03,AAPL,0.4360756576061249
1995-07-05,AAPL,0.4177919030189514
1995-07-06,AAPL,0.3910847306251526
1995-07-07,AAPL,0.3707738220691681
1995-07-10,AAPL,0.39859673380851746
1995-07-11,AAPL,0.3997262418270111
1995-07-12,AAPL,0.4041011333465576
1995-07-13,AAPL,0.3466491997241974
1995-07-14,AAPL,0.39273300766944885
1995-07-17,AAPL,0.439304918050766
1995-07-18,AAPL,0.3365958333015442
1995-07-19,AAPL,0.1343121975660324
1995-07-20,AAPL,0.32985785603523254
1995-07-21,AAPL,0.07994738966226578
1995-07-24,AAPL,0.07648701965808868
1995-07-25,AAPL,0.10437437891960144
1995-07-26,AAPL,0.1265770047903061
1995-07-27,AAPL,0.19834774732589722
1995-07-28,AAPL,0.0966353788971901
1995-07-31,AAPL,0.10463788360357285
1995-08-01,AAPL,0.11149190366268158
1995-08-02,AAPL,0.11539597809314728
1995-08-03,AAPL,0.12178730219602585
1995-08-04,AAPL,0.12183667719364166
1995-08-07,AAPL,0.11900755017995834
1995-08-08,AAPL,0.10514837503433228
1995-08-09,AAPL,0.11192494630813599
1995-08-10,AAPL,0.1440345048904419
1995-08-11,AAPL,0.11476687341928482
1995-08-14,AAPL,0.14286591112613678
1995-08-15,AAPL,0.16835983097553253
1995-08-16,AAPL,0.24344205856323242
1995-08-17,AAPL,0.23208853602409363
1995-08-18,AAPL,0.3144550919532776
1995-08-21,AAPL,0.2659558653831482
1995-08-22,AAPL,0.2860639989376068
1995-08-23,AAPL,0.43772464990615845
1995-08-24,AAPL,0.37893959879875183
1995-08-25,AAPL,0.283932089805603
1995-08-28,AAPL,0.19093848764896393
1995-08-29,AAPL,0.3361049294471741
1995-08-30,AAPL,0.3075558841228485
1995-08-31,AAPL,0.20807184278964996
1995-09-01,AAPL,0.3098907470703125
1995-09-05,AAPL,0.3307283818721771
1995-09-06,AAPL,0.21625398099422455
1995-09-07,AAPL,0.303617924451828
1995-09-08,AAPL,0.24203068017959595
1995-09-11,AAPL,0.2658640444278717
1995-09-12,AAPL,0.26991093158721924
1995-09-13,AAPL,0.24519318342208862
1995-09-14,AAPL,0.10526179522275925
1995-09-15,AAPL,0.17901289463043213
1995-09-18,AAPL,0.2626136243343353
1995-09-19,AAPL,0.27992698550224304
1995-09-20,AAPL,0.19310413300991058
1995-09-21,AAPL,0.11334643512964249
1995-09-22,AAPL,0.134133979678154
1995-09-25,AAPL,0.10164880007505417
1995-09-26,AAPL,0.1946345567703247
1995-09-27,AAPL,0.10073326528072357
1995-09-28,AAPL,0.08905019611120224
1995-09-29,AAPL,0.12173168361186981
1995-10-02,AAPL,0.156437948346138
1995-10-03,AAPL,0.17317284643650055
1995-10-04,AAPL,0.18340179324150085
1995-10-05,AAPL,0.16778089106082916
1995-10-06,AAPL,0.187956303358078
1995-10-09,AAPL,0.12337317317724228
1995-10-10,AAPL,0.12323252856731415
1995-10-11,AAPL,0.08892989158630371
1995-10-12,AAPL,0.1682245433330536
1995-10-13,AAPL,0.39949846267700195
1995-10-16,AAPL,0.4848577380180359
1995-10-17,AAPL,0.5259150862693787
1995-10-18,AAPL,0.5709073543548584
1995-10-19,AAPL,0.16694602370262146
1995-10-20,AAPL,0.24921053647994995
1995-10-23,AAPL,0.25195103883743286
1995-10-24,AAPL,0.27768319845199585
1995-10-25,AAPL,0.34489819407463074
1995-10-26,AAPL,0.35816946625709534
1995-10-27,AAPL,0.43852272629737854
1995-10-30,AAPL,0.5177268385887146
1995-10-31,AAPL,0.4792635142803192
1995-11-01,AAPL,0.5781033039093018
1995-11-02,AAPL,0.6724908351898193
1995-11-03,AAPL,0.6102560758590698
1995-11-06,AAPL,0.4430287182331085
1995-11-07,AAPL,0.6179614663124084
1995-11-08,AAPL,0.2893161475658417
1995-11-09,AAPL,0.332802414894104
1995-11-10,AAPL,0.6680054664611816
1995-11-13,AAPL,0.610984742641449
1995-11-14,AAPL,0.4273100793361664
1995-11-15,AAPL,0.7372090816497803
1995-11-16,AAPL,0.5701374411582947
1995-11-17,AAPL,0.605697512626648
1995-11-20,AAPL,0.4953629970550537
1995-11-21,AAPL,0.5022081136703491
1995-11-22,AAPL,0.49640822410583496
1995-11-24,AAPL,0.41671591997146606
1995-11-27,AAPL,0.5846508741378784
1995-11-28,AAPL,0.5986712574958801
1995-11-29,AAPL,0.4308604300022125
1995-11-30,AAPL,0.2799212336540222
1995-12-01,AAPL,0.23744916915893555
1995-12-04,AAPL,0.5012959837913513
1995-12-05,AAPL,0.46770018339157104
1995-12-06,AAPL,0.3449100852012634
1995-12-07,AAPL,0.3968204855918884
1995-12-08,AAPL,0.4821920394897461
1995-12-11,AAPL,0.3112158179283142
1995-12-12,AAPL,0.249220609664917
1995-12-13,AAPL,0.4153714179992676
1995-12-14,AAPL,0.39891576766967773
1995-12-15,AAPL,0.15550844371318817
1995-12-18,AAPL,0.14174354076385498
1995-12-19,AAPL,0.16568487882614136
1995-12-20,AAPL,0.17459429800510406
1995-12-21,AAPL,0.20025545358657837
1995-12-22,AAPL,0.1279773861169815
1995-12-26,AAPL,0.1357523798942566
1995-12-27,AAPL,0.08496484160423279
1995-12-28,AAPL,0.15915775299072266
1995-12-29,AAPL,0.20821522176265717
1996-01-02,AAPL,0.2552650037992555
1996-01-03,AAPL,0.24919536891051974
1996-01-04,AAPL,0.24488294945748185
1996-01-05,AAPL,0.26874052422242317
1996-01-08,AAPL,0.2954856470616963
1996-01-09,AAPL,0.3147385159360211
1996-01-10,AAPL,0.31627615437693896
1996-01-11,AAPL,0.3261894664424301
1996-01-12,AAPL,0.3259103732115215
1996-01-15,AAPL,0.32808003260432417
1996-01-16,AAPL,0.33583004832115143
1996-01-17,AAPL,0.3451558446643096
1996-01-18,AAPL,0.33773815703237065
1996-01-19,AAPL,0.3317296908311697
1996-01-22,AAPL,0.3282491690305015
1996-01-23,AAPL,0.333917319891554
1996-01-24,AAPL,0.34298129299625874
1996-01-25,AAPL,0.31631022775769363
1996-01-26,AAPL,0.3049258965627548
1996-01-29,AAPL,0.31513713370714014
1996-01-30,AAPL,0.30319675729662615
1996-01-31,AAPL,0.2940361886398599
1996-02-01,AAPL,0.2956088716123003
1996-02-02,AAPL,0.2897809970873444
1996-02-05,AAPL,0.2838057861583649
1996-02-06,AAPL,0.28898020330753516
1996-02-07,AAPL,0.29771276758914367
1996-02-08,AAPL,0.3022690580175373
1996-02-09,AAPL,0.30189378642007186
1996-02-12,AAPL,0.2901785772003652
1996-02-13,AAPL,0.28082758253880824
1996-02-14,AAPL,0.2893342567207625
1996-02-15,AAPL,0.29288813738741004
1996-02-16,AAPL,0.31261083480318574
1996-02-20,AAPL,0.3460231517941797
1996-02-21,AAPL,0.34673469376039484
1996-02-22,AAPL,0.3353379783458749
1996-02-23,AAPL,0.3338825269469255
1996-02-26,AAPL,0.32680074711969737
1996-02-27,AAPL,0.32710473337488316
1996-02-28,AAPL,0.34339719750916986
1996-02-29,AAPL,0.34160223884122054
1996-03-01,AAPL,0.33639365457415765
1996-03-04,AAPL,0.31609273083556555
1996-03-05,AAPL,0.3215456841328147
1996-03-06,AAPL,0.32221702642217226
1996-03-07,AAPL,0.31925086035671496
1996-03-08,AAPL,0.32380618768941805
1996-03-11,AAPL,0.29280666426656315
1996-03-12,AAPL,0.27419868856107826
1996-03-13,AAPL,0.2648657101206242
1996-03-14,AAPL,0.2648057929956745
1996-03-15,AAPL,0.2703951857449792
1996-03-18,AAPL,0.28336979066006895
1996-03-19,AAPL,0.28697032912829823
1996-03-20,AAPL,0.2825338336753604
1996-03-21,AAPL,0.28552837559124683
1996-03-22,AAPL,0.30409407925988563
1996-03-25,AAPL,0.2832278301333406
1996-03-26,AAPL,0.28442260327000046
1996-03-27,AAPL,0.32281317992629033
1996-03-28,AAPL,0.3126082723550019
1996-03-29,AAPL,0.3195266190421104
1996-04-01,AAPL,0.329973948994299
1996-04-02,AAPL,0.3263116291364339
1996-04-03,AAPL,0.32945643518869266
1996-04-04,AAPL,0.31988817207495046
1996-04-08,AAPL,0.3201531447596247
1996-04-09,AAPL,0.33827493938912306
1996-04-10,AAPL,0.3461326753973472
1996-04-11,AAPL,0.34763323035066807
1996-04-12,AAPL,0.33769209739542067
1996-04-15,AAPL,0.35838150185500234
1996-04-16,AAPL,0.3701036050785526
1996-04-17,AAPL,0.34759545811758497
1996-04-18,AAPL,0.35780765668804004
1996-04-19,AAPL,0.3512012037385832
1996-04-22,AAPL,0.33849993966344893
1996-04-23,AAPL,0.3545983232018916
1996-04-24,AAPL,0.35224811917938603
1996-04-25,AAPL,0.3585213289200434
1996-04-26,AAPL,0.36054658731607675
1996-04-29,AAPL,0.3215208847649374
1996-04-30,AAPL,0.31255095762413587
1996-05-01,AAPL,0.31340586074202786
1996-05-02,AAPL,0.3147379315651732
1996-05-03,AAPL,0.3104872562355985
1996-05-06,AAPL,0.34233978347264965
1996-05-07,AAPL,0.36166052757028994
1996-05-08,AAPL,0.3700808918628439
1996-05-09,AAPL,0.35576378869397995
1996-05-10,AAPL,0.3623210216379498
1996-05-13,AAPL,0.37730823645249384
1996-05-14,AAPL,0.3915730963069221
1996-05-15,AAPL,0.39514508452765584
1996-05-16,AAPL,0.394247650345316
1996-05-17,AAPL,0.38645314334512637
1996-05-20,AAPL,0.39634219255230047
1996-05-21,AAPL,0.394758559509628
1996-05-22,AAPL,0.39651246140131413
1996-05-23,AAPL,0.38686801224050243
1996-05-24,AAPL,0.3750513204938029
1996-05-28,AAPL,0.3579797792455641
1996-05-29,AAPL,0.3487045605852261
1996-05-30,AAPL,0.3532367708705894
1996-05-31,AAPL,0.3507919060682567
1996-06-03,AAPL,0.3453739027974223
1996-06-04,AAPL,0.3305615092153632
1996-06-05,AAPL,0.30944692111370076
1996-06-06,AAPL,0.3098331252507434
1996-06-07,AAPL,0.316780859890417
1996-06-10,AAPL,0.3032046179249996
1996-06-11,AAPL,0.30476068907081333
1996-06-12,AAPL,0.3126870070879922
1996-06-13,AAPL,0.30910406781284894
1996-06-14,AAPL,0.302738262186103
1996-06-17,AAPL,0.2999207129358136
1996-06-18,AAPL,0.30542162696506137
1996-06-19,AAPL,0.3023696547157252
1996-06-20,AAPL,0.2948308483771733
1996-06-21,AAPL,0.30133486016214234
1996-06-24,AAPL,0.3005964361865605
1996-06-25,AAPL,0.27474347913596375
1996-06-26,AAPL,0.28161705303488715
1996-06-27,AAPL,0.28433398566925516
1996-06-28,AAPL,0.28835087156747663
1996-07-01,AAPL,0.2986807728861467
1996-07-02,AAPL,0.2878694049626053
1996-07-03,AAPL,0.2769192643792248
1996-07-05,AAPL,0.2797208811437325
1996-07-08,AAPL,0.28350683476434013
1996-07-09,AAPL,0.2886926227629231
1996-07-10,AAPL,0.2759413253000168
1996-07-11,AAPL,0.26947870153638764
1996-07-12,AAPL,0.2701334377790678
1996-07-15,AAPL,0.27450684243157897
1996-07-16,AAPL,0.28250602226549754
1996-07-17,AAPL,0.2863687474838154
1996-07-18,AAPL,0.2926808728575469
1996-07-19,AAPL,0.30477393421976995
1996-07-22,AAPL,0.291628719593919
1996-07-23,AAPL,0.29433215018653036
1996-07-24,AAPL,0.3221708440284122
1996-07-25,AAPL,0.34671491521059195
1996-07-26,AAPL,0.3523149529375543
1996-07-29,AAPL,0.34987613312366456
1996-07-30,AAPL,0.34495337963262135
1996-07-31,AAPL,0.35884211184140113
1996-08-01,AAPL,0.38403038468862855
1996-08-02,AAPL,0.3992321960721281
1996-08-05,AAPL,0.4009482032061894
1996-08-06,AAPL,0.3976660367131206
1996-08-07,AAPL,0.37881243705510703
1996-08-08,AAPL,0.3842490502802902
1996-08-09,AAPL,0.40418076717343737
1996-08-12,AAPL,0.40943082519929325
1996-08-13,AAPL,0.4018024763533531
1996-08-14,AAPL,0.4070989792111196
1996-08-15,AAPL,0.3583682797105774
1996-08-16,AAPL,0.36294917155363365
1996-08-19,AAPL,0.3867642039571347
1996-08-20,AAPL,0.3803961229202385
1996-08-21,AAPL,0.3879044919674953
1996-08-22,AAPL,0.37904776033544263
1996-08-23,AAPL,0.39628680067561317
1996-08-26,AAPL,0.3972373904302691
1996-08-27,AAPL,0.3989437260044087
1996-08-28,AAPL,0.39976921522008685
1996-08-29,AAPL,0.3840565739228749
1996-08-30,AAPL,0.3821281230297762
1996-09-03,AAPL,0.39892639917047673
1996-09-04,AAPL,0.3945487479598743
1996-09-05,AAPL,0.3771847332352851
1996-09-06,AAPL,0.37008814228420883
1996-09-09,AAPL,0.33159073150113544
1996-09-10,AAPL,0.3265379470613805
1996-09-11,AAPL,0.33145898783997957
1996-09-12,AAPL,0.3156784170099361
1996-09-13,AAPL,0.3106750711998175
1996-09-16,AAPL,0.3214085871253367
1996-09-17,AAPL,0.3125384774629088
1996-09-18,AAPL,0.31844439723557005
1996-09-19,AAPL,0.31468744696234974
1996-09-20,AAPL,0.31591870339131733
1996-09-23,AAPL,0.3119982882132743
1996-09-24,AAPL,0.3111257716976127
1996-09-25,AAPL,0.32015285164680957
1996-09-26,AAPL,0.31336995075674734
1996-09-27,AAPL,0.3276370706554964
1996-09-30,AAPL,0.33760343312042107
1996-10-01,AAPL,0.3624608048383083
1996-10-02,AAPL,0.36949223076411714
1996-10-03,AAPL,0.35322230583851216
1996-10-04,AAPL,0.33328604582380306
1996-10-07,AAPL,0.33161002699879194
1996-10-08,AAPL,0.34123985212347635
1996-10-09,AAPL,0.3376952409993304
1996-10-10,AAPL,0.35332128885945757
1996-10-11,AAPL,0.36156869484470044
1996-10-14,AAPL,0.3585465164913802
1996-10-15,AAPL,0.3694890965151484
1996-10-16,AAPL,0.36276996637800474
1996-10-17,AAPL,0.37222123972026755
1996-10-18,AAPL,0.3759010225929178
1996-10-21,AAPL,0.35310622726870616
1996-10-22,AAPL,0.35695494960182295
1996-10-23,AAPL,0.3766867561258233
1996-10-24,AAPL,0.37720524597461597
1996-10-25,AAPL,0.36988496474318344
1996-10-28,AAPL,0.367555069771112
1996-10-29,AAPL,0.3411402653948284
1996-10-30,AAPL,0.32018733736098576
1996-10-31,AAPL,0.3266442457655212
1996-11-01,AAPL,0.32326934216476133
1996-11-04,AAPL,0.32391762464242096
1996-11-05,AAPL,0.3220656810309238
1996-11-06,AAPL,0.3137511177517677
1996-11-07,AAPL,0.3095168022703507
1996-11-08,AAPL,0.3328729330260005
1996-11-11,AAPL,0.3395538944286086
1996-11-12,AAPL,0.33157191764303534
1996-11-13,AAPL,0.32806782106604204
1996-11-14,AAPL,0.33236924529296885
1996-11-15,AAPL,0.3306813021289073
1996-11-18,AAPL,0.35049095594638346
1996-11-19,AAPL,0.3617641297084346
1996-11-20,AAPL,0.36250588072811424
1996-11-21,AAPL,0.33602947738936695
1996-11-22,AAPL,0.34069546448565297
1996-11-25,AAPL,0.3166501376456041
1996-11-26,AAPL,0.31248477995521107
1996-11-27,AAPL,0.30941900777502795
1996-11-29,AAPL,0.29602068083992134
1996-12-02,AAPL,0.3103966642517464
1996-12-03,AAPL,0.3229317603288735
1996-12-04,AAPL,0.3067685211168348
1996-12-05,AAPL,0.30548271492694723
1996-12-06,AAPL,0.31475553976624265
1996-12-09,AAPL,0.32180639669787486
1996-12-10,AAPL,0.31156222685222107
1996-12-11,AAPL,0.30223864649807336
1996-12-12,AAPL,0.30554256121236834
1996-12-13,AAPL,0.2807876502675739
1996-12-16,AAPL,0.2832240535158785
1996-12-17,AAPL,0.28775335816812714
1996-12-18,AAPL,0.2914269055880061
1996-12-19,AAPL,0.2900094859516411
1996-12-20,AAPL,0.2894344134750987
1996-12-23,AAPL,0.28398770235611276
1996-12-24,AAPL,0.2808847344048616
1996-12-26,AAPL,0.28442506473126583
1996-12-27,AAPL,0.27902742244267
1996-12-30,AAPL,0.2823805118411025
1996-12-31,AAPL,0.2758060386973197
1997-01-02,AAPL,0.2024670508872185
1997-01-03,AAPL,0.17558018551085713
1997-01-06,AAPL,0.3498172967672317
1997-01-07,AAPL,0.42087491104007924
1997-01-08,AAPL,0.44405610878415386
1997-01-09,AAPL,0.2893403704087202
1997-01-10,AAPL,0.21244842967650895
1997-01-13,AAPL,0.25869350567041904
1997-01-14,AAPL,0.2186779914800313
1997-01-15,AAPL,0.32799421134832163
1997-01-16,AAPL,0.31490324934072683
1997-01-17,AAPL,0.3132932200110329
1997-01-20,AAPL,0.15489120713405347
1997-01-21,AAPL,0.09754111116824982
1997-01-22,AAPL,0.14625322940092741
1997-01-23,AAPL,0.19127950823848977
1997-01-24,AAPL,0.24382682758762347
1997-01-27,AAPL,0.2058965414941597
1997-01-28,AAPL,0.3035209311610983
1997-01-29,AAPL,0.15507932781235367
1997-01-30,AAPL,0.11516926631973616
1997-01-31,AAPL,0.15210346377034104
1997-02-03,AAPL,0.4136872417772976
1997-02-04,AAPL,0.517753965103046
1997-02-05,AAPL,0.4871300942683013
1997-02-06,AAPL,0.5272495038785504
1997-02-07,AAPL,0.5381481676502515
1997-02-10,AAPL,0.2934508955058609
1997-02-11,AAPL,0.23609615536078937
1997-02-12,AAPL,0.2683176394924994
1997-02-13,AAPL,0.3838708374375127
1997-02-14,AAPL,0.4180713084565026
1997-02-18,AAPL,0.1582536558966041
1997-02-19,AAPL,0.25107390092177945
1997-02-20,AAPL,0.24454774039785582
1997-02-21,AAPL,0.24842828012207438
1997-02-24,AAPL,0.3583408346106906
1997-02-25,AAPL,0.25363084271215774
1997-02-26,AAPL,0.219287047476171
1997-02-27,AAPL,0.3570352121502402
1997-02-28,AAPL,0.330069890109421
1997-03-03,AAPL,0.37188174743288704
1997-03-04,AAPL,0.36262442197690303
1997-03-05,AAPL,0.291974822817397
1997-03-06,AAPL,0.3927457557066761
1997-03-07,AAPL,0.4518343611563655
1997-03-10,AAPL,0.3845616607290338
1997-03-11,AAPL,0.43194404085020505
1997-03-12,AAPL,0.4425629335857807
1997-03-13,AAPL,0.40907767995876626
1997-03-14,AAPL,0.3605860624213627
1997-03-17,AAPL,0.41381830913989004
1997-03-18,AAPL,0.4784961650510642
1997-03-19,AAPL,0.504378106907259
1997-03-20,AAPL,0.38997301555386815
1997-03-21,AAPL,0.3634702931517181
1997-03-24,AAPL,0.42296574848907115
1997-03-25,AAPL,0.41391504215582126
1997-03-26,AAPL,0.4150076760823822
1997-03-27,AAPL,0.30663713883995425
1997-03-31,AAPL,0.31727614543521787
1997-04-01,AAPL,0.3186250628043354
1997-04-02,AAPL,0.23781646448202123
1997-04-03,AAPL,0.43046299210219535
1997-04-04,AAPL,0.3791483559471143
1997-04-07,AAPL,0.3854508391218037
1997-04-08,AAPL,0.43356817040653167
1997-04-09,AAPL,0.42658276332314266
1997-04-10,AAPL,0.512507548670349
1997-04-11,AAPL,0.31010352109652006
1997-04-14,AAPL,0.32452784465734286
1997-04-15,AAPL,0.3192235406007225
1997-04-16,AAPL,0.4544994093434251
1997-04-17,AAPL,0.37227036660975277
1997-04-18,AAPL,0.4062859959965963
1997-04-21,AAPL,0.29228233027207073
1997-04-22,AAPL,0.38290395769064917
1997-04-23,AAPL,0.38983392519845506
1997-04-24,AAPL,0.3135165260659522
1997-04-25,AAPL,0.3570704550843957
1997-04-28,AAPL,0.2879915058412358
1997-04-29,AAPL,0.31676024596263674
1997-04-30,AAPL,0.26103704272185935
1997-05-01,AAPL,0.16851188753114163
1997-05-02,AAPL,0.324958777819635
1997-05-05,AAPL,0.3432811634806523
1997-05-06,AAPL,0.272422309454551
1997-05-07,AAPL,0.29129698861973696
1997-05-08,AAPL,0.40960208091142586
1997-05-09,AAPL,0.4224951117536557
1997-05-12,AAPL,0.5155369544987449
1997-05-13,AAPL,0.5341194865784713
1997-05-14,AAPL,0.49765168746116073
1997-05-15,AAPL,0.4745414780869047
1997-05-16,AAPL,0.4989795308353183
1997-05-19,AAPL,0.5327630405564786
1997-05-20,AAPL,0.5081647651942194
1997-05-21,AAPL,0.47716187485471945
1997-05-22,AAPL,0.428113957925626
1997-05-23,AAPL,0.5606502938721836
1997-05-27,AAPL,0.5806949530396965
1997-05-28,AAPL,0.5237341936006059
1997-05-29,AAPL,0.459389528263144
1997-05-30,AAPL,0.4631758953997087
1997-06-02,AAPL,0.4974437351343634
1997-06-03,AAPL,0.49348187496541246
1997-06-04,AAPL,0.5065499037384044
1997-06-05,AAPL,0.5434239820463953
1997-06-06,AAPL,0.5698379087156177
1997-06-09,AAPL,0.6031085143064976
1997-06-10,AAPL,0.5206099900532501
1997-06-11,AAPL,0.4628501739975448
1997-06-12,AAPL,0.5406262192848789
1997-06-13,AAPL,0.47603180871733475
1997-06-16,AAPL,0.38471901923597684
1997-06-17,AAPL,0.5457174470569977
1997-06-18,AAPL,0.46080172554836596
1997-06-19,AAPL,0.4574548554958351
1997-06-20,AAPL,0.4423079706031372
1997-06-23,AAPL,0.4067879339468922
1997-06-24,AAPL,0.41192048076534094
1997-06-25,AAPL,0.38852722590132244
1997-06-26,AAPL,0.22705227450356627
1997-06-27,AAPL,0.2343781880495416
1997-06-30,AAPL,0.33203543469322233
1997-07-01,AAPL,0.424044835195826
1997-07-02,AAPL,0.48918545070755753
1997-07-03,AAPL,0.41243794083468477
1997-07-07,AAPL,0.452109083412888
1997-07-08,AAPL,0.2806571424369069
1997-07-09,AAPL,0.4819092969004555
1997-07-10,AAPL,0.5305888257475658
1997-07-11,AAPL,0.4187235851406767
1997-07-14,AAPL,0.36761796927678103
1997-07-15,AAPL,0.31148541647527916
1997-07-16,AAPL,0.3415934378305073
1997-07-17,AAPL,0.3875252044654223
1997-07-18,AAPL,0.5817512672518725
1997-07-21,AAPL,0.41956002990795443
1997-07-22,AAPL,0.34655137270146497
1997-07-23,AAPL,0.45341162939965146
1997-07-24,AAPL,0.45458919507575457
1997-07-25,AAPL,0.32525380864196735
1997-07-28,AAPL,0.42474116881906
1997-07-29,AAPL,0.5373800145635022
1997-07-30,AAPL,0.5896985078905657
1997-07-31,AAPL,0.57902892733404
1997-08-01,AAPL,0.27860065514290067
1997-08-04,AAPL,0.25340534642901014
1997-08-05,AAPL,0.2765424484573011
1997-08-06,AAPL,0.8197067562085897
1997-08-07,AAPL,0.6960955609160819
1997-08-08,AAPL,0.9219712183441099
1997-08-11,AAPL,0.5070189479446409
1997-08-12,AAPL,0.35183614469923596
1997-08-13,AAPL,0.1216015726446907
1997-08-14,AAPL,0.3920629212193345
1997-08-15,AAPL,0.2079731483733308
1997-08-18,AAPL,0.18746459767588924
1997-08-19,AAPL,0.18224654893156583
1997-08-20,AAPL,0.44255745908254207
1997-08-21,AAPL,0.27538600855681356
1997-08-22,AAPL,0.30632823003319887
1997-08-25,AAPL,0.4084203040575567
1997-08-26,AAPL,0.3989436138334492
1997-08-27,AAPL,0.19680904029048313
1997-08-28,AAPL,0.7239603736959531
1997-08-29,AAPL,0.4941793613367214
1997-09-02,AAPL,0.46203214553497685
1997-09-03,AAPL,0.570210439787411
1997-09-04,AAPL,0.1926158755952192
1997-09-05,AAPL,0.14677084912453883
1997-09-08,AAPL,0.1772140467474539
1997-09-09,AAPL,0.12340202079816426
1997-09-10,AAPL,0.2259807573257198
1997-09-11,AAPL,0.22902209437401957
1997-09-12,AAPL,0.23752464394981845
1997-09-15,AAPL,0.2140395458210635
1997-09-16,AAPL,0.22174528769952495
1997-09-17,AAPL,0.2844659053665637
1997-09-18,AAPL,0.2275610254087762
1997-09-19,AAPL,0.21338380830253603
1997-09-22,AAPL,0.23787738056180302
1997-09-23,AAPL,0.15997999086060702
1997-09-24,AAPL,0.2003851884503932
1997-09-25,AAPL,0.21904495939361468
1997-09-26,AAPL,0.25353894079175693
1997-09-29,AAPL,0.2726667394615845
1997-09-30,AAPL,0.2381853789519558
1997-10-01,AAPL,0.23727997018898297
1997-10-02,AAPL,0.24032733139312312
1997-10-03,AAPL,0.3603700605409546
1997-10-06,AAPL,0.33098523685463216
1997-10-07,AAPL,0.3683711667697969
1997-10-08,AAPL,0.24515577257134114
1997-10-09,AAPL,0.3214253903261829
1997-10-10,AAPL,0.3009940223510287
1997-10-13,AAPL,0.30236310354811546
1997-10-14,AAPL,0.28420254901412023
1997-10-15,AAPL,0.4773565925427275
1997-10-16,AAPL,0.15580649489966708
1997-10-17,AAPL,0.10730034064868166
1997-10-20,AAPL,0.08674250923504459
1997-10-21,AAPL,0.2556072285305478
1997-10-22,AAPL,0.09697146220390739
1997-10-23,AAPL,0.13060646918552016
1997-10-24,AAPL,0.2313087948505935
1997-10-27,AAPL,0.12043786887513677
1997-10-28,AAPL,0.07835271675287536
1997-10-29,AAPL,0.09695684023081944
1997-10-30,AAPL,0.15760992643502797
1997-10-31,AAPL,0.10075629191627963
1997-11-03,AAPL,0.08558261620193228
1997-11-04,AAPL,0.08715851496439787
1997-11-05,AAPL,0.15526174852504104
1997-11-06,AAPL,0.13209006695705885
1997-11-07,AAPL,0.16028962286251222
1997-11-10,AAPL,0.09146265744639465
1997-11-11,AAPL,0.09634604609940342
1997-11-12,AAPL,0.12309331320972486
1997-11-13,AAPL,0.11974403374993393
1997-11-14,AAPL,0.1620827592156577
1997-11-17,AAPL,0.2039881123463271
1997-11-18,AAPL,0.3558876700802717
1997-11-19,AAPL,0.19286742757830136
1997-11-20,AAPL,0.2337689476790717
1997-11-21,AAPL,0.34528903619055296
1997-11-24,AAPL,0.3315796983445314
1997-11-25,AAPL,0.23935265541383913
1997-11-26,AAPL,0.30291897779973814
1997-11-28,AAPL,0.21201208355773207
1997-12-01,AAPL,0.3774588425390169
1997-12-02,AAPL,0.3252918261039606
1997-12-03,AAPL,0.26299754250835655
1997-12-04,AAPL,0.07861005100738418
1997-12-05,AAPL,0.12584358118511837
1997-12-08,AAPL,0.1401924406519892
1997-12-09,AAPL,0.11308561639079813
1997-12-10,AAPL,0.1511470068961358
1997-12-11,AAPL,0.23819420960509702
1997-12-12,AAPL,0.3286352685053968
1997-12-15,AAPL,0.3902186653098367
1997-12-16,AAPL,0.18282312256561709
1997-12-17,AAPL,0.23411675565587303
1997-12-18,AAPL,0.21740469307864052
1997-12-19,AAPL,0.18722812210765694
1997-12-22,AAPL,0.2747662795832035
1997-12-23,AAPL,0.37043834087154537
1997-12-24,AAPL,0.1211783727745841
1997-12-26,AAPL,0.09339755696974673
1997-12-29,AAPL,0.23753673729871783
1997-12-30,AAPL,0.20791491892602143
1997-12-31,AAPL,0.156520401799983
1998-01-02,AAPL,0.42363524436950684
1998-01-05,AAPL,0.5226619839668274
1998-01-06,AAPL,0.21498066186904907
1998-01-07,AAPL,0.15259326994419098
1998-01-08,AAPL,0.1308985948562622
1998-01-09,AAPL,0.11876538395881653
1998-01-12,AAPL,0.15383467078208923
1998-01-13,AAPL,0.04160458222031593
1998-01-14,AAPL,0.07926762849092484
1998-01-15,AAPL,0.08637915551662445
1998-01-16,AAPL,0.06477827578783035
1998-01-20,AAPL,0.06370963156223297
1998-01-21,AAPL,0.07725831121206284
1998-01-22,AAPL,0.057278651744127274
1998-01-23,AAPL,0.0448361411690712
1998-01-26,AAPL,0.05520906299352646
1998-01-27,AAPL,0.16402073204517365
1998-01-28,AAPL,0.09201785922050476
1998-01-29,AAPL,0.20356473326683044
1998-01-30,AAPL,0.15293848514556885
1998-02-02,AAPL,0.286728173494339
1998-02-03,AAPL,0.23968741297721863
1998-02-04,AAPL,0.23892703652381897
1998-02-05,AAPL,0.28045764565467834
1998-02-06,AAPL,0.2432849109172821
1998-02-09,AAPL,0.2199598252773285
1998-02-10,AAPL,0.2819884121417999
1998-02-11,AAPL,0.2709829807281494
1998-02-12,AAPL,0.2359311580657959
1998-02-13,AAPL,0.31411951780319214
1998-02-17,AAPL,0.2975611686706543
1998-02-18,AAPL,0.27396413683891296
1998-02-19,AAPL,0.3531982898712158
1998-02-20,AAPL,0.2987884283065796
1998-02-23,AAPL,0.25471311807632446
1998-02-24,AAPL,0.30467143654823303
1998-02-25,AAPL,0.338039368391037
1998-02-26,AAPL,0.12484782189130783
1998-02-27,AAPL,0.26950502395629883
1998-03-02,AAPL,0.25897833704948425
1998-03-03,AAPL,0.21492058038711548
1998-03-04,AAPL,0.27670392394065857
1998-03-05,AAPL,0.25801247358322144
1998-03-06,AAPL,0.37256208062171936
1998-03-09,AAPL,0.2302878201007843
1998-03-10,AAPL,0.12398022413253784
1998-03-11,AAPL,0.5953450202941895
1998-03-12,AAPL,0.44389429688453674
1998-03-13,AAPL,0.4574071764945984
1998-03-16,AAPL,0.6300758719444275
1998-03-17,AAPL,0.49897831678390503
1998-03-18,AAPL,0.5433695316314697
1998-03-19,AAPL,0.5044665932655334
1998-03-20,AAPL,0.6382448673248291
1998-03-23,AAPL,0.5847121477127075
1998-03-24,AAPL,0.4828723967075348
1998-03-25,AAPL,0.5658098459243774
1998-03-26,AAPL,0.5914933085441589
1998-03-27,AAPL,0.5198778510093689
1998-03-30,AAPL,0.5123581290245056
1998-03-31,AAPL,0.5689259767532349
1998-04-01,AAPL,0.6596194505691528
1998-04-02,AAPL,0.7394402623176575
1998-04-03,AAPL,0.6917637586593628
1998-04-06,AAPL,0.4799157679080963
1998-04-07,AAPL,0.2883799076080322
1998-04-08,AAPL,0.15926620364189148
1998-04-09,AAPL,0.24812406301498413
1998-04-13,AAPL,0.5311614274978638
1998-04-14,AAPL,0.5348015427589417
1998-04-15,AAPL,0.5840768218040466
1998-04-16,AAPL,0.5290825366973877
1998-04-17,AAPL,0.5915537476539612
1998-04-20,AAPL,0.4977196156978607
1998-04-21,AAPL,0.42715638875961304
1998-04-22,AAPL,0.4890270233154297
1998-04-23,AAPL,0.6615728139877319
1998-04-24,AAPL,0.6117058992385864
1998-04-27,AAPL,0.6851485371589661
1998-04-28,AAPL,0.3044446110725403
1998-04-29,AAPL,0.2968519628047943
1998-04-30,AAPL,0.520156741142273
1998-05-01,AAPL,0.652838408946991
1998-05-04,AAPL,0.5092233419418335
1998-05-05,AAPL,0.5674659609794617
1998-05-06,AAPL,0.5884138345718384
1998-05-07,AAPL,0.6125421524047852
1998-05-08,AAPL,0.5598127841949463
1998-05-11,AAPL,0.5502570271492004
1998-05-12,AAPL,0.5646796226501465
1998-05-13,AAPL,0.5427550077438354
1998-05-14,AAPL,0.6088136434555054
1998-05-15,AAPL,0.6262953877449036
1998-05-18,AAPL,0.5412909388542175
1998-05-19,AAPL,0.5723963975906372
1998-05-20,AAPL,0.40167123079299927
1998-05-21,AAPL,0.523567795753479
1998-05-22,AAPL,0.24287407100200653
1998-05-26,AAPL,0.22132469713687897
1998-05-27,AAPL,0.18530096113681793
1998-05-28,AAPL,0.18672461807727814
1998-05-29,AAPL,0.21297752857208252
1998-06-01,AAPL,0.11434688419103622
1998-06-02,AAPL,0.13728736340999603
1998-06-03,AAPL,0.1282431036233902
1998-06-04,AAPL,0.1157839447259903
1998-06-05,AAPL,0.1694188117980957
1998-06-08,AAPL,0.17367085814476013
1998-06-09,AAPL,0.14758044481277466
1998-06-10,AAPL,0.22306278347969055
1998-06-11,AAPL,0.21122941374778748
1998-06-12,AAPL,0.19194453954696655
1998-06-15,AAPL,0.26301199197769165
1998-06-16,AAPL,0.27594834566116333
1998-06-17,AAPL,0.26855233311653137
1998-06-18,AAPL,0.35600268840789795
1998-06-19,AAPL,0.3800584077835083
1998-06-22,AAPL,0.4313981235027313
1998-06-23,AAPL,0.3944278955459595
1998-06-24,AAPL,0.3158148527145386
1998-06-25,AAPL,0.3517594337463379
1998-06-26,AAPL,0.3723064959049225
1998-06-29,AAPL,0.37281447649002075
1998-06-30,AAPL,0.4271850883960724
1998-07-01,AAPL,0.218815878033638
1998-07-02,AAPL,0.38629400730133057
1998-07-06,AAPL,0.4402187764644623
1998-07-07,AAPL,0.437037855386734
1998-07-08,AAPL,0.5264787673950195
1998-07-09,AAPL,0.6173113584518433
1998-07-10,AAPL,0.5452562570571899
1998-07-13,AAPL,0.4030260443687439
1998-07-14,AAPL,0.4827072322368622
1998-07-15,AAPL,0.3977017402648926
1998-07-16,AAPL,0.32193076610565186
1998-07-17,AAPL,0.4239519238471985
1998-07-20,AAPL,0.49518269300460815
1998-07-21,AAPL,0.6382068395614624
1998-07-22,AAPL,0.537112295627594
1998-07-23,AAPL,0.6072071194648743
1998-07-24,AAPL,0.707669734954834
1998-07-27,AAPL,0.7357723116874695
1998-07-28,AAPL,0.7101292610168457
1998-07-29,AAPL,0.43544238805770874
1998-07-30,AAPL,0.3954590857028961
1998-07-31,AAPL,0.5192787647247314
1998-08-03,AAPL,0.575928270816803
1998-08-04,AAPL,0.5286898016929626
1998-08-05,AAPL,0.48352524638175964
1998-08-06,AAPL,0.481347918510437
1998-08-07,AAPL,0.6532544493675232
1998-08-10,AAPL,0.36786141991615295
1998-08-11,AAPL,0.41492539644241333
1998-08-12,AAPL,0.31204715371131897
1998-08-13,AAPL,0.2640587389469147
1998-08-14,AAPL,0.21261902153491974
1998-08-17,AAPL,0.31145384907722473
1998-08-18,AAPL,0.13576041162014008
1998-08-19,AAPL,0.24757927656173706
1998-08-20,AAPL,0.27477023005485535
1998-08-21,AAPL,0.25544628500938416
1998-08-24,AAPL,0.34114715456962585
1998-08-25,AAPL,0.5157021880149841
1998-08-26,AAPL,0.4710604250431061
1998-08-27,AAPL,0.4836444556713104
1998-08-28,AAPL,0.4611738324165344
1998-08-31,AAPL,0.5327942371368408
1998-09-01,AAPL,0.5412683486938477
1998-09-02,AAPL,0.47237128019332886
1998-09-03,AAPL,0.5037422776222229
1998-09-04,AAPL,0.4766787588596344
1998-09-08,AAPL,0.3273729979991913
1998-09-09,AAPL,0.2843148708343506
1998-09-10,AAPL,0.23676535487174988
1998-09-11,AAPL,0.1507699340581894
1998-09-14,AAPL,0.17209769785404205
1998-09-15,AAPL,0.18688325583934784
1998-09-16,AAPL,0.14636854827404022
1998-09-17,AAPL,0.25782251358032227
1998-09-18,AAPL,0.16453419625759125
1998-09-21,AAPL,0.25116071105003357
1998-09-22,AAPL,0.3447349965572357
1998-09-23,AAPL,0.30026236176490784
1998-09-24,AAPL,0.3306448459625244
1998-09-25,AAPL,0.4269934296607971
1998-09-28,AAPL,0.6129436492919922
1998-09-29,AAPL,0.5459935069084167
1998-09-30,AAPL,0.5610159635543823
1998-10-01,AAPL,0.15132185816764832
1998-10-02,AAPL,0.18457861244678497
1998-10-05,AAPL,0.28988170623779297
1998-10-06,AAPL,0.22432571649551392
1998-10-07,AAPL,0.22109952569007874
1998-10-08,AAPL,0.1249561756849289
1998-10-09,AAPL,0.23096534609794617
1998-10-12,AAPL,0.2812946140766144
1998-10-13,AAPL,0.34859275817871094
1998-10-14,AAPL,0.1706923097372055
1998-10-15,AAPL,0.1922607570886612
1998-10-16,AAPL,0.17406241595745087
1998-10-19,AAPL,0.16133715212345123
1998-10-20,AAPL,0.1943250447511673
1998-10-21,AAPL,0.1257268786430359
1998-10-22,AAPL,0.20309381186962128
1998-10-23,AAPL,0.18444877862930298
1998-10-26,AAPL,0.08552811294794083
1998-10-27,AAPL,0.21405507624149323
1998-10-28,AAPL,0.09689108282327652
1998-10-29,AAPL,0.22296299040317535
1998-10-30,AAPL,0.32093876600265503
1998-11-02,AAPL,0.2233775109052658
1998-11-03,AAPL,0.23828580975532532
1998-11-04,AAPL,0.26586610078811646
1998-11-05,AAPL,0.28029322624206543
1998-11-06,AAPL,0.22439724206924438
1998-11-09,AAPL,0.22224555909633636
1998-11-10,AAPL,0.1955874115228653
1998-11-11,AAPL,0.12039203941822052
1998-11-12,AAPL,0.108954519033432
1998-11-13,AAPL,0.28391048312187195
1998-11-16,AAPL,0.3035312294960022
1998-11-17,AAPL,0.18602779507637024
1998-11-18,AAPL,0.21100474894046783
1998-11-19,AAPL,0.2803060710430145
1998-11-20,AAPL,0.21696719527244568
1998-11-23,AAPL,0.19266851246356964
1998-11-24,AAPL,0.37458184361457825
1998-11-25,AAPL,0.1625307947397232
1998-11-27,AAPL,0.13102248311042786
1998-11-30,AAPL,0.09344624727964401
1998-12-01,AAPL,0.11544923484325409
1998-12-02,AAPL,0.1563955545425415
1998-12-03,AAPL,0.10921977460384369
1998-12-04,AAPL,0.10762184858322144
1998-12-07,AAPL,0.10685157775878906
1998-12-08,AAPL,0.19681525230407715
1998-12-09,AAPL,0.26065757870674133
1998-12-10,AAPL,0.13432727754116058
1998-12-11,AAPL,0.20610660314559937
1998-12-14,AAPL,0.12791524827480316
1998-12-15,AAPL,0.13401640951633453
1998-12-16,AAPL,0.13458922505378723
1998-12-17,AAPL,0.13396383821964264
1998-12-18,AAPL,0.26632240414619446
1998-12-21,AAPL,0.2315056473016739
1998-12-22,AAPL,0.28941598534584045
1998-12-23,AAPL,0.2952035665512085
1998-12-24,AAPL,0.4118005633354187
1998-12-28,AAPL,0.3438050448894501
1998-12-29,AAPL,0.5011005401611328
1998-12-30,AAPL,0.3358151316642761
1998-12-31,AAPL,0.2301652878522873
1999-01-04,AAPL,0.24497682860568137
1999-01-05,AAPL,0.33253059087106596
1999-01-06,AAPL,0.2982612705318261
1999-01-07,AAPL,0.48116115181548985
1999-01-08,AAPL,0.3191596422160627
1999-01-11,AAPL,0.28778288225893073
1999-01-12,AAPL,0.49535657556991414
1999-01-13,AAPL,0.3154531351127651
1999-01-14,AAPL,0.3641606708524904
1999-01-15,AAPL,0.3796998759286618
1999-01-19,AAPL,0.38714607114584343
1999-01-20,AAPL,0.40045834894370624
1999-01-21,AAPL,0.25795626830535656
1999-01-22,AAPL,0.2161039522147567
1999-01-25,AAPL,0.22076963212697495
1999-01-26,AAPL,0.19561020980600852
1999-01-27,AAPL,0.33236657592388436
1999-01-28,AAPL,0.25451073014225367
1999-01-29,AAPL,0.13476044378471114
1999-02-01,AAPL,0.2560683607734763
1999-02-02,AAPL,0.1520842535787481
1999-02-03,AAPL,0.13046871532192558
1999-02-04,AAPL,0.11971518744594753
1999-02-05,AAPL,0.14433013381857468
1999-02-08,AAPL,0.11647295917356022
1999-02-09,AAPL,0.11480737455581266
1999-02-10,AAPL,0.11123459091411149
1999-02-11,AAPL,0.20050892124499514
1999-02-12,AAPL,0.1565509533560047
1999-02-16,AAPL,0.12062558864481294
1999-02-17,AAPL,0.15108376269791168
1999-02-18,AAPL,0.16988861806949968
1999-02-19,AAPL,0.1328390655567358
1999-02-22,AAPL,0.17267916810154424
1999-02-23,AAPL,0.19687027189309525
1999-02-24,AAPL,0.1633854052578079
1999-02-25,AAPL,0.15470641301333168
1999-02-26,AAPL,0.2205981560191752
1999-03-01,AAPL,0.3568284895696436
1999-03-02,AAPL,0.21832745651053515
1999-03-03,AAPL,0.27360940464048455
1999-03-04,AAPL,0.13313890400087
1999-03-05,AAPL,0.21537636448904907
1999-03-08,AAPL,0.2013990416357699
1999-03-09,AAPL,0.2570129754303856
1999-03-10,AAPL,0.2072335520244309
1999-03-11,AAPL,0.22937882650647756
1999-03-12,AAPL,0.24687549503294967
1999-03-15,AAPL,0.17501672853494366
1999-03-16,AAPL,0.18513307902269785
1999-03-17,AAPL,0.28390162896692356
1999-03-18,AAPL,0.25859174422739856
1999-03-19,AAPL,0.24298100469715536
1999-03-22,AAPL,0.26669369030917645
1999-03-23,AAPL,0.23523843054692967
1999-03-24,AAPL,0.22008614349422104
1999-03-25,AAPL,0.24448754188614902
1999-03-26,AAPL,0.2893240683157073
1999-03-29,AAPL,0.2946989893072793
1999-03-30,AAPL,0.29591632546420454
1999-03-31,AAPL,0.28725686883362367
1999-04-01,AAPL,0.3043050040786776
1999-04-05,AAPL,0.22296617352210646
1999-04-06,AAPL,0.20619552196817098
1999-04-07,AAPL,0.2555759333326453
1999-04-08,AAPL,0.28462658233861254
1999-04-09,AAPL,0.30868226865667303
1999-04-12,AAPL,0.2637111974391636
1999-04-13,AAPL,0.24685650437131645
1999-04-14,AAPL,0.302059188712796
1999-04-15,AAPL,0.31212227399861653
1999-04-16,AAPL,0.3289447396056567
1999-04-19,AAPL,0.28592812253055594
1999-04-20,AAPL,0.31439367579955496
1999-04-21,AAPL,0.26202420794594483
1999-04-22,AAPL,0.16443453874804737
1999-04-23,AAPL,0.23000264015185712
1999-04-26,AAPL,0.22236610332832885
1999-04-27,AAPL,0.27486620092208625
1999-04-28,AAPL,0.38571406080876114
1999-04-29,AAPL,0.5171693362321237
1999-04-30,AAPL,0.2816608292939015
1999-05-03,AAPL,0.4480911411909653
1999-05-04,AAPL,0.3164568051953341
1999-05-05,AAPL,0.25065894766619934
1999-05-06,AAPL,0.5177337913996728
1999-05-07,AAPL,0.3706289861920644
1999-05-10,AAPL,0.4183860752853501
1999-05-11,AAPL,0.21761272817889213
1999-05-12,AAPL,0.13613326114933702
1999-05-13,AAPL,0.38359227195064444
1999-05-14,AAPL,0.20122255500476258
1999-05-17,AAPL,0.4414662299116318
1999-05-18,AAPL,0.4205893615667676
1999-05-19,AAPL,0.443638907337864
1999-05-20,AAPL,0.3205516427928319
1999-05-21,AAPL,0.2552206397831709
1999-05-24,AAPL,0.22194411829034888
1999-05-25,AAPL,0.16234808157436156
1999-05-26,AAPL,0.2911753042766487
1999-05-27,AAPL,0.293387142125672
1999-05-28,AAPL,0.1904769521165142
1999-06-01,AAPL,0.21772287512750685
1999-06-02,AAPL,0.30686868261258643
1999-06-03,AAPL,0.21326379406598445
1999-06-04,AAPL,0.19274746418200725
1999-06-07,AAPL,0.3433350676527412
1999-06-08,AAPL,0.2313113745230394
1999-06-09,AAPL,0.26352911888942915
1999-06-10,AAPL,0.22413443092199928
1999-06-11,AAPL,0.3727817099344583
1999-06-14,AAPL,0.285530239191347
1999-06-15,AAPL,0.26814358090670176
1999-06-16,AAPL,0.21265157961032397
1999-06-17,AAPL,0.35382964944188133
1999-06-18,AAPL,0.26666706939234697
1999-06-21,AAPL,0.3140598113818968
1999-06-22,AAPL,0.30803237981956405
1999-06-23,AAPL,0.09181704584102546
1999-06-24,AAPL,0.14965272390131462
1999-06-25,AAPL,0.1803867974579482
1999-06-28,AAPL,0.16316044877488642
1999-06-29,AAPL,0.2172893675424301
1999-06-30,AAPL,0.20802962907591058
1999-07-01,AAPL,0.20947288887192694
1999-07-02,AAPL,0.2767313648329789
1999-07-06,AAPL,0.2908740226112494
1999-07-07,AAPL,0.24559068939702258
1999-07-08,AAPL,0.2664916357525352
1999-07-09,AAPL,0.25238724172209354
1999-07-12,AAPL,0.41681094674606567
1999-07-13,AAPL,0.44327548621305535
1999-07-14,AAPL,0.27569017076591446
1999-07-15,AAPL,0.21552838140877154
1999-07-16,AAPL,0.4129147251991594
1999-07-19,AAPL,0.34611612752916143
1999-07-20,AAPL,0.2995203547992494
1999-07-21,AAPL,0.32550009541510166
1999-07-22,AAPL,0.40364190458529664
1999-07-23,AAPL,0.41726859021224616
1999-07-26,AAPL,0.21981399764290144
1999-07-27,AAPL,0.3030823656901747
1999-07-28,AAPL,0.43832482639169973
1999-07-29,AAPL,0.5104066039515686
1999-07-30,AAPL,0.38437469096928
1999-08-02,AAPL,0.47477143278722556
1999-08-03,AAPL,0.49888203348351406
1999-08-04,AAPL,0.5541886443089706
1999-08-05,AAPL,0.4138410639216277
1999-08-06,AAPL,0.3872253191129298
1999-08-09,AAPL,0.4435314840126719
1999-08-10,AAPL,0.40965277220602814
1999-08-11,AAPL,0.37431851856842097
1999-08-12,AAPL,0.3699219454227118
1999-08-13,AAPL,0.35912899335149584
1999-08-16,AAPL,0.3344786407582924
1999-08-17,AAPL,0.3323928536228293
1999-08-18,AAPL,0.3099836489857206
1999-08-19,AAPL,0.5029037218591074
1999-08-20,AAPL,0.45393858889409944
1999-08-23,AAPL,0.45615188269150186
1999-08-24,AAPL,0.45818102498496044
1999-08-25,AAPL,0.325538122513864
1999-08-26,AAPL,0.41534531187970564
1999-08-27,AAPL,0.32948622361076974
1999-08-30,AAPL,0.4316847462113034
1999-08-31,AAPL,0.4515540067038003
1999-09-01,AAPL,0.19767860726137862
1999-09-02,AAPL,0.21200833100242245
1999-09-03,AAPL,0.14110798719641554
1999-09-07,AAPL,0.07930468118867326
1999-09-08,AAPL,0.13478069366288048
1999-09-09,AAPL,0.19150179689054134
1999-09-10,AAPL,0.168173798142812
1999-09-13,AAPL,0.1364236914995314
1999-09-14,AAPL,0.0834967644601544
1999-09-15,AAPL,0.08498308792249824
1999-09-16,AAPL,0.06253825241165067
1999-09-17,AAPL,0.08646463952356229
1999-09-20,AAPL,0.07898091506770874
1999-09-21,AAPL,0.7435070989913448
1999-09-22,AAPL,0.6553820891549315
1999-09-23,AAPL,0.40211887354879816
1999-09-24,AAPL,0.49820614735316276
1999-09-27,AAPL,0.38663463091120465
1999-09-28,AAPL,0.6608422675020686
1999-09-29,AAPL,0.27818775031010357
1999-09-30,AAPL,0.23652936311073414
1999-10-01,AAPL,0.48404879827572883
1999-10-04,AAPL,0.3067686670686764
1999-10-05,AAPL,0.34576291709665313
1999-10-06,AAPL,0.33513825491554405
1999-10-07,AAPL,0.31209412737868936
1999-10-08,AAPL,0.2381629897471387
1999-10-11,AAPL,0.3425269886964767
1999-10-12,AAPL,0.2887947558523569
1999-10-13,AAPL,0.43357780884982194
1999-10-14,AAPL,0.3295097082081775
1999-10-15,AAPL,0.4653973642323007
1999-10-18,AAPL,0.31802126171884726
1999-10-19,AAPL,0.4415828706956022
1999-10-20,AAPL,0.4554480687926563
1999-10-21,AAPL,0.40966376307063895
1999-10-22,AAPL,0.5365975835974628
1999-10-25,AAPL,0.5396659301438206
1999-10-26,AAPL,0.4547838192576489
1999-10-27,AAPL,0.5386372502998646
1999-10-28,AAPL,0.42775528942395435
1999-10-29,AAPL,0.43745359842980636
1999-11-01,AAPL,0.567326841886485
1999-11-02,AAPL,0.5213040818801162
1999-11-03,AAPL,0.5592044796685086
1999-11-04,AAPL,0.6535116925255239
1999-11-05,AAPL,0.37257862903406197
1999-11-08,AAPL,0.4267054179327638
1999-11-09,AAPL,0.4433474732743237
1999-11-10,AAPL,0.4766576290548824
1999-11-11,AAPL,0.4076382709937617
1999-11-12,AAPL,0.4250053952486937
1999-11-15,AAPL,0.3430993197014318
1999-11-16,AAPL,0.16950572590564705
1999-11-17,AAPL,0.18878333393995275
1999-11-18,AAPL,0.35628276579829526
1999-11-19,AAPL,0.12990564936337373
1999-11-22,AAPL,0.3393994015395199
1999-11-23,AAPL,0.11196601449035656
1999-11-24,AAPL,0.12488637544997673
1999-11-26,AAPL,0.12177462229186772
1999-11-29,AAPL,0.17869748785238296
1999-11-30,AAPL,0.15224371119205027
1999-12-01,AAPL,0.13921495379179596
1999-12-02,AAPL,0.181673833821191
1999-12-03,AAPL,0.21041512828752382
1999-12-06,AAPL,0.22755671712954822
1999-12-07,AAPL,0.10271325516820737
1999-12-08,AAPL,0.15073716849631788
1999-12-09,AAPL,0.08672172122096028
1999-12-10,AAPL,0.15665658721494108
1999-12-13,AAPL,0.3041384070309288
1999-12-14,AAPL,0.4770314798633176
1999-12-15,AAPL,0.8357533366749953
1999-12-16,AAPL,0.5631803001048828
1999-12-17,AAPL,0.3491316242910375
1999-12-20,AAPL,0.6093664002484992
1999-12-21,AAPL,0.4519804368716391
1999-12-22,AAPL,0.6625964116409905
1999-12-23,AAPL,0.4186701941933532
1999-12-27,AAPL,0.42277149092810085
1999-12-28,AAPL,0.2823489907168564
1999-12-29,AAPL,0.43207688381408255
1999-12-30,AAPL,0.5083106125732053
1999-12-31,AAPL,0.4938765394773735
2000-01-03,AAPL,0.3354258156904928
2000-01-04,AAPL,0.33849117053408734
2000-01-05,AAPL,0.33151251157944067
2000-01-06,AAPL,0.3227862679545558
2000-01-07,AAPL,0.32070337287940365
2000-01-10,AAPL,0.317028192291347
2000-01-11,AAPL,0.3107385902127454
2000-01-12,AAPL,0.31510263362626073
2000-01-13,AAPL,0.30809078880512525
2000-01-14,AAPL,0.32743124422189523
2000-01-18,AAPL,0.3470831468309924
2000-01-19,AAPL,0.33440116215680554
2000-01-20,AAPL,0.33690093772895796
2000-01-21,AAPL,0.3190535336155572
2000-01-24,AAPL,0.30876840536174016
2000-01-25,AAPL,0.3170900944294151
2000-01-26,AAPL,0.3081617410772801
2000-01-27,AAPL,0.3080821516519555
2000-01-28,AAPL,0.32058107431311655
2000-01-31,AAPL,0.325243835095285
2000-02-01,AAPL,0.33670716898253134
2000-02-02,AAPL,0.3553122552379019
2000-02-03,AAPL,0.3458203963384054
2000-02-04,AAPL,0.35066889058882
2000-02-07,AAPL,0.33666211693299175
2000-02-08,AAPL,0.35114248147587457
2000-02-09,AAPL,0.3357381520975844
2000-02-10,AAPL,0.34143303347497717
2000-02-11,AAPL,0.3277617985595239
2000-02-14,AAPL,0.31254135162564833
2000-02-15,AAPL,0.3151715314213878
2000-02-16,AAPL,0.3119439308808156
2000-02-17,AAPL,0.3372850782481703
2000-02-18,AAPL,0.3412257168641991
2000-02-22,AAPL,0.35795374273832653
2000-02-23,AAPL,0.3616177232494614
2000-02-24,AAPL,0.35397922547021904
2000-02-25,AAPL,0.33708986204563496
2000-02-28,AAPL,0.318563960885654
2000-02-29,AAPL,0.32869465495002115
2000-03-01,AAPL,0.34688433440978483
2000-03-02,AAPL,0.34635014638429273
2000-03-03,AAPL,0.35405722818939095
2000-03-06,AAPL,0.335428148357344
2000-03-07,AAPL,0.3270356055254903
2000-03-08,AAPL,0.33130524521763405
2000-03-09,AAPL,0.33299961649675397
2000-03-10,AAPL,0.33161240073538584
2000-03-13,AAPL,0.33373101673121813
2000-03-14,AAPL,0.3224235790940228
2000-03-15,AAPL,0.3409522643161173
2000-03-16,AAPL,0.3450793145141314
2000-03-17,AAPL,0.35156078143150393
2000-03-20,AAPL,0.3517602617313845
2000-03-21,AAPL,0.32352949459114294
2000-03-22,AAPL,0.34924256898105277
2000-03-23,AAPL,0.34083068561216756
2000-03-24,AAPL,0.3496961635238337
2000-03-27,AAPL,0.3495345662231885
2000-03-28,AAPL,0.33278594809682505
2000-03-29,AAPL,0.3214980050472229
2000-03-30,AAPL,0.3201331577938444
2000-03-31,AAPL,0.3268106842829491
2000-04-03,AAPL,0.34511519882475333
2000-04-04,AAPL,0.35356820471944983
2000-04-05,AAPL,0.3564201910218241
2000-04-06,AAPL,0.3526208650224268
2000-04-07,AAPL,0.34488999051736635
2000-04-10,AAPL,0.3308318791382167
2000-04-11,AAPL,0.30999365942987733
2000-04-12,AAPL,0.30552203778531056
2000-04-13,AAPL,0.2954048630771214
2000-04-14,AAPL,0.30435912380463265
2000-04-17,AAPL,0.30977596827727644
2000-04-18,AAPL,0.3133823808093696
2000-04-19,AAPL,0.3354844924652758
2000-04-20,AAPL,0.3050822175394786
2000-04-24,AAPL,0.31815142456010426
2000-04-25,AAPL,0.3132321488728135
2000-04-26,AAPL,0.3047218767122725
2000-04-27,AAPL,0.2940838862521366
2000-04-28,AAPL,0.30080081335564146
2000-05-01,AAPL,0.3015487075758684
2000-05-02,AAPL,0.3252114441810253
2000-05-03,AAPL,0.346815685866035
2000-05-04,AAPL,0.3236665606258439
2000-05-05,AAPL,0.3246556390890003
2000-05-08,AAPL,0.29965128646316513
2000-05-09,AAPL,0.30324568396480805
2000-05-10,AAPL,0.3027310537591498
2000-05-11,AAPL,0.31694141626927763
2000-05-12,AAPL,0.3147981537946664
2000-05-15,AAPL,0.30082145414420497
2000-05-16,AAPL,0.30154559102479433
2000-05-17,AAPL,0.2906325391379168
2000-05-18,AAPL,0.2844734832630937
2000-05-19,AAPL,0.28658646379832203
2000-05-22,AAPL,0.28944122624452384
2000-05-23,AAPL,0.28278789682383865
2000-05-24,AAPL,0.27963324075043466
2000-05-25,AAPL,0.2792853784924617
2000-05-26,AAPL,0.29365015424148483
2000-05-30,AAPL,0.29098414179734594
2000-05-31,AAPL,0.31417600998039713
2000-06-01,AAPL,0.2974098307166911
2000-06-02,AAPL,0.29262813587592934
2000-06-05,AAPL,0.29798629205448135
2000-06-06,AAPL,0.2748802934961914
2000-06-07,AAPL,0.2876294304415241
2000-06-08,AAPL,0.29445724335854745
2000-06-09,AAPL,0.3091274771144199
2000-06-12,AAPL,0.3144947119011494
2000-06-13,AAPL,0.33346935838022607
2000-06-14,AAPL,0.3118856561099048
2000-06-15,AAPL,0.3247756434132122
2000-06-16,AAPL,0.3341167229443853
2000-06-19,AAPL,0.3358231726135986
2000-06-20,AAPL,0.3571412471860113
2000-06-21,AAPL,0.3644134841124839
2000-06-22,AAPL,0.35472345722038134
2000-06-23,AAPL,0.3557279941928171
2000-06-26,AAPL,0.3360565566997882
2000-06-27,AAPL,0.3337352327097394
2000-06-28,AAPL,0.3212746320357667
2000-06-29,AAPL,0.3260565747910169
2000-06-30,AAPL,0.3279313761039415
2000-07-03,AAPL,0.3354132052820141
2000-07-05,AAPL,0.3550140935575261
2000-07-06,AAPL,0.3608218407723179
2000-07-07,AAPL,0.3629571101870452
2000-07-10,AAPL,0.34785440608663
2000-07-11,AAPL,0.35662244176414554
2000-07-12,AAPL,0.33143972341666356
2000-07-13,AAPL,0.3511213003121403
2000-07-14,AAPL,0.3455920757895237
2000-07-17,AAPL,0.3402926390927478
2000-07-18,AAPL,0.3535720313685222
2000-07-19,AAPL,0.3181749359766932
2000-07-20,AAPL,0.3296343549825429
2000-07-21,AAPL,0.33620312058780355
2000-07-24,AAPL,0.33216684139489333
2000-07-25,AAPL,0.33260126353499647
2000-07-26,AAPL,0.34608326824716
2000-07-27,AAPL,0.32411916072918884
2000-07-28,AAPL,0.3203501303224692
2000-07-31,AAPL,0.32683899298406
2000-08-01,AAPL,0.3161764853966605
2000-08-02,AAPL,0.30960927426390117
2000-08-03,AAPL,0.30458802683422803
2000-08-04,AAPL,0.3013304754955938
2000-08-07,AAPL,0.28447887049450116
2000-08-08,AAPL,0.3054706199103686
2000-08-09,AAPL,0.28982425485410185
2000-08-10,AAPL,0.3034004277919993
2000-08-11,AAPL,0.3153461369203837
2000-08-14,AAPL,0.3104960578272944
2000-08-15,AAPL,0.30578743545174303
2000-08-16,AAPL,0.29189800672953997
2000-08-17,AAPL,0.33013883088801876
2000-08-18,AAPL,0.30986498258041106
2000-08-21,AAPL,0.3304612818219625
2000-08-22,AAPL,0.350881503086631
2000-08-23,AAPL,0.35374278949075133
2000-08-24,AAPL,0.35921086715292105
2000-08-25,AAPL,0.36705187984081894
2000-08-28,AAPL,0.37568459925272124
2000-08-29,AAPL,0.3736372074745903
2000-08-30,AAPL,0.3833625060329631
2000-08-31,AAPL,0.3909763297680863
2000-09-01,AAPL,0.39105651531145047
2000-09-05,AAPL,0.3917995062727452
2000-09-06,AAPL,0.3687961242525836
2000-09-07,AAPL,0.3636481069958209
2000-09-08,AAPL,0.37272061720859273
2000-09-11,AAPL,0.36560505749965627
2000-09-12,AAPL,0.36494982158067696
2000-09-13,AAPL,0.36096176652845224
2000-09-14,AAPL,0.3431859027479331
2000-09-15,AAPL,0.3383374699445353
2000-09-18,AAPL,0.3494244847285879
2000-09-19,AAPL,0.3503084062537045
2000-09-20,AAPL,0.33678790148160476
2000-09-21,AAPL,0.3344127979839841
2000-09-22,AAPL,0.30811401892236717
2000-09-25,AAPL,0.3012522892617037
2000-09-26,AAPL,0.3135765741077699
2000-09-27,AAPL,0.2921046885558345
2000-09-28,AAPL,0.3014619763562583
2000-09-29,AAPL,0.34055920164222464
2000-10-02,AAPL,0.32520707512550184
2000-10-03,AAPL,0.3296482331837318
2000-10-04,AAPL,0.32502939799327935
2000-10-05,AAPL,0.33011898128834416
2000-10-06,AAPL,0.32859448362897525
2000-10-09,AAPL,0.33568725326484045
2000-10-10,AAPL,0.33451967641328423
2000-10-11,AAPL,0.33026030567257747
2000-10-12,AAPL,0.3363225313503769
2000-10-13,AAPL,0.2552525641921021
2000-10-16,AAPL,0.258450459600122
2000-10-17,AAPL,0.2578447937592122
2000-10-18,AAPL,0.24294690796685456
2000-10-19,AAPL,0.2730298753407494
2000-10-20,AAPL,0.271904811503488
2000-10-23,AAPL,0.2826318083403293
2000-10-24,AAPL,0.2715580905926726
2000-10-25,AAPL,0.26583270869524583
2000-10-26,AAPL,0.26391875900098166
2000-10-27,AAPL,0.29704335495635564
2000-10-30,AAPL,0.30194581582529767
2000-10-31,AAPL,0.31487977439534387
2000-11-01,AAPL,0.3124814033064221
2000-11-02,AAPL,0.28793293246231805
2000-11-03,AAPL,0.30686521891217283
2000-11-06,AAPL,0.32894603838618286
2000-11-07,AAPL,0.3123846942227208
2000-11-08,AAPL,0.3197384661896185
2000-11-09,AAPL,0.303227843798882
2000-11-10,AAPL,0.2874701971707931
2000-11-13,AAPL,0.3130605275237685
2000-11-14,AAPL,0.3284666268850705
2000-11-15,AAPL,0.3426873755489372
2000-11-16,AAPL,0.3531269149425346
2000-11-17,AAPL,0.33918499713657846
2000-11-20,AAPL,0.32742995741541353
2000-11-21,AAPL,0.3163676892825786
2000-11-22,AAPL,0.2747874991629723
2000-11-24,AAPL,0.2881550360521378
2000-11-27,AAPL,0.2910552224753045
2000-11-28,AAPL,0.2900357864470261
2000-11-29,AAPL,0.30445592250332715
2000-11-30,AAPL,0.29596774556980376
2000-12-01,AAPL,0.29660008874612254
2000-12-04,AAPL,0.29136382838608715
2000-12-05,AAPL,0.2811847927490076
2000-12-06,AAPL,0.291517590895395
2000-12-07,AAPL,0.2912185305099997
2000-12-08,AAPL,0.30400688102492873
2000-12-11,AAPL,0.3000879162590711
2000-12-12,AAPL,0.2959278414153452
2000-12-13,AAPL,0.30476077047924655
2000-12-14,AAPL,0.2813620237583078
2000-12-15,AAPL,0.2855308379035677
2000-12-18,AAPL,0.2872343082637267
2000-12-19,AAPL,0.29308086453590454
2000-12-20,AAPL,0.27916821011634085
2000-12-21,AAPL,0.27300341860849425
2000-12-22,AAPL,0.2907504890615752
2000-12-26,AAPL,0.2916364963436448
2000-12-27,AAPL,0.3399022098119088
2000-12-28,AAPL,0.3351638501910253
2000-12-29,AAPL,0.3123984494497817
2001-01-02,AAPL,0.29990147917086835
2001-01-03,AAPL,0.3197345417331225
2001-01-04,AAPL,0.33552611950835454
2001-01-05,AAPL,0.34655763427716785
2001-01-08,AAPL,0.3511315288905773
2001-01-09,AAPL,0.3696656261613124
2001-01-10,AAPL,0.350521700752279
2001-01-11,AAPL,0.3419292285444487
2001-01-12,AAPL,0.34898748471905366
2001-01-16,AAPL,0.3356484652072537
2001-01-17,AAPL,0.33208225788111556
2001-01-18,AAPL,0.36071291181943693
2001-01-19,AAPL,0.37069470634593
2001-01-22,AAPL,0.3663900036400645
2001-01-23,AAPL,0.365126763843979
2001-01-24,AAPL,0.3759409249060181
2001-01-25,AAPL,0.34120123193539714
2001-01-26,AAPL,0.36813016961846234
2001-01-29,AAPL,0.3516905136764226
2001-01-30,AAPL,0.34602734212677405
2001-01-31,AAPL,0.35089702389561356
2001-02-01,AAPL,0.37307098654517407
2001-02-02,AAPL,0.3967328851501348
2001-02-05,AAPL,0.3757319018395891
2001-02-06,AAPL,0.3981920492734698
2001-02-07,AAPL,0.37914836337678637
2001-02-08,AAPL,0.3602983709824545
2001-02-09,AAPL,0.34715946359138977
2001-02-12,AAPL,0.35422624515344814
2001-02-13,AAPL,0.34706952981398137
2001-02-14,AAPL,0.35661652791316806
2001-02-15,AAPL,0.3666619422628847
2001-02-16,AAPL,0.3247311302435918
2001-02-20,AAPL,0.3093382179574904
2001-02-21,AAPL,0.3293990646532628
2001-02-22,AAPL,0.3290670896830009
2001-02-23,AAPL,0.33159104623762153
2001-02-26,AAPL,0.3322043983616457
2001-02-27,AAPL,0.3269347341025312
2001-02-28,AAPL,0.3127709804229389
2001-03-01,AAPL,0.32103956079787793
2001-03-02,AAPL,0.35621590144347226
2001-03-05,AAPL,0.3409222184699449
2001-03-06,AAPL,0.3470604579783466
2001-03-07,AAPL,0.3603876881993943
2001-03-08,AAPL,0.34331473551517827
2001-03-09,AAPL,0.3507207540044609
2001-03-12,AAPL,0.34390332439549504
2001-03-13,AAPL,0.33135664386296115
2001-03-14,AAPL,0.32280748044748875
2001-03-15,AAPL,0.32871903009381714
2001-03-16,AAPL,0.3282953106001212
2001-03-19,AAPL,0.3558946447628096
2001-03-20,AAPL,0.37208575959453144
2001-03-21,AAPL,0.36060498398159446
2001-03-22,AAPL,0.3579478908323379
2001-03-23,AAPL,0.34641908935593485
2001-03-26,AAPL,0.3070166331312924
2001-03-27,AAPL,0.3280494428700241
2001-03-28,AAPL,0.33888444680126123
2001-03-29,AAPL,0.3270803722000944
2001-03-30,AAPL,0.34120451085831793
2001-04-02,AAPL,0.34821963846241344
2001-04-03,AAPL,0.31691946691683537
2001-04-04,AAPL,0.32501776457413667
2001-04-05,AAPL,0.34362525982713293
2001-04-06,AAPL,0.35217973483935433
2001-04-09,AAPL,0.3493490545466921
2001-04-10,AAPL,0.36914299280279717
2001-04-11,AAPL,0.35486095377282006
2001-04-12,AAPL,0.33692733322216073
2001-04-16,AAPL,0.34327119415438534
2001-04-17,AAPL,0.31485808955113664
2001-04-18,AAPL,0.3076708794218067
2001-04-19,AAPL,0.3019305639845172
2001-04-20,AAPL,0.3342925139844973
2001-04-23,AAPL,0.33813304489779555
2001-04-24,AAPL,0.3542705680564695
2001-04-25,AAPL,0.3712844038754301
2001-04-26,AAPL,0.343695755623702
2001-04-27,AAPL,0.35924275453984683
2001-04-30,AAPL,0.3474998718650934
2001-05-01,AAPL,0.32189619364340044
2001-05-02,AAPL,0.352190593578143
2001-05-03,AAPL,0.36924850119707603
2001-05-04,AAPL,0.36747697424460896
2001-05-07,AAPL,0.37029501916369784
2001-05-08,AAPL,0.3432857898648143
2001-05-09,AAPL,0.31136929521128615
2001-05-10,AAPL,0.31711199907473153
2001-05-11,AAPL,0.3330991353416375
2001-05-14,AAPL,0.3342941834776061
2001-05-15,AAPL,0.3279167740587322
2001-05-16,AAPL,0.3477125136200281
2001-05-17,AAPL,0.31640354312935165
2001-05-18,AAPL,0.3301669402167264
2001-05-21,AAPL,0.30987605406081387
2001-05-22,AAPL,0.29226838946724054
2001-05-23,AAPL,0.3016352521630292
2001-05-24,AAPL,0.27099011140347945
2001-05-25,AAPL,0.27806895815847094
2001-05-29,AAPL,0.274162985803896
2001-05-30,AAPL,0.26975856072646925
2001-05-31,AAPL,0.2883106932699186
2001-06-01,AAPL,0.3027587435533493
2001-06-04,AAPL,0.2965226700146005
2001-06-05,AAPL,0.30570833748493553
2001-06-06,AAPL,0.28970566677493853
2001-06-07,AAPL,0.31039431127549894
2001-06-08,AAPL,0.3042132306058381
2001-06-11,AAPL,0.2944321001545614
2001-06-12,AAPL,0.28331741404789756
2001-06-13,AAPL,0.2701802884322897
2001-06-14,AAPL,0.2699076260692556
2001-06-15,AAPL,0.28729063949673456
2001-06-18,AAPL,0.3067446659697747
2001-06-19,AAPL,0.3357215448409626
2001-06-20,AAPL,0.34063876855544395
2001-06-21,AAPL,0.35127367975136325
2001-06-22,AAPL,0.3476408544949515
2001-06-25,AAPL,0.33315737726907796
2001-06-26,AAPL,0.34209435995443244
2001-06-27,AAPL,0.31779066497248937
2001-06-28,AAPL,0.3128210424996318
2001-06-29,AAPL,0.3467791052207654
2001-07-02,AAPL,0.33739245218769837
2001-07-03,AAPL,0.33682748523815687
2001-07-05,AAPL,0.36061035563269644
2001-07-06,AAPL,0.3441711136110633
2001-07-09,AAPL,0.34490369258510634
2001-07-10,AAPL,0.3463575891799211
2001-07-11,AAPL,0.3307524353666668
2001-07-12,AAPL,0.3306554797137324
2001-07-13,AAPL,0.34799913459084947
2001-07-16,AAPL,0.32083548129236544
2001-07-17,AAPL,0.3396805400992028
2001-07-18,AAPL,0.31906355720852925
2001-07-19,AAPL,0.301310260481426
2001-07-20,AAPL,0.29341986143408993
2001-07-23,AAPL,0.29739775527804646
2001-07-24,AAPL,0.2814459731116106
2001-07-25,AAPL,0.31084416348389066
2001-07-26,AAPL,0.3349911522195424
2001-07-27,AAPL,0.3341434558150827
2001-07-30,AAPL,0.34251205564054243
2001-07-31,AAPL,0.33545913838055413
2001-08-01,AAPL,0.2765398374562513
2001-08-02,AAPL,0.2680055362356438
2001-08-03,AAPL,0.27310662825475196
2001-08-06,AAPL,0.24897653978562417
2001-08-07,AAPL,0.2801346307891337
2001-08-08,AAPL,0.28406735118831716
2001-08-09,AAPL,0.2862288080961927
2001-08-10,AAPL,0.3023659780492379
2001-08-13,AAPL,0.3182033978088792
2001-08-14,AAPL,0.3284658188808243
2001-08-15,AAPL,0.3169629912105222
2001-08-16,AAPL,0.315375051580305
2001-08-17,AAPL,0.3025154651577739
2001-08-20,AAPL,0.30082874781829055
2001-08-21,AAPL,0.2907386017952697
2001-08-22,AAPL,0.26448298273351056
2001-08-23,AAPL,0.2670655980531368
2001-08-24,AAPL,0.3025195178960277
2001-08-27,AAPL,0.31173138729322597
2001-08-28,AAPL,0.3088720970411982
2001-08-29,AAPL,0.2893442824561051
2001-08-30,AAPL,0.29274862743802255
2001-08-31,AAPL,0.2962372338965642
2001-09-04,AAPL,0.29921952417529984
2001-09-05,AAPL,0.31042151751324515
2001-09-06,AAPL,0.3034572413231907
2001-09-07,AAPL,0.3036759532325667
2001-09-10,AAPL,0.3079007693389049
2001-09-17,AAPL,0.31243983774002565
2001-09-18,AAPL,0.2935674349064681
2001-09-19,AAPL,0.3050171566519905
2001-09-20,AAPL,0.286825299959028
2001-09-21,AAPL,0.28141125940399203
2001-09-24,AAPL,0.2996504649743856
2001-09-25,AAPL,0.31116473215463336
2001-09-26,AAPL,0.29488210342391913
2001-09-27,AAPL,0.28720838677309607
2001-09-28,AAPL,0.29344515418074313
2001-10-01,AAPL,0.2808676891188763
2001-10-02,AAPL,0.2848770870936776
2001-10-03,AAPL,0.29593738540588066
2001-10-04,AAPL,0.2895405855739414
2001-10-05,AAPL,0.3030497912780812
2001-10-08,AAPL,0.32788002119189485
2001-10-09,AAPL,0.30044444247129526
2001-10-10,AAPL,0.3333856861936806
2001-10-11,AAPL,0.340258647053753
2001-10-12,AAPL,0.3324457808664691
2001-10-15,AAPL,0.36385784053431075
2001-10-16,AAPL,0.37397644461852425
2001-10-17,AAPL,0.3319334350658687
2001-10-18,AAPL,0.3398049758127467
2001-10-19,AAPL,0.3501051394938838
2001-10-22,AAPL,0.36724059208253496
2001-10-23,AAPL,0.34742934029337597
2001-10-24,AAPL,0.35860628690860047
2001-10-25,AAPL,0.36876526770532025
2001-10-26,AAPL,0.36273395809883846
2001-10-29,AAPL,0.3495182186945159
2001-10-30,AAPL,0.33928251518993074
2001-10-31,AAPL,0.30609431624274674
2001-11-01,AAPL,0.32408630961474927
2001-11-02,AAPL,0.335457525530202
2001-11-05,AAPL,0.35401470759206516
2001-11-06,AAPL,0.36635695687176584
2001-11-07,AAPL,0.36735881056853914
2001-11-08,AAPL,0.348289776164624
2001-11-09,AAPL,0.32853567534345285
2001-11-12,AAPL,0.33086103922047005
2001-11-13,AAPL,0.3188226052947795
2001-11-14,AAPL,0.31624771789100675
2001-11-15,AAPL,0.34876868238674386
2001-11-16,AAPL,0.3707658791603027
2001-11-19,AAPL,0.38674306665837466
2001-11-20,AAPL,0.3810686518066973
2001-11-21,AAPL,0.36414912291588614
2001-11-23,AAPL,0.3579894202940201
2001-11-26,AAPL,0.3599843997078596
2001-11-27,AAPL,0.34393642764367843
2001-11-28,AAPL,0.34550912096797487
2001-11-29,AAPL,0.3675859165639829
2001-11-30,AAPL,0.37033592293126794
2001-12-03,AAPL,0.35333711103986293
2001-12-04,AAPL,0.36507459185106633
2001-12-05,AAPL,0.3625719920623069
2001-12-06,AAPL,0.3600445732927375
2001-12-07,AAPL,0.3609737633272176
2001-12-10,AAPL,0.3712252761451407
2001-12-11,AAPL,0.35819646853971815
2001-12-12,AAPL,0.34048045913128067
2001-12-13,AAPL,0.33526201802104083
2001-12-14,AAPL,0.317054166842975
2001-12-17,AAPL,0.31955213936794213
2001-12-18,AAPL,0.34909528489287817
2001-12-19,AAPL,0.36997227698025686
2001-12-20,AAPL,0.3418919135432914
2001-12-21,AAPL,0.3468544776532787
2001-12-24,AAPL,0.33167806258270743
2001-12-26,AAPL,0.29322861927471494
2001-12-27,AAPL,0.31150806115973745
2001-12-28,AAPL,0.3202231437303195
2001-12-31,AAPL,0.30840801959784564
2002-01-02,AAPL,0.3030228904602839
2002-01-03,AAPL,0.34139089158174
2002-01-04,AAPL,0.36510718071497167
2002-01-07,AAPL,0.3064026520927972
2002-01-08,AAPL,0.2991049882975288
2002-01-09,AAPL,0.22814499314558973
2002-01-10,AAPL,0.20211900722216974
2002-01-11,AAPL,0.25251493902848177
2002-01-14,AAPL,0.22575114321130696
2002-01-15,AAPL,0.2794842976488578
2002-01-16,AAPL,0.2509821853471951
2002-01-17,AAPL,0.3887910457012741
2002-01-18,AAPL,0.27197047842637745
2002-01-22,AAPL,0.280414407896897
2002-01-23,AAPL,0.30274820784945605
2002-01-24,AAPL,0.274496967875925
2002-01-25,AAPL,0.28874169420139967
2002-01-28,AAPL,0.27587201802608863
2002-01-29,AAPL,0.3055513122594929
2002-01-30,AAPL,0.2533354724123884
2002-01-31,AAPL,0.26961462787104395
2002-02-01,AAPL,0.29275548859417755
2002-02-04,AAPL,0.24443596861217232
2002-02-05,AAPL,0.2797754569240441
2002-02-06,AAPL,0.2841382046733506
2002-02-07,AAPL,0.29341195131135817
2002-02-08,AAPL,0.27925914520706796
2002-02-11,AAPL,0.24480349074038635
2002-02-12,AAPL,0.33377975444507657
2002-02-13,AAPL,0.2806384543114883
2002-02-14,AAPL,0.30093208516360065
2002-02-15,AAPL,0.36247748698159393
2002-02-19,AAPL,0.21127550833608733
2002-02-20,AAPL,0.2258602733022303
2002-02-21,AAPL,0.17709900604664355
2002-02-22,AAPL,0.2070913296535266
2002-02-25,AAPL,0.3077438053087027
2002-02-26,AAPL,0.3536051219041733
2002-02-27,AAPL,0.17177095263031425
2002-02-28,AAPL,0.22812119237558465
2002-03-01,AAPL,0.34854466269347334
2002-03-04,AAPL,0.3072727339894226
2002-03-05,AAPL,0.2358218904433933
2002-03-06,AAPL,0.19392126180209923
2002-03-07,AAPL,0.15554416483052402
2002-03-08,AAPL,0.20102417832652694
2002-03-11,AAPL,0.2672471960080503
2002-03-12,AAPL,0.3148900878090893
2002-03-13,AAPL,0.27546277736498503
2002-03-14,AAPL,0.28885622971191016
2002-03-15,AAPL,0.27076768998442935
2002-03-18,AAPL,0.3622935865071428
2002-03-19,AAPL,0.2774632401906604
2002-03-20,AAPL,0.28028078378884885
2002-03-21,AAPL,0.31386015066779477
2002-03-22,AAPL,0.32298291962711356
2002-03-25,AAPL,0.23590145118544809
2002-03-26,AAPL,0.24480966945151164
2002-03-27,AAPL,0.36855215344872405
2002-03-28,AAPL,0.3704525103010921
2002-04-01,AAPL,0.34893623786554345
2002-04-02,AAPL,0.34688249195911985
2002-04-03,AAPL,0.37611477636674656
2002-04-04,AAPL,0.3957133306281232
2002-04-05,AAPL,0.41641477580920244
2002-04-08,AAPL,0.40771405517947773
2002-04-09,AAPL,0.35316737551522515
2002-04-10,AAPL,0.3849628415686495
2002-04-11,AAPL,0.38951884102930884
2002-04-12,AAPL,0.3810610797752202
2002-04-15,AAPL,0.3537871141540059
2002-04-16,AAPL,0.3966946589505
2002-04-17,AAPL,0.3459793531546051
2002-04-18,AAPL,0.3746632255753525
2002-04-19,AAPL,0.38179948966566923
2002-04-22,AAPL,0.35838640694129015
2002-04-23,AAPL,0.3235192348488888
2002-04-24,AAPL,0.3363453050773382
2002-04-25,AAPL,0.2830859486850117
2002-04-26,AAPL,0.21084059928191648
2002-04-29,AAPL,0.2453068128602921
2002-04-30,AAPL,0.30059813950295716
2002-05-01,AAPL,0.32620250409093654
2002-05-02,AAPL,0.22924504577495053
2002-05-03,AAPL,0.22336344902543603
2002-05-06,AAPL,0.14366703537229528
2002-05-07,AAPL,0.11037153893367767
2002-05-08,AAPL,0.24674109136424083
2002-05-09,AAPL,0.28922122349670865
2002-05-10,AAPL,0.17140852268144963
2002-05-13,AAPL,0.27273200304927353
2002-05-14,AAPL,0.27010972648929477
2002-05-15,AAPL,0.29636258107935476
2002-05-16,AAPL,0.285313816105842
2002-05-17,AAPL,0.3187837706954404
2002-05-20,AAPL,0.26611915639401257
2002-05-21,AAPL,0.213970581280192
2002-05-22,AAPL,0.2478616162682247
2002-05-23,AAPL,0.2927447916818027
2002-05-24,AAPL,0.2885343124537308
2002-05-28,AAPL,0.29386918266561635
2002-05-29,AAPL,0.28309951938241673
2002-05-30,AAPL,0.31660857960717176
2002-05-31,AAPL,0.19682200076531448
2002-06-03,AAPL,0.20150827142216146
2002-06-04,AAPL,0.2137004408683215
2002-06-05,AAPL,0.26645805242319587
2002-06-06,AAPL,0.11928776136940429
2002-06-07,AAPL,0.17302864370057006
2002-06-10,AAPL,0.15496904985050125
2002-06-11,AAPL,0.2484628680990324
2002-06-12,AAPL,0.1462058651038306
2002-06-13,AAPL,0.1353211882386886
2002-06-14,AAPL,0.18261863826424704
2002-06-17,AAPL,0.10644792053769303
2002-06-18,AAPL,0.2522820699924961
2002-06-19,AAPL,0.1786428661665044
2002-06-20,AAPL,0.17866453314868547
2002-06-21,AAPL,0.18968067303637304
2002-06-24,AAPL,0.11969868314059308
2002-06-25,AAPL,0.2026738959073635
2002-06-26,AAPL,0.2228393366670154
2002-06-27,AAPL,0.09186072521433643
2002-06-28,AAPL,0.12929818511431107
2002-07-01,AAPL,0.13959539673744228
2002-07-02,AAPL,0.15133429840699347
2002-07-03,AAPL,0.17432583069349103
2002-07-05,AAPL,0.17259286708566313
2002-07-08,AAPL,0.2801055896797572
2002-07-09,AAPL,0.29923683754916136
2002-07-10,AAPL,0.23964306167126134
2002-07-11,AAPL,0.28304341628052804
2002-07-12,AAPL,0.38738573056353903
2002-07-15,AAPL,0.37537324520051396
2002-07-16,AAPL,0.46873719926650553
2002-07-17,AAPL,0.2780355189224579
2002-07-18,AAPL,0.2307472221608689
2002-07-19,AAPL,0.29265178216094945
2002-07-22,AAPL,0.2463473926013144
2002-07-23,AAPL,0.5451382672028434
2002-07-24,AAPL,0.21151297779624229
2002-07-25,AAPL,0.6592461540784607
2002-07-26,AAPL,0.2660702691054296
2002-07-29,AAPL,0.1699965884502496
2002-07-30,AAPL,0.3250844788735828
2002-07-31,AAPL,0.3526478822659597
2002-08-01,AAPL,0.2892390253351029
2002-08-02,AAPL,0.1441773627876314
2002-08-05,AAPL,0.22430626276406823
2002-08-06,AAPL,0.2060656810393815
2002-08-07,AAPL,0.41283475644561723
2002-08-08,AAPL,0.2751819399046664
2002-08-09,AAPL,0.4535848935594657
2002-08-12,AAPL,0.37368698841387926
2002-08-13,AAPL,0.3243510985419761
2002-08-14,AAPL,0.29180809080805653
2002-08-15,AAPL,0.24508988510041485
2002-08-16,AAPL,0.25850311203950405
2002-08-19,AAPL,0.24969012484110964
2002-08-20,AAPL,0.39537317237375125
2002-08-21,AAPL,0.1557595129371328
2002-08-22,AAPL,0.3395518514026687
2002-08-23,AAPL,0.33139510679701484
2002-08-26,AAPL,0.3346344021338921
2002-08-27,AAPL,0.4976940883302231
2002-08-28,AAPL,0.5030116981867062
2002-08-29,AAPL,0.4540905321407927
2002-08-30,AAPL,0.4688465751597076
2002-09-03,AAPL,0.3191309781080162
2002-09-04,AAPL,0.44384651184381724
2002-09-05,AAPL,0.3608336608905391
2002-09-06,AAPL,0.2376073309899861
2002-09-09,AAPL,0.46394907509215927
2002-09-10,AAPL,0.5482254253035349
2002-09-11,AAPL,0.5171518474217558
2002-09-12,AAPL,0.3680359169813115
2002-09-13,AAPL,0.3426907231451571
2002-09-16,AAPL,0.3361834097853453
2002-09-17,AAPL,0.4820896056912137
2002-09-18,AAPL,0.43215443246441904
2002-09-19,AAPL,0.5453367481194218
2002-09-20,AAPL,0.42486285716791117
2002-09-23,AAPL,0.3331964755058973
2002-09-24,AAPL,0.4660852838143564
2002-09-25,AAPL,0.3948020447358657
2002-09-26,AAPL,0.572569766817692
2002-09-27,AAPL,0.5594796886907203
2002-09-30,AAPL,0.6683738209616296
2002-10-01,AAPL,0.6403817931061285
2002-10-02,AAPL,0.5723999984955563
2002-10-03,AAPL,0.7465040845813785
2002-10-04,AAPL,0.5452035668101175
2002-10-07,AAPL,0.5494712409912638
2002-10-08,AAPL,0.6155010240111267
2002-10-09,AAPL,0.4960531418356659
2002-10-10,AAPL,0.38332246091901195
2002-10-11,AAPL,0.574334937615802
2002-10-14,AAPL,0.5412209104678846
2002-10-15,AAPL,0.53142347868337
2002-10-16,AAPL,0.47037506387445693
2002-10-17,AAPL,0.5364401717898876
2002-10-18,AAPL,0.4561068773875308
2002-10-21,AAPL,0.44954117252428605
2002-10-22,AAPL,0.4144661532990874
2002-10-23,AAPL,0.3817324158586167
2002-10-24,AAPL,0.45546803193324836
2002-10-25,AAPL,0.31422895378966387
2002-10-28,AAPL,0.33655298748427415
2002-10-29,AAPL,0.3654012180928378
2002-10-30,AAPL,0.31904356513401827
2002-10-31,AAPL,0.314499427192135
2002-11-01,AAPL,0.30317843067102945
2002-11-04,AAPL,0.37381589077853594
2002-11-05,AAPL,0.39231656696745293
2002-11-06,AAPL,0.4200067050667472
2002-11-07,AAPL,0.32171898845857677
2002-11-08,AAPL,0.27699767218384236
2002-11-11,AAPL,0.4886657632746452
2002-11-12,AAPL,0.35167521079838376
2002-11-13,AAPL,0.4584709669278276
2002-11-14,AAPL,0.36141453350725794
2002-11-15,AAPL,0.39379483829704903
2002-11-18,AAPL,0.4873252661115899
2002-11-19,AAPL,0.4170566518977076
2002-11-20,AAPL,0.376191412832392
2002-11-21,AAPL,0.360286578421155
2002-11-22,AAPL,0.33706051039427865
2002-11-25,AAPL,0.3841593736133601
2002-11-26,AAPL,0.34200606426779717
2002-11-27,AAPL,0.3408550317856545
2002-11-29,AAPL,0.30228874819372276
2002-12-02,AAPL,0.28224541944535814
2002-12-03,AAPL,0.2848470630638207
2002-12-04,AAPL,0.36070011824927734
2002-12-05,AAPL,0.29960180291103905
2002-12-06,AAPL,0.28821839812814115
2002-12-09,AAPL,0.35571159604663705
2002-12-10,AAPL,0.36760077159381416
2002-12-11,AAPL,0.40500373926894234
2002-12-12,AAPL,0.37906275687749963
2002-12-13,AAPL,0.37954217546435476
2002-12-16,AAPL,0.31388270210952585
2002-12-17,AAPL,0.3514501635483147
2002-12-18,AAPL,0.35314566771799816
2002-12-19,AAPL,0.38452810800611864
2002-12-20,AAPL,0.34777015500843833
2002-12-23,AAPL,0.2983416350550832
2002-12-24,AAPL,0.2320404187918158
2002-12-26,AAPL,0.31914042256493275
2002-12-27,AAPL,0.36457265943485323
2002-12-30,AAPL,0.3763208420013072
2002-12-31,AAPL,0.33739426650100807
2003-01-02,AAPL,0.30005393091576843
2003-01-03,AAPL,0.30583540056802533
2003-01-06,AAPL,0.3140186662872362
2003-01-07,AAPL,0.31035682874320375
2003-01-08,AAPL,0.2987433262887626
2003-01-09,AAPL,0.31832313244126675
2003-01-10,AAPL,0.3434164374438011
2003-01-13,AAPL,0.33614876163491586
2003-01-14,AAPL,0.3163024138382784
2003-01-15,AAPL,0.3209796079190037
2003-01-16,AAPL,0.3318772631309087
2003-01-17,AAPL,0.3346103898235046
2003-01-21,AAPL,0.32766055316858816
2003-01-22,AAPL,0.3073302974507668
2003-01-23,AAPL,0.2865385173113972
2003-01-24,AAPL,0.2756431115334709
2003-01-27,AAPL,0.2915132372792665
2003-01-28,AAPL,0.30940305713350935
2003-01-29,AAPL,0.33285133256821275
2003-01-30,AAPL,0.3135689372640061
2003-01-31,AAPL,0.31619362156386677
2003-02-03,AAPL,0.3142073884941324
2003-02-04,AAPL,0.3116766885491479
2003-02-05,AAPL,0.3110640765661854
2003-02-06,AAPL,0.3118244158895312
2003-02-07,AAPL,0.31751300503721297
2003-02-10,AAPL,0.32721989652042677
2003-02-11,AAPL,0.34285372290637195
2003-02-12,AAPL,0.33995922246641747
2003-02-13,AAPL,0.34996364310290495
2003-02-14,AAPL,0.34431736569800503
2003-02-18,AAPL,0.342879859927785
2003-02-19,AAPL,0.3195149361091551
2003-02-20,AAPL,0.34170112662115054
2003-02-21,AAPL,0.3448805079400242
2003-02-24,AAPL,0.31696339117652905
2003-02-25,AAPL,0.32670926715136034
2003-02-26,AAPL,0.32394990139884144
2003-02-27,AAPL,0.3300973194685111
2003-02-28,AAPL,0.3465949103997242
2003-03-03,AAPL,0.3358220610002244
2003-03-04,AAPL,0.341706393312106
2003-03-05,AAPL,0.3361321178396581
2003-03-06,AAPL,0.32668172569523285
2003-03-07,AAPL,0.3229381834391903
2003-03-10,AAPL,0.2916156245397213
2003-03-11,AAPL,0.3065306210594947
2003-03-12,AAPL,0.2987472736939019
2003-03-13,AAPL,0.3088802928178459
2003-03-14,AAPL,0.32997114558540536
2003-03-17,AAPL,0.3167804562294948
2003-03-18,AAPL,0.3504929835043313
2003-03-19,AAPL,0.329258667131037
2003-03-20,AAPL,0.3122269910353909
2003-03-21,AAPL,0.3449324113013314
2003-03-24,AAPL,0.3118460009983771
2003-03-25,AAPL,0.31013511351743345
2003-03-26,AAPL,0.3083415052723573
2003-03-27,AAPL,0.3225870121085255
2003-03-28,AAPL,0.3359592067623489
2003-03-31,AAPL,0.33286609020802105
2003-04-01,AAPL,0.33070551129747033
2003-04-02,AAPL,0.32003178413211086
2003-04-03,AAPL,0.31469047021645413
2003-04-04,AAPL,0.2997838269392808
2003-04-07,AAPL,0.2944181607519388
2003-04-08,AAPL,0.2992296085850489
2003-04-09,AAPL,0.2903979001975955
2003-04-10,AAPL,0.2944821719786623
2003-04-11,AAPL,0.2903187005529633
2003-04-14,AAPL,0.285860777726983
2003-04-15,AAPL,0.2926162428204405
2003-04-16,AAPL,0.29051879267073477
2003-04-17,AAPL,0.28516675334707187
2003-04-21,AAPL,0.3029857202044129
2003-04-22,AAPL,0.3092640501058034
2003-04-23,AAPL,0.2957354053963415
2003-04-24,AAPL,0.2942101973922267
2003-04-25,AAPL,0.2982181471394023
2003-04-28,AAPL,0.2845717403472427
2003-04-29,AAPL,0.2980886553150114
2003-04-30,AAPL,0.3061998493605571
2003-05-01,AAPL,0.30318387769471183
2003-05-02,AAPL,0.3616122345583032
2003-05-05,AAPL,0.3432566973330501
2003-05-06,AAPL,0.3587130822966689
2003-05-07,AAPL,0.37598522189191697
2003-05-08,AAPL,0.37313840032457835
2003-05-09,AAPL,0.3681877938601956
2003-05-12,AAPL,0.3645275045346411
2003-05-13,AAPL,0.36281686195433904
2003-05-14,AAPL,0.3694706323491025
2003-05-15,AAPL,0.3713508932305055
2003-05-16,AAPL,0.3706398166036829
2003-05-19,AAPL,0.3844506987026219
2003-05-20,AAPL,0.3979199816961727
2003-05-21,AAPL,0.3979502569744566
2003-05-22,AAPL,0.39966094583065204
2003-05-23,AAPL,0.38690961962552994
2003-05-27,AAPL,0.37225021668606667
2003-05-28,AAPL,0.3568975320714433
2003-05-29,AAPL,0.3376147456638421
2003-05-30,AAPL,0.3242239199472238
2003-06-02,AAPL,0.30730447903519154
2003-06-03,AAPL,0.29312667308480417
2003-06-04,AAPL,0.3037192953547971
2003-06-05,AAPL,0.30126151278364655
2003-06-06,AAPL,0.301154122012925
2003-06-09,AAPL,0.3123673143625563
2003-06-10,AAPL,0.33500874372455575
2003-06-11,AAPL,0.33073217303153146
2003-06-12,AAPL,0.32208502324056415
2003-06-13,AAPL,0.3178930853775911
2003-06-16,AAPL,0.3069867793704768
2003-06-17,AAPL,0.3201589918175188
2003-06-18,AAPL,0.3344530708743821
2003-06-19,AAPL,0.34359424142137207
2003-06-20,AAPL,0.3558604065180784
2003-06-23,AAPL,0.34736944371227857
2003-06-24,AAPL,0.3406166786156822
2003-06-25,AAPL,0.3396418647720985
2003-06-26,AAPL,0.3661350759996775
2003-06-27,AAPL,0.35828512512209437
2003-06-30,AAPL,0.36280723025914674
2003-07-01,AAPL,0.35915957615583916
2003-07-02,AAPL,0.36552424340204603
2003-07-03,AAPL,0.3779950268447781
2003-07-07,AAPL,0.3652203887917593
2003-07-08,AAPL,0.37003237307886316
2003-07-09,AAPL,0.33570796963152616
2003-07-10,AAPL,0.32983411089424713
2003-07-11,AAPL,0.33390675895122784
2003-07-14,AAPL,0.32764598446605364
2003-07-15,AAPL,0.3355432615709984
2003-07-16,AAPL,0.3310134323809745
2003-07-17,AAPL,0.337840448853176
2003-07-18,AAPL,0.3625643373941148
2003-07-21,AAPL,0.3614487893187076
2003-07-22,AAPL,0.3688283710196461
2003-07-23,AAPL,0.357593415966658
2003-07-24,AAPL,0.347114869064328
2003-07-25,AAPL,0.3419040615201215
2003-07-28,AAPL,0.32709722867590474
2003-07-29,AAPL,0.33061255745068924
2003-07-30,AAPL,0.3346060886206958
2003-07-31,AAPL,0.34667782477518
2003-08-01,AAPL,0.3407635578711408
2003-08-04,AAPL,0.3488532082674211
2003-08-05,AAPL,0.34056534395154936
2003-08-06,AAPL,0.3104699414268808
2003-08-07,AAPL,0.30446238229298134
2003-08-08,AAPL,0.32228316154006464
2003-08-11,AAPL,0.3089001775757914
2003-08-12,AAPL,0.30848327469633763
2003-08-13,AAPL,0.3146146282321955
2003-08-14,AAPL,0.3027514170475141
2003-08-15,AAPL,0.30677218822343677
2003-08-18,AAPL,0.3228550348199151
2003-08-19,AAPL,0.32567386468678017
2003-08-20,AAPL,0.3009775019775864
2003-08-21,AAPL,0.3228235953070198
2003-08-22,AAPL,0.3064694465994626
2003-08-25,AAPL,0.31894629476994935
2003-08-26,AAPL,0.34349038625089223
2003-08-27,AAPL,0.34360569716680206
2003-08-28,AAPL,0.3531831636506236
2003-08-29,AAPL,0.3551276481511766
2003-09-02,AAPL,0.36696782818499984
2003-09-03,AAPL,0.35939787237683474
2003-09-04,AAPL,0.3720691775365204
2003-09-05,AAPL,0.37924926074257465
2003-09-08,AAPL,0.3571666713318561
2003-09-09,AAPL,0.3486168563398692
2003-09-10,AAPL,0.3325590494373647
2003-09-11,AAPL,0.32782842550463787
2003-09-12,AAPL,0.3760131545505439
2003-09-15,AAPL,0.35753001601040085
2003-09-16,AAPL,0.35612212798885956
2003-09-17,AAPL,0.344622472618529
2003-09-18,AAPL,0.3349142946544272
2003-09-19,AAPL,0.3190472164574642
2003-09-22,AAPL,0.3096142225604015
2003-09-23,AAPL,0.30594423879064964
2003-09-24,AAPL,0.29948241416403176
2003-09-25,AAPL,0.2968987396959088
2003-09-26,AAPL,0.29958874436902194
2003-09-29,AAPL,0.30502466069837536
2003-09-30,AAPL,0.31011549798595717
2003-10-01,AAPL,0.30203486311107247
2003-10-02,AAPL,0.3009014342018775
2003-10-03,AAPL,0.31822523049580714
2003-10-06,AAPL,0.3175472710029493
2003-10-07,AAPL,0.3327433366198553
2003-10-08,AAPL,0.3104019949691652
2003-10-09,AAPL,0.3062789109890076
2003-10-10,AAPL,0.31879530850362225
2003-10-13,AAPL,0.3198690588326596
2003-10-14,AAPL,0.33690603501334715
2003-10-15,AAPL,0.36346818590376184
2003-10-16,AAPL,0.3308122739835833
2003-10-17,AAPL,0.32928592336948065
2003-10-20,AAPL,0.34489131900004116
2003-10-21,AAPL,0.3572261780240092
2003-10-22,AAPL,0.35253554453465596
2003-10-23,AAPL,0.34344242506050854
2003-10-24,AAPL,0.33407769318473796
2003-10-27,AAPL,0.3186608053462172
2003-10-28,AAPL,0.3342755794339654
2003-10-29,AAPL,0.33589295879668224
2003-10-30,AAPL,0.3080344197460483
2003-10-31,AAPL,0.287928777163696
2003-11-03,AAPL,0.2912809313721215
2003-11-04,AAPL,0.28234856124570307
2003-11-05,AAPL,0.30696075692034264
2003-11-06,AAPL,0.32810373841365925
2003-11-07,AAPL,0.3014416750532142
2003-11-10,AAPL,0.2936351090278203
2003-11-11,AAPL,0.30824965968231877
2003-11-12,AAPL,0.3130718792596499
2003-11-13,AAPL,0.3185488390430165
2003-11-14,AAPL,0.3091716970384713
2003-11-17,AAPL,0.27771925448942025
2003-11-18,AAPL,0.27529989458667503
2003-11-19,AAPL,0.27583679939438766
2003-11-20,AAPL,0.27978867018497056
2003-11-21,AAPL,0.2676333427204782
2003-11-24,AAPL,0.28172415098419135
2003-11-25,AAPL,0.2827217642983787
2003-11-26,AAPL,0.2869896304979575
2003-11-28,AAPL,0.30042520163471365
2003-12-01,AAPL,0.31068750487360797
2003-12-02,AAPL,0.3145713417244798
2003-12-03,AAPL,0.28275260005047687
2003-12-04,AAPL,0.28010489149124485
2003-12-05,AAPL,0.29549894010623934
2003-12-08,AAPL,0.3006067605019292
2003-12-09,AAPL,0.3224764344150067
2003-12-10,AAPL,0.31270563276170327
2003-12-11,AAPL,0.32487410292977975
2003-12-12,AAPL,0.3304538359846847
2003-12-15,AAPL,0.30598571568351896
2003-12-16,AAPL,0.3120123811652668
2003-12-17,AAPL,0.30307878457415777
2003-12-18,AAPL,0.297406104037633
2003-12-19,AAPL,0.268505267719952
2003-12-22,AAPL,0.27839025899949765
2003-12-23,AAPL,0.2840045066751485
2003-12-24,AAPL,0.2933335561590946
2003-12-26,AAPL,0.32005712174207035
2003-12-29,AAPL,0.3191363728838072
2003-12-30,AAPL,0.33266644291693737
2003-12-31,AAPL,0.33642697280618084
2004-01-02,AAPL,0.3028649186804763
2004-01-05,AAPL,0.3236381087134235
2004-01-06,AAPL,0.34453707799443445
2004-01-07,AAPL,0.3498519724247863
2004-01-08,AAPL,0.35658664215350505
2004-01-09,AAPL,0.3575797863126564
2004-01-12,AAPL,0.37163275856221695
2004-01-13,AAPL,0.37620528855658975
2004-01-14,AAPL,0.3751997391317694
2004-01-15,AAPL,0.340985841573177
2004-01-16,AAPL,0.3304746115430168
2004-01-20,AAPL,0.3347652333861821
2004-01-21,AAPL,0.32774202240997796
2004-01-22,AAPL,0.32712936915232094
2004-01-23,AAPL,0.3435077684448815
2004-01-26,AAPL,0.333474319326812
2004-01-27,AAPL,0.3469836834247528
2004-01-28,AAPL,0.33829757363182306
2004-01-29,AAPL,0.3257600048184222
2004-01-30,AAPL,0.31586864628109346
2004-02-02,AAPL,0.29083517379584267
2004-02-03,AAPL,0.28021131758917195
2004-02-04,AAPL,0.2760474960003873
2004-02-05,AAPL,0.3065956415700865
2004-02-06,AAPL,0.3248875862908898
2004-02-09,AAPL,0.32967370107332644
2004-02-10,AAPL,0.3409027114774504
2004-02-11,AAPL,0.36011069515628236
2004-02-12,AAPL,0.3537447105941707
2004-02-13,AAPL,0.3230178499260596
2004-02-17,AAPL,0.3182683701699998
2004-02-18,AAPL,0.33209153251212303
2004-02-19,AAPL,0.30675634532029306
2004-02-20,AAPL,0.3120258284962305
2004-02-23,AAPL,0.32133461909947025
2004-02-24,AAPL,0.3241745875692977
2004-02-25,AAPL,0.34411020135948317
2004-02-26,AAPL,0.34669173806734604
2004-02-27,AAPL,0.3505268726932612
2004-03-01,AAPL,0.34682321015922246
2004-03-02,AAPL,0.33806529210844655
2004-03-03,AAPL,0.3203852970413373
2004-03-04,AAPL,0.32132529671948695
2004-03-05,AAPL,0.34277815706032444
2004-03-08,AAPL,0.33205086562858815
2004-03-09,AAPL,0.3304619885252533
2004-03-10,AAPL,0.35568052976972386
2004-03-11,AAPL,0.3517655408152118
2004-03-12,AAPL,0.3579389067386777
2004-03-15,AAPL,0.34701039681593593
2004-03-16,AAPL,0.3296061921154762
2004-03-17,AAPL,0.3250855540125231
2004-03-18,AAPL,0.3285510535224883
2004-03-19,AAPL,0.34054000169250087
2004-03-22,AAPL,0.33962380702324096
2004-03-23,AAPL,0.3487046573316997
2004-03-24,AAPL,0.33987219691857606
2004-03-25,AAPL,0.32578964378737485
2004-03-26,AAPL,0.3476877094302027
2004-03-29,AAPL,0.3279042459416306
2004-03-30,AAPL,0.3169799998625706
2004-03-31,AAPL,0.3210068716305755
2004-04-01,AAPL,0.3062992552924964
2004-04-02,AAPL,0.33342778086417063
2004-04-05,AAPL,0.34590090028497883
2004-04-06,AAPL,0.33328385358571505
2004-04-07,AAPL,0.3423453920102793
2004-04-08,AAPL,0.3520454250547416
2004-04-12,AAPL,0.35561945977815373
2004-04-13,AAPL,0.356719061101936
2004-04-14,AAPL,0.34763622429240976
2004-04-15,AAPL,0.3333486194428361
2004-04-16,AAPL,0.3363709722561742
2004-04-19,AAPL,0.32377269761066946
2004-04-20,AAPL,0.32971346180318223
2004-04-21,AAPL,0.33281711858646196
2004-04-22,AAPL,0.31841460674904626
2004-04-23,AAPL,0.3197813356026692
2004-04-26,AAPL,0.3130750142680283
2004-04-27,AAPL,0.3097937924392414
2004-04-28,AAPL,0.3098747978396107
2004-04-29,AAPL,0.3283964676753367
2004-04-30,AAPL,0.3164821213357823
2004-05-03,AAPL,0.32369338689936233
2004-05-04,AAPL,0.32563690116305477
2004-05-05,AAPL,0.277394122122232
2004-05-06,AAPL,0.27734422826189087
2004-05-07,AAPL,0.2914455396604286
2004-05-10,AAPL,0.2925788154343148
2004-05-11,AAPL,0.3039195337784091
2004-05-12,AAPL,0.29996092584929696
2004-05-13,AAPL,0.3109200004686785
2004-05-14,AAPL,0.3093511490438315
2004-05-17,AAPL,0.30973004089446987
2004-05-18,AAPL,0.3207990602010952
2004-05-19,AAPL,0.3116761838107957
2004-05-20,AAPL,0.33667699665788875
2004-05-21,AAPL,0.33753091995257195
2004-05-24,AAPL,0.33580117409711563
2004-05-25,AAPL,0.34347208003197655
2004-05-26,AAPL,0.35145956051255867
2004-05-27,AAPL,0.3426554642453973
2004-05-28,AAPL,0.34413921287802157
2004-06-01,AAPL,0.32552383674221075
2004-06-02,AAPL,0.3310560689622162
2004-06-03,AAPL,0.3215967638050774
2004-06-04,AAPL,0.3288766373181408
2004-06-07,AAPL,0.3483652845346872
2004-06-08,AAPL,0.34920022081005475
2004-06-09,AAPL,0.3751771483830745
2004-06-10,AAPL,0.37628134714880973
2004-06-14,AAPL,0.3567460396989302
2004-06-15,AAPL,0.34839928515247376
2004-06-16,AAPL,0.337768989642586
2004-06-17,AAPL,0.35357987688687753
2004-06-18,AAPL,0.3515479857143235
2004-06-21,AAPL,0.3522771884523579
2004-06-22,AAPL,0.3598984903274146
2004-06-23,AAPL,0.35497226135335835
2004-06-24,AAPL,0.36151217456756835
2004-06-25,AAPL,0.36224965246649754
2004-06-28,AAPL,0.3370674750269652
2004-06-29,AAPL,0.33236618828300224
2004-06-30,AAPL,0.3505919666056812
2004-07-01,AAPL,0.3469577116482926
2004-07-02,AAPL,0.3419926932297808
2004-07-06,AAPL,0.331076135500952
2004-07-07,AAPL,0.3011846862552143
2004-07-08,AAPL,0.30313546121090873
2004-07-09,AAPL,0.29653787579547797
2004-07-12,AAPL,0.3060897053021511
2004-07-13,AAPL,0.2812617538155859
2004-07-14,AAPL,0.2734076837920701
2004-07-15,AAPL,0.32423417933859466
2004-07-16,AAPL,0.32073833670467944
2004-07-19,AAPL,0.3232681497262624
2004-07-20,AAPL,0.32101531430371716
2004-07-21,AAPL,0.31273764175081886
2004-07-22,AAPL,0.3028187637209304
2004-07-23,AAPL,0.31121655526003483
2004-07-26,AAPL,0.30644832438026326
2004-07-27,AAPL,0.3152873348831479
2004-07-28,AAPL,0.325065014004809
2004-07-29,AAPL,0.3561115242185272
2004-07-30,AAPL,0.3637527797919448
2004-08-02,AAPL,0.3484315712958521
2004-08-03,AAPL,0.33902770072978583
2004-08-04,AAPL,0.2942079563705624
2004-08-05,AAPL,0.30050153236087856
2004-08-06,AAPL,0.2871208203633618
2004-08-09,AAPL,0.28874502212573927
2004-08-10,AAPL,0.3141285915668747
2004-08-11,AAPL,0.31206348788105065
2004-08-12,AAPL,0.33057114560307105
2004-08-13,AAPL,0.3259869946271878
2004-08-16,AAPL,0.30224360498853087
2004-08-17,AAPL,0.29902840347283466
2004-08-18,AAPL,0.30514410503369277
2004-08-19,AAPL,0.30482547203821825
2004-08-20,AAPL,0.29391494445726374
2004-08-23,AAPL,0.30512699647396124
2004-08-24,AAPL,0.31725838561436964
2004-08-25,AAPL,0.32119423721061
2004-08-26,AAPL,0.34788824678165503
2004-08-27,AAPL,0.34897715178249683
2004-08-30,AAPL,0.3331272219864691
2004-08-31,AAPL,0.3396415359957741
2004-09-01,AAPL,0.3585945122134322
2004-09-02,AAPL,0.3404463785250114
2004-09-03,AAPL,0.33351915238560564
2004-09-07,AAPL,0.3366242231833395
2004-09-08,AAPL,0.3431371766603106
2004-09-09,AAPL,0.36051945785106637
2004-09-10,AAPL,0.37111776266419655
2004-09-13,AAPL,0.3660235155931299
2004-09-14,AAPL,0.3542903849278211
2004-09-15,AAPL,0.3416375666933986
2004-09-16,AAPL,0.3434387163150973
2004-09-17,AAPL,0.3510611845608873
2004-09-20,AAPL,0.3563870318537949
2004-09-21,AAPL,0.3601622381585097
2004-09-22,AAPL,0.33865449267194714
2004-09-23,AAPL,0.3364216225412331
2004-09-24,AAPL,0.34854037027963836
2004-09-27,AAPL,0.33910757258689506
2004-09-28,AAPL,0.33327298052936116
2004-09-29,AAPL,0.35309709987967774
2004-09-30,AAPL,0.3644546770195739
2004-10-01,AAPL,0.3753833335961103
2004-10-04,AAPL,0.380347222416263
2004-10-05,AAPL,0.39147763857112006
2004-10-06,AAPL,0.3766616492551689
2004-10-07,AAPL,0.35352222850409865
2004-10-08,AAPL,0.3369839251155716
2004-10-11,AAPL,0.3265632210656883
2004-10-12,AAPL,0.3432207711112011
2004-10-13,AAPL,0.34757366516180843
2004-10-14,AAPL,0.3571124930962101
2004-10-15,AAPL,0.36818714673899783
2004-10-18,AAPL,0.36533171548437504
2004-10-19,AAPL,0.37015311333512985
2004-10-20,AAPL,0.37104499380307254
2004-10-21,AAPL,0.34840869113522455
2004-10-22,AAPL,0.33814486062059773
2004-10-25,AAPL,0.32582324503208104
2004-10-26,AAPL,0.31899984569074546
2004-10-27,AAPL,0.33843065348000356
2004-10-28,AAPL,0.3820319663693888
2004-10-29,AAPL,0.39332875727102273
2004-11-01,AAPL,0.411228253544631
2004-11-02,AAPL,0.4029311824486625
2004-11-03,AAPL,0.38955391471704764
2004-11-04,AAPL,0.3754603701055034
2004-11-05,AAPL,0.3602158877020268
2004-11-08,AAPL,0.36008447018407186
2004-11-09,AAPL,0.3536874114892966
2004-11-10,AAPL,0.36481084173147993
2004-11-11,AAPL,0.39969848583856893
2004-11-12,AAPL,0.4001336303889299
2004-11-15,AAPL,0.3994875957814868
2004-11-16,AAPL,0.38810965808619025
2004-11-17,AAPL,0.37905966180702005
2004-11-18,AAPL,0.37382189599668597
2004-11-19,AAPL,0.368747625905097
2004-11-22,AAPL,0.37071306200352444
2004-11-23,AAPL,0.36956725817095754
2004-11-24,AAPL,0.3891408469781025
2004-11-26,AAPL,0.39549542163757323
2004-11-29,AAPL,0.39286858988318024
2004-11-30,AAPL,0.37347128949773006
2004-12-01,AAPL,0.3673295276994355
2004-12-02,AAPL,0.34729626960301635
2004-12-03,AAPL,0.3328886268308108
2004-12-06,AAPL,0.3210484545375256
2004-12-07,AAPL,0.35105955452322923
2004-12-08,AAPL,0.34414854322902355
2004-12-09,AAPL,0.35843138208801095
2004-12-10,AAPL,0.3653138578678244
2004-12-13,AAPL,0.35606458617721093
2004-12-14,AAPL,0.3537172521589304
2004-12-15,AAPL,0.34216632982001083
2004-12-16,AAPL,0.3292538032490964
2004-12-17,AAPL,0.29440389637518705
2004-12-20,AAPL,0.3063045155650191
2004-12-21,AAPL,0.298055623518164
2004-12-22,AAPL,0.3113307779134936
2004-12-23,AAPL,0.33128275954350817
2004-12-27,AAPL,0.31066894244682525
2004-12-28,AAPL,0.34533144355158346
2004-12-29,AAPL,0.34230077040534634
2004-12-30,AAPL,0.3380033762984131
2004-12-31,AAPL,0.32498737649875964
2005-01-03,AAPL,0.29860448837280273
2005-01-04,AAPL,0.6918374300003052
2005-01-05,AAPL,0.5230717658996582
2005-01-06,AAPL,0.5080054402351379
2005-01-07,AAPL,0.24135833978652954
2005-01-10,AAPL,0.31991127133369446
2005-01-11,AAPL,0.5129976272583008
2005-01-12,AAPL,0.430029034614563
2005-01-13,AAPL,0.2415047287940979
2005-01-14,AAPL,0.23061257600784302
2005-01-18,AAPL,0.17124159634113312
2005-01-19,AAPL,0.2275894433259964
2005-01-20,AAPL,0.23321694135665894
2005-01-21,AAPL,0.22520945966243744
2005-01-24,AAPL,0.2752437889575958
2005-01-25,AAPL,0.2117394059896469
2005-01-26,AAPL,0.20571811497211456
2005-01-27,AAPL,0.219888836145401
2005-01-28,AAPL,0.22407227754592896
2005-01-31,AAPL,0.08722885698080063
2005-02-01,AAPL,0.1641216278076172
2005-02-02,AAPL,0.11757587641477585
2005-02-03,AAPL,0.1565089076757431
2005-02-04,AAPL,0.131174236536026
2005-02-07,AAPL,0.2625560164451599
2005-02-08,AAPL,0.12292318046092987
2005-02-09,AAPL,0.11956298351287842
2005-02-10,AAPL,0.21282148361206055
2005-02-11,AAPL,0.35989540815353394
2005-02-14,AAPL,0.1373877376317978
2005-02-15,AAPL,0.1814827173948288
2005-02-16,AAPL,0.3218739330768585
2005-02-17,AAPL,0.15848064422607422
2005-02-18,AAPL,0.11642780154943466
2005-02-22,AAPL,0.09822401404380798
2005-02-23,AAPL,0.11488959938287735
2005-02-24,AAPL,0.149901881814003
2005-02-25,AAPL,0.10083101689815521
2005-02-28,AAPL,0.1288234442472458
2005-03-01,AAPL,0.13505424559116364
2005-03-02,AAPL,0.21231989562511444
2005-03-03,AAPL,0.3171267509460449
2005-03-04,AAPL,0.39922893047332764
2005-03-07,AAPL,0.4871845245361328
2005-03-08,AAPL,0.43890488147735596
2005-03-09,AAPL,0.5205962657928467
2005-03-10,AAPL,0.4633380174636841
2005-03-11,AAPL,0.48198622465133667
2005-03-14,AAPL,0.5411718487739563
2005-03-15,AAPL,0.3660370111465454
2005-03-16,AAPL,0.34354594349861145
2005-03-17,AAPL,0.2824041545391083
2005-03-18,AAPL,0.30088010430336
2005-03-21,AAPL,0.33770906925201416
2005-03-22,AAPL,0.3297954201698303
2005-03-23,AAPL,0.3423675000667572
2005-03-24,AAPL,0.36055418848991394
2005-03-28,AAPL,0.3504360020160675
2005-03-29,AAPL,0.26191356778144836
2005-03-30,AAPL,0.29792749881744385
2005-03-31,AAPL,0.3209567964076996
2005-04-01,AAPL,0.30158206820487976
2005-04-04,AAPL,0.31076711416244507
2005-04-05,AAPL,0.3292926847934723
2005-04-06,AAPL,0.7016319036483765
2005-04-07,AAPL,0.6690037846565247
2005-04-08,AAPL,0.6004446744918823
2005-04-11,AAPL,0.28615009784698486
2005-04-12,AAPL,0.3106633424758911
2005-04-13,AAPL,0.40528544783592224
2005-04-14,AAPL,0.19849251210689545
2005-04-15,AAPL,0.23859986662864685
2005-04-18,AAPL,0.30627408623695374
2005-04-19,AAPL,0.2702588737010956
2005-04-20,AAPL,0.27587777376174927
2005-04-21,AAPL,0.3231792151927948
2005-04-22,AAPL,0.1915878802537918
2005-04-25,AAPL,0.20480623841285706
2005-04-26,AAPL,0.265286386013031
2005-04-27,AAPL,0.18982550501823425
2005-04-28,AAPL,0.16894246637821198
2005-04-29,AAPL,0.16481083631515503
2005-05-02,AAPL,0.21809197962284088
2005-05-03,AAPL,0.25072911381721497
2005-05-04,AAPL,0.2177390158176422
2005-05-05,AAPL,0.20847274363040924
2005-05-06,AAPL,0.2865917980670929
2005-05-09,AAPL,0.30230411887168884
2005-05-10,AAPL,0.2966012954711914
2005-05-11,AAPL,0.4450855255126953
2005-05-12,AAPL,0.23076458275318146
2005-05-13,AAPL,0.26907092332839966
2005-05-16,AAPL,0.4049147069454193
2005-05-17,AAPL,0.48599791526794434
2005-05-18,AAPL,0.43585678935050964
2005-05-19,AAPL,0.5280765891075134
2005-05-20,AAPL,0.5159183740615845
2005-05-23,AAPL,0.31509801745414734
2005-05-24,AAPL,0.28308871388435364
2005-05-25,AAPL,0.2612738609313965
2005-05-26,AAPL,0.3311023414134979
2005-05-27,AAPL,0.2705334722995758
2005-05-31,AAPL,0.2638882100582123
2005-06-01,AAPL,0.2552708685398102
2005-06-02,AAPL,0.3157275319099426
2005-06-03,AAPL,0.3428478538990021
2005-06-06,AAPL,0.4984099268913269
2005-06-07,AAPL,0.4351990520954132
2005-06-08,AAPL,0.405442476272583
2005-06-09,AAPL,0.4076748192310333
2005-06-10,AAPL,0.29862216114997864
2005-06-13,AAPL,0.29865044355392456
2005-06-14,AAPL,0.26635003089904785
2005-06-15,AAPL,0.31552135944366455
2005-06-16,AAPL,0.3116683065891266
2005-06-17,AAPL,0.40250644087791443
2005-06-20,AAPL,0.3523220121860504
2005-06-21,AAPL,0.36521369218826294
2005-06-22,AAPL,0.3644491732120514
2005-06-23,AAPL,0.39403674006462097
2005-06-24,AAPL,0.25061729550361633
2005-06-27,AAPL,0.22856923937797546
2005-06-28,AAPL,0.267850786447525
2005-06-29,AAPL,0.23530958592891693
2005-06-30,AAPL,0.1930042952299118
2005-07-01,AAPL,0.29295435547828674
2005-07-05,AAPL,0.30479252338409424
2005-07-06,AAPL,0.3299252688884735
2005-07-07,AAPL,0.3535219132900238
2005-07-08,AAPL,0.3526996076107025
2005-07-11,AAPL,0.3466283977031708
2005-07-12,AAPL,0.2978638708591461
2005-07-13,AAPL,0.3472413420677185
2005-07-14,AAPL,0.2949134111404419
2005-07-15,AAPL,0.3107432425022125
2005-07-18,AAPL,0.35308006405830383
2005-07-19,AAPL,0.3099222183227539
2005-07-20,AAPL,0.23592707514762878
2005-07-21,AAPL,0.3484790623188019
2005-07-22,AAPL,0.24452544748783112
2005-07-25,AAPL,0.35623088479042053
2005-07-26,AAPL,0.280748575925827
2005-07-27,AAPL,0.2696402370929718
2005-07-28,AAPL,0.3233042061328888
2005-07-29,AAPL,0.29564133286476135
2005-08-01,AAPL,0.3095371723175049
2005-08-02,AAPL,0.3417794108390808
2005-08-03,AAPL,0.342912495136261
2005-08-04,AAPL,0.3273661732673645
2005-08-05,AAPL,0.3459396958351135
2005-08-08,AAPL,0.3791826069355011
2005-08-09,AAPL,0.3499806523323059
2005-08-10,AAPL,0.36967235803604126
2005-08-11,AAPL,0.4683517515659332
2005-08-12,AAPL,0.46682965755462646
2005-08-15,AAPL,0.38871312141418457
2005-08-16,AAPL,0.39967676997184753
2005-08-17,AAPL,0.42443275451660156
2005-08-18,AAPL,0.3890346586704254
2005-08-19,AAPL,0.42612069845199585
2005-08-22,AAPL,0.38056305050849915
2005-08-23,AAPL,0.3834848403930664
2005-08-24,AAPL,0.3705955743789673
2005-08-25,AAPL,0.3875056803226471
2005-08-26,AAPL,0.35448354482650757
2005-08-29,AAPL,0.3901405930519104
2005-08-30,AAPL,0.4143393337726593
2005-08-31,AAPL,0.409257173538208
2005-09-01,AAPL,0.3559883236885071
2005-09-02,AAPL,0.42257916927337646
2005-09-06,AAPL,0.36929336190223694
2005-09-07,AAPL,0.3293333649635315
2005-09-08,AAPL,0.35534846782684326
2005-09-09,AAPL,0.35351359844207764
2005-09-12,AAPL,0.4083884656429291
2005-09-13,AAPL,0.3839966356754303
2005-09-14,AAPL,0.40363791584968567
2005-09-15,AAPL,0.3953346610069275
2005-09-16,AAPL,0.4662468135356903
2005-09-19,AAPL,0.3192918002605438
2005-09-20,AAPL,0.48157528042793274
2005-09-21,AAPL,0.2851269841194153
2005-09-22,AAPL,0.2985680103302002
2005-09-23,AAPL,0.2986549437046051
2005-09-26,AAPL,0.36023446917533875
2005-09-27,AAPL,0.32208889722824097
2005-09-28,AAPL,0.1939597874879837
2005-09-29,AAPL,0.37667116522789
2005-09-30,AAPL,0.34393078088760376
2005-10-03,AAPL,0.3869239389896393
2005-10-04,AAPL,0.2902344763278961
2005-10-05,AAPL,0.40459737181663513
2005-10-06,AAPL,0.3790335953235626
2005-10-07,AAPL,0.39873427152633667
2005-10-10,AAPL,0.4428347051143646
2005-10-11,AAPL,0.34942886233329773
2005-10-12,AAPL,0.40029242634773254
2005-10-13,AAPL,0.349288672208786
2005-10-14,AAPL,0.360919326543808
2005-10-17,AAPL,0.3586237132549286
2005-10-18,AAPL,0.29341769218444824
2005-10-19,AAPL,0.3138043284416199
2005-10-20,AAPL,0.4236137568950653
2005-10-21,AAPL,0.362466424703598
2005-10-24,AAPL,0.32061606645584106
2005-10-25,AAPL,0.3451387882232666
2005-10-26,AAPL,0.340133398771286
2005-10-27,AAPL,0.3393183946609497
2005-10-28,AAPL,0.2449806034564972
2005-10-31,AAPL,0.4319608807563782
2005-11-01,AAPL,0.36819812655448914
2005-11-02,AAPL,0.4402241110801697
2005-11-03,AAPL,0.5603299736976624
2005-11-04,AAPL,0.38262102007865906
2005-11-07,AAPL,0.4609740376472473
2005-11-08,AAPL,0.5040374398231506
2005-11-09,AAPL,0.4313962161540985
2005-11-10,AAPL,0.43846872448921204
2005-11-11,AAPL,0.4635566473007202
2005-11-14,AAPL,0.45078933238983154
2005-11-15,AAPL,0.38568583130836487
2005-11-16,AAPL,0.5219699740409851
2005-11-17,AAPL,0.5754044651985168
2005-11-18,AAPL,0.4466553032398224
2005-11-21,AAPL,0.45987260341644287
2005-11-22,AAPL,0.40567031502723694
2005-11-23,AAPL,0.44653841853141785
2005-11-25,AAPL,0.3143843412399292
2005-11-28,AAPL,0.22993113100528717
2005-11-29,AAPL,0.5204060673713684
2005-11-30,AAPL,0.5156729221343994
2005-12-01,AAPL,0.27701273560523987
2005-12-02,AAPL,0.41066572070121765
2005-12-05,AAPL,0.36954638361930847
2005-12-06,AAPL,0.37455451488494873
2005-12-07,AAPL,0.2847747504711151
2005-12-08,AAPL,0.3998672068119049
2005-12-09,AAPL,0.3850821256637573
2005-12-12,AAPL,0.377160906791687
2005-12-13,AAPL,0.2383161187171936
2005-12-14,AAPL,0.29837119579315186
2005-12-15,AAPL,0.2797739803791046
2005-12-16,AAPL,0.30049967765808105
2005-12-19,AAPL,0.28580790758132935
2005-12-20,AAPL,0.3376156687736511
2005-12-21,AAPL,0.25521716475486755
2005-12-22,AAPL,0.28342458605766296
2005-12-23,AAPL,0.48722004890441895
2005-12-27,AAPL,0.3757799565792084
2005-12-28,AAPL,0.36155542731285095
2005-12-29,AAPL,0.41455575823783875
2005-12-30,AAPL,0.6874666810035706
2006-01-03,AAPL,0.6178035781211375
2006-01-04,AAPL,0.6827280529985086
2006-01-05,AAPL,0.6622372258032616
2006-01-06,AAPL,0.41467102533589045
2006-01-09,AAPL,0.4980066856707317
2006-01-10,AAPL,0.29122604621543285
2006-01-11,AAPL,0.18196482539002753
2006-01-12,AAPL,0.15985791583704814
2006-01-13,AAPL,0.14469484620039358
2006-01-17,AAPL,0.15519984535544032
2006-01-18,AAPL,0.2668723089593461
2006-01-19,AAPL,0.4063929232241934
2006-01-20,AAPL,0.49856128993288357
2006-01-23,AAPL,0.4556830815954708
2006-01-24,AAPL,0.5097940165985922
2006-01-25,AAPL,0.5070334760240994
2006-01-26,AAPL,0.48599437050624894
2006-01-27,AAPL,0.54069286052858
2006-01-30,AAPL,0.5456928509468976
2006-01-31,AAPL,0.4645097879923754
2006-02-01,AAPL,0.5105304821139168
2006-02-02,AAPL,0.38710958220474634
2006-02-03,AAPL,0.3881186429455438
2006-02-06,AAPL,0.20980233665156625
2006-02-07,AAPL,0.247590706600065
2006-02-08,AAPL,0.1418681004194358
2006-02-09,AAPL,0.24081887408260405
2006-02-10,AAPL,0.12967262096090312
2006-02-13,AAPL,0.23002616351496122
2006-02-14,AAPL,0.11571783133523894
2006-02-15,AAPL,0.2241002780936303
2006-02-16,AAPL,0.31128212619723206
2006-02-17,AAPL,0.3051035842587094
2006-02-21,AAPL,0.16156611446006122
2006-02-22,AAPL,0.2115788207971675
2006-02-23,AAPL,0.34710397106540597
2006-02-24,AAPL,0.3564986052422772
2006-02-27,AAPL,0.3694736029818108
2006-02-28,AAPL,0.29073943644048184
2006-03-01,AAPL,0.2913879091451089
2006-03-02,AAPL,0.2720619043491273
2006-03-03,AAPL,0.2883798741101386
2006-03-06,AAPL,0.3101387563389014
2006-03-07,AAPL,0.43076869752521446
2006-03-08,AAPL,0.40760523406281773
2006-03-09,AAPL,0.32948668551543964
2006-03-10,AAPL,0.2990825634616392
2006-03-13,AAPL,0.35204358260261803
2006-03-14,AAPL,0.3969524253920111
2006-03-15,AAPL,0.4201815217742495
2006-03-16,AAPL,0.37234142092378697
2006-03-17,AAPL,0.3529837439244993
2006-03-20,AAPL,0.28477801198477487
2006-03-21,AAPL,0.31092258553313523
2006-03-22,AAPL,0.26309702712538574
2006-03-23,AAPL,0.2257299900004386
2006-03-24,AAPL,0.2622056822103088
2006-03-27,AAPL,0.25277676212274525
2006-03-28,AAPL,0.2781985936788755
2006-03-29,AAPL,0.3197222117217595
2006-03-30,AAPL,0.28700455326235635
2006-03-31,AAPL,0.30562525031261284
2006-04-03,AAPL,0.32543860144152525
2006-04-04,AAPL,0.28667187198208377
2006-04-05,AAPL,0.33564748835842156
2006-04-06,AAPL,0.27731284095636216
2006-04-07,AAPL,0.2266175251903846
2006-04-10,AAPL,0.2824330551955947
2006-04-11,AAPL,0.3095579000404059
2006-04-12,AAPL,0.3109959020088626
2006-04-13,AAPL,0.3099221322952379
2006-04-17,AAPL,0.2636321845554623
2006-04-18,AAPL,0.2863463750317115
2006-04-19,AAPL,0.2696352842571212
2006-04-20,AAPL,0.3120335315985833
2006-04-21,AAPL,0.2672059857121492
2006-04-24,AAPL,0.24763383492304356
2006-04-25,AAPL,0.2687609052368435
2006-04-26,AAPL,0.3039166831533531
2006-04-27,AAPL,0.29090754746461933
2006-04-28,AAPL,0.3103602578769268
2006-05-01,AAPL,0.2991580805434904
2006-05-02,AAPL,0.2674990850412061
2006-05-03,AAPL,0.28579716672882133
2006-05-04,AAPL,0.3930318260450513
2006-05-05,AAPL,0.3856815906519606
2006-05-08,AAPL,0.5142965203708868
2006-05-09,AAPL,0.45820038716491457
2006-05-10,AAPL,0.44885020897102157
2006-05-11,AAPL,0.3039164113090989
2006-05-12,AAPL,0.3112313317679606
2006-05-15,AAPL,0.33837188367644433
2006-05-16,AAPL,0.26264617942037005
2006-05-17,AAPL,0.2645498562314639
2006-05-18,AAPL,0.19235009833178843
2006-05-19,AAPL,0.19594422020811428
2006-05-22,AAPL,0.20738034585781742
2006-05-23,AAPL,0.18838734905793464
2006-05-24,AAPL,0.16998228586458022
2006-05-25,AAPL,0.09769070092279117
2006-05-26,AAPL,0.16203603122621266
2006-05-30,AAPL,0.16353640887584475
2006-05-31,AAPL,0.17100084500376758
2006-06-01,AAPL,0.1871747889420348
2006-06-02,AAPL,0.2974766747300157
2006-06-05,AAPL,0.25958794979941946
2006-06-06,AAPL,0.26767258701474034
2006-06-07,AAPL,0.24056902552523385
2006-06-08,AAPL,0.2852999858028324
2006-06-09,AAPL,0.3058027730023127
2006-06-12,AAPL,0.24012682537072433
2006-06-13,AAPL,0.27963274594290505
2006-06-14,AAPL,0.306039732525832
2006-06-15,AAPL,0.29422317052996405
2006-06-16,AAPL,0.29121420823699506
2006-06-19,AAPL,0.3158550270227432
2006-06-20,AAPL,0.3213468752031872
2006-06-21,AAPL,0.3292026537307415
2006-06-22,AAPL,0.3598101204161201
2006-06-23,AAPL,0.35733386164171166
2006-06-26,AAPL,0.3175694257612853
2006-06-27,AAPL,0.36301648169025774
2006-06-28,AAPL,0.3361316919850717
2006-06-29,AAPL,0.39224742014487735
2006-06-30,AAPL,0.34256048553720536
2006-07-03,AAPL,0.3785314039814578
2006-07-05,AAPL,0.3945853207557941
2006-07-06,AAPL,0.32795872032164497
2006-07-07,AAPL,0.3050541554101192
2006-07-10,AAPL,0.29111265739021164
2006-07-11,AAPL,0.2758873817506988
2006-07-12,AAPL,0.2131938711369615
2006-07-13,AAPL,0.31138794747241305
2006-07-14,AAPL,0.3251286141165163
2006-07-17,AAPL,0.15612109333886276
2006-07-18,AAPL,0.25687938792711945
2006-07-19,AAPL,0.2601704549677277
2006-07-20,AAPL,0.38304640563969566
2006-07-21,AAPL,0.3796970498234844
2006-07-24,AAPL,0.32151075484132857
2006-07-25,AAPL,0.33501764349710744
2006-07-26,AAPL,0.3570954584255542
2006-07-27,AAPL,0.3869662664501625
2006-07-28,AAPL,0.3833373900968519
2006-07-31,AAPL,0.27685179809459404
2006-08-01,AAPL,0.4431656606972449
2006-08-02,AAPL,0.27060307296721575
2006-08-03,AAPL,0.22580329603300453
2006-08-04,AAPL,0.35053618974635314
2006-08-07,AAPL,0.4201904666177921
2006-08-08,AAPL,0.3170463403385788
2006-08-09,AAPL,0.407961722534436
2006-08-10,AAPL,0.40169836527056546
2006-08-11,AAPL,0.34817948509696106
2006-08-14,AAPL,0.40437392343835565
2006-08-15,AAPL,0.35220764903589363
2006-08-16,AAPL,0.3105493246830859
2006-08-17,AAPL,0.36490415588122577
2006-08-18,AAPL,0.39465806038250856
2006-08-21,AAPL,0.4191208241941461
2006-08-22,AAPL,0.34131776901397914
2006-08-23,AAPL,0.4839946726900699
2006-08-24,AAPL,0.4409706313553496
2006-08-25,AAPL,0.3450773938406539
2006-08-28,AAPL,0.3938243578965264
2006-08-29,AAPL,0.459886234571582
2006-08-30,AAPL,0.514792227356018
2006-08-31,AAPL,0.37392339676043085
2006-09-01,AAPL,0.4520346849655342
2006-09-05,AAPL,0.37332309664714836
2006-09-06,AAPL,0.37247411048596096
2006-09-07,AAPL,0.30671622571805174
2006-09-08,AAPL,0.31498780025565737
2006-09-11,AAPL,0.32295825631757485
2006-09-12,AAPL,0.3203002009322794
2006-09-13,AAPL,0.2809276728107232
2006-09-14,AAPL,0.30241725589495155
2006-09-15,AAPL,0.32078796764751816
2006-09-18,AAPL,0.36994280462999085
2006-09-19,AAPL,0.338781952804115
2006-09-20,AAPL,0.3506598018136386
2006-09-21,AAPL,0.33220321031665123
2006-09-22,AAPL,0.38916154723040314
2006-09-25,AAPL,0.32281816565950855
2006-09-26,AAPL,0.38134171396766536
2006-09-27,AAPL,0.39023358440327577
2006-09-28,AAPL,0.4699406820797802
2006-09-29,AAPL,0.49697241401750164
2006-10-02,AAPL,0.28228227934369526
2006-10-03,AAPL,0.35843193666262185
2006-10-04,AAPL,0.49995427084520894
2006-10-05,AAPL,0.39461072073685605
2006-10-06,AAPL,0.3372312386888508
2006-10-09,AAPL,0.36823901525217756
2006-10-10,AAPL,0.3639317937275707
2006-10-11,AAPL,0.2814782206975411
2006-10-12,AAPL,0.379600593600641
2006-10-13,AAPL,0.3167098297361604
2006-10-16,AAPL,0.35537927869538133
2006-10-17,AAPL,0.2939124310223246
2006-10-18,AAPL,0.2631569294658949
2006-10-19,AAPL,0.5102339694154893
2006-10-20,AAPL,0.47372736148553296
2006-10-23,AAPL,0.5084255385290426
2006-10-24,AAPL,0.5617768095459089
2006-10-25,AAPL,0.5505068671881144
2006-10-26,AAPL,0.5189516295929574
2006-10-27,AAPL,0.5383623392733906
2006-10-30,AAPL,0.5464324078274462
2006-10-31,AAPL,0.48108435872568406
2006-11-01,AAPL,0.4716990910265145
2006-11-02,AAPL,0.4486549402162955
2006-11-03,AAPL,0.48072835227586586
2006-11-06,AAPL,0.4976288074849981
2006-11-07,AAPL,0.5563869611978628
2006-11-08,AAPL,0.5268146806556365
2006-11-09,AAPL,0.5312415068028628
2006-11-10,AAPL,0.4762793921984553
2006-11-13,AAPL,0.43184779378076904
2006-11-14,AAPL,0.4362795044785861
2006-11-15,AAPL,0.494433862033984
2006-11-16,AAPL,0.41331148895950204
2006-11-17,AAPL,0.44125353637090914
2006-11-20,AAPL,0.4946629936195233
2006-11-21,AAPL,0.33598052710161663
2006-11-22,AAPL,0.4140984608139138
2006-11-24,AAPL,0.5460946354515915
2006-11-27,AAPL,0.37775845305058847
2006-11-28,AAPL,0.5923199074479418
2006-11-29,AAPL,0.6263727325527939
2006-11-30,AAPL,0.6085287601745802
2006-12-01,AAPL,0.44726823721806747
2006-12-04,AAPL,0.5029461193021674
2006-12-05,AAPL,0.47876956621406985
2006-12-06,AAPL,0.5639987691568297
2006-12-07,AAPL,0.5192190991127704
2006-12-08,AAPL,0.596565147652073
2006-12-11,AAPL,0.6118535925914251
2006-12-12,AAPL,0.5489307375504325
2006-12-13,AAPL,0.585912457362414
2006-12-14,AAPL,0.5031055639331988
2006-12-15,AAPL,0.4660682276395535
2006-12-18,AAPL,0.3885025110915089
2006-12-19,AAPL,0.4596730318008799
2006-12-20,AAPL,0.43079489672915905
2006-12-21,AAPL,0.329054082317534
2006-12-22,AAPL,0.3460411862961794
2006-12-26,AAPL,0.351391603488229
2006-12-27,AAPL,0.35235728299655106
2006-12-28,AAPL,0.4210306754008673
2006-12-29,AAPL,0.32292280685284297
2007-01-03,AAPL,0.3107349115366854
2007-01-04,AAPL,0.41473533244695837
2007-01-05,AAPL,0.3450141033406203
2007-01-08,AAPL,0.3909880384446451
2007-01-09,AAPL,0.3883743215262689
2007-01-10,AAPL,0.46609191712243025
2007-01-11,AAPL,0.437421261340555
2007-01-12,AAPL,0.2665613678344814
2007-01-16,AAPL,0.40939669567108367
2007-01-17,AAPL,0.3238525462594833
2007-01-18,AAPL,0.2340682057770751
2007-01-19,AAPL,0.29960582919236395
2007-01-22,AAPL,0.27901242660426945
2007-01-23,AAPL,0.34831778013528797
2007-01-24,AAPL,0.311885372070662
2007-01-25,AAPL,0.3430373345101441
2007-01-26,AAPL,0.3664121132168352
2007-01-29,AAPL,0.3401588433404033
2007-01-30,AAPL,0.4384295945071759
2007-01-31,AAPL,0.2048182177547164
2007-02-01,AAPL,0.22233736183588337
2007-02-02,AAPL,0.22904306209592276
2007-02-05,AAPL,0.23253080960927772
2007-02-06,AAPL,0.1581869548497935
2007-02-07,AAPL,0.1259302214214388
2007-02-08,AAPL,0.166126026911552
2007-02-09,AAPL,0.1704610430234659
2007-02-12,AAPL,0.22228779067857724
2007-02-13,AAPL,0.28068861851630705
2007-02-14,AAPL,0.22484565406781443
2007-02-15,AAPL,0.3051613329141505
2007-02-16,AAPL,0.319633416735524
2007-02-20,AAPL,0.26650515195157104
2007-02-21,AAPL,0.3146911344551201
2007-02-22,AAPL,0.2635157677773603
2007-02-23,AAPL,0.28380087559142225
2007-02-26,AAPL,0.33112879378968574
2007-02-27,AAPL,0.36066505986773967
2007-02-28,AAPL,0.43461728824142365
2007-03-01,AAPL,0.36160078693537473
2007-03-02,AAPL,0.38243398768329134
2007-03-05,AAPL,0.37021015104888555
2007-03-06,AAPL,0.44421389156011143
2007-03-07,AAPL,0.45011740423412333
2007-03-08,AAPL,0.42729003130678966
2007-03-09,AAPL,0.4173350989231331
2007-03-12,AAPL,0.43684332911452173
2007-03-13,AAPL,0.38756387333254055
2007-03-14,AAPL,0.4019268245345232
2007-03-15,AAPL,0.44149516066928957
2007-03-16,AAPL,0.5049206062256442
2007-03-19,AAPL,0.4407783622288508
2007-03-20,AAPL,0.43098524475672334
2007-03-21,AAPL,0.3845846937198722
2007-03-22,AAPL,0.4850849635039903
2007-03-23,AAPL,0.47363586485583214
2007-03-26,AAPL,0.3527620874301809
2007-03-27,AAPL,0.2761976023323417
2007-03-28,AAPL,0.2875528015908238
2007-03-29,AAPL,0.331010683779785
2007-03-30,AAPL,0.30758020093090904
2007-04-02,AAPL,0.35859604452843413
2007-04-03,AAPL,0.3504155431988337
2007-04-04,AAPL,0.4700342261035927
2007-04-05,AAPL,0.46677844093243775
2007-04-09,AAPL,0.39999552259584864
2007-04-10,AAPL,0.4743560365630534
2007-04-11,AAPL,0.25232053977238594
2007-04-12,AAPL,0.289247665140308
2007-04-13,AAPL,0.22892059671547585
2007-04-16,AAPL,0.14146321905785963
2007-04-17,AAPL,0.2069547122655218
2007-04-18,AAPL,0.20391637530536816
2007-04-19,AAPL,0.2049711782674193
2007-04-20,AAPL,0.24629548564901765
2007-04-23,AAPL,0.3608256350030686
2007-04-24,AAPL,0.31773653322880535
2007-04-25,AAPL,0.2927171883397781
2007-04-26,AAPL,0.37182941568823835
2007-04-27,AAPL,0.3545998346935697
2007-04-30,AAPL,0.4178065959764776
2007-05-01,AAPL,0.4196376040804219
2007-05-02,AAPL,0.4702490851896868
2007-05-03,AAPL,0.4858834113895975
2007-05-04,AAPL,0.45399439815610343
2007-05-07,AAPL,0.254441697463774
2007-05-08,AAPL,0.2903972034562719
2007-05-09,AAPL,0.2571173848642071
2007-05-10,AAPL,0.331853714283704
2007-05-11,AAPL,0.27915139703643904
2007-05-14,AAPL,0.33525049620259634
2007-05-15,AAPL,0.3918364897928247
2007-05-16,AAPL,0.36063857398228527
2007-05-17,AAPL,0.2566090276990031
2007-05-18,AAPL,0.39521403127309074
2007-05-21,AAPL,0.29434317117838343
2007-05-22,AAPL,0.49468004638200574
2007-05-23,AAPL,0.43595463629473197
2007-05-24,AAPL,0.36528831368546333
2007-05-25,AAPL,0.29128969423049084
2007-05-29,AAPL,0.33798278197573806
2007-05-30,AAPL,0.4337257562144716
2007-05-31,AAPL,0.41998940713642635
2007-06-01,AAPL,0.5024697407298891
2007-06-04,AAPL,0.48327149263575453
2007-06-05,AAPL,0.4714322078067108
2007-06-06,AAPL,0.5950981148457318
2007-06-07,AAPL,0.5721371226133087
2007-06-08,AAPL,0.5518674696404109
2007-06-11,AAPL,0.47514818159115785
2007-06-12,AAPL,0.4805017340582949
2007-06-13,AAPL,0.39055711909233953
2007-06-14,AAPL,0.3003187781247438
2007-06-15,AAPL,0.5230801896188113
2007-06-18,AAPL,0.3756740117387184
2007-06-19,AAPL,0.49797706014004883
2007-06-20,AAPL,0.5304555537871363
2007-06-21,AAPL,0.5073209959006524
2007-06-22,AAPL,0.5259735955995163
2007-06-25,AAPL,0.49915676137069187
2007-06-26,AAPL,0.4508382631811782
2007-06-27,AAPL,0.46576897484107527
2007-06-28,AAPL,0.46980187846732635
2007-06-29,AAPL,0.49861168782750726
2007-07-02,AAPL,0.5726455332142386
2007-07-03,AAPL,0.49114777284380307
2007-07-05,AAPL,0.3487585274238042
2007-07-06,AAPL,0.4016734866210761
2007-07-09,AAPL,0.49453092397913717
2007-07-10,AAPL,0.3718948852359272
2007-07-11,AAPL,0.4921191031673244
2007-07-12,AAPL,0.4000873792153434
2007-07-13,AAPL,0.4405944441963977
2007-07-16,AAPL,0.4688709836967516
2007-07-17,AAPL,0.5693897547555169
2007-07-18,AAPL,0.682086314347785
2007-07-19,AAPL,0.4942596211008687
2007-07-20,AAPL,0.450151200630217
2007-07-23,AAPL,0.47022968134100523
2007-07-24,AAPL,0.40484546308118563
2007-07-25,AAPL,0.46994379934676805
2007-07-26,AAPL,0.5745511303380451
2007-07-27,AAPL,0.5711493448736589
2007-07-30,AAPL,0.5872788799382641
2007-07-31,AAPL,0.33331577636217613
2007-08-01,AAPL,0.4384240735389012
2007-08-02,AAPL,0.3829536641171485
2007-08-03,AAPL,0.3097460313194055
2007-08-06,AAPL,0.3919021165245496
2007-08-07,AAPL,0.41288733251546406
2007-08-08,AAPL,0.4259648097212175
2007-08-09,AAPL,0.2594438171285696
2007-08-10,AAPL,0.2812361945148048
2007-08-13,AAPL,0.2017728586900491
2007-08-14,AAPL,0.28515651537489584
2007-08-15,AAPL,0.1671364191884335
2007-08-16,AAPL,0.16586927593099718
2007-08-17,AAPL,0.1339280290952638
2007-08-20,AAPL,0.2027482190176179
2007-08-21,AAPL,0.23425725207373946
2007-08-22,AAPL,0.27413164959119724
2007-08-23,AAPL,0.17343636347583746
2007-08-24,AAPL,0.1994257283644483
2007-08-27,AAPL,0.18802051613882825
2007-08-28,AAPL,0.23539023845113335
2007-08-29,AAPL,0.17320381301832485
2007-08-30,AAPL,0.21682044860116723
2007-08-31,AAPL,0.3081305253646777
2007-09-04,AAPL,0.3825588828346359
2007-09-05,AAPL,0.23890357323392356
2007-09-06,AAPL,0.2652549535532713
2007-09-07,AAPL,0.2429536202563812
2007-09-10,AAPL,0.2063446530979599
2007-09-11,AAPL,0.3029864976532955
2007-09-12,AAPL,0.25844968108254646
2007-09-13,AAPL,0.22863305265029982
2007-09-14,AAPL,0.25199475835610224
2007-09-17,AAPL,0.25572640572460464
2007-09-18,AAPL,0.25061022250411347
2007-09-19,AAPL,0.27641235826768856
2007-09-20,AAPL,0.3524569528768824
2007-09-21,AAPL,0.4841601055336944
2007-09-24,AAPL,0.4786526174691339
2007-09-25,AAPL,0.4723372086842928
2007-09-26,AAPL,0.513058591940106
2007-09-27,AAPL,0.3753925591650845
2007-09-28,AAPL,0.6031602979890779
2007-10-01,AAPL,0.49869791396894775
2007-10-02,AAPL,0.45737507445048203
2007-10-03,AAPL,0.5709068508389463
2007-10-04,AAPL,0.6501107686914596
2007-10-05,AAPL,0.459201436693964
2007-10-08,AAPL,0.3906336825039174
2007-10-09,AAPL,0.48897019614206205
2007-10-10,AAPL,0.6377774777529142
2007-10-11,AAPL,0.539713058388001
2007-10-12,AAPL,0.45778588174154394
2007-10-15,AAPL,0.49653693320272996
2007-10-16,AAPL,0.4657738213487811
2007-10-17,AAPL,0.4012382250700685
2007-10-18,AAPL,0.41526775149638545
2007-10-19,AAPL,0.4657231474428317
2007-10-22,AAPL,0.4871908052251885
2007-10-23,AAPL,0.19872206410606227
2007-10-24,AAPL,0.3426803501375008
2007-10-25,AAPL,0.20605081076611997
2007-10-26,AAPL,0.13619394644344993
2007-10-29,AAPL,0.2136807391360748
2007-10-30,AAPL,0.2814915918339606
2007-10-31,AAPL,0.27658659547927156
2007-11-01,AAPL,0.25945232760248066
2007-11-02,AAPL,0.2445708712133923
2007-11-05,AAPL,0.26185597439326497
2007-11-06,AAPL,0.2130065353722831
2007-11-07,AAPL,0.4956696201261748
2007-11-08,AAPL,0.46854684336260105
2007-11-09,AAPL,0.37981689915465566
2007-11-12,AAPL,0.18549647148639295
2007-11-13,AAPL,0.3520197506270487
2007-11-14,AAPL,0.424565946166999
2007-11-15,AAPL,0.29993200863565733
2007-11-16,AAPL,0.3457830335253614
2007-11-19,AAPL,0.2684365549621429
2007-11-20,AAPL,0.23546050869264007
2007-11-21,AAPL,0.37614340018978715
2007-11-23,AAPL,0.25747040045719655
2007-11-26,AAPL,0.3036385073127013
2007-11-27,AAPL,0.15813368936242336
2007-11-28,AAPL,0.33244503313239304
2007-11-29,AAPL,0.403339000743549
2007-11-30,AAPL,0.376377521178845
2007-12-03,AAPL,0.27565578089938403
2007-12-04,AAPL,0.38333450485263865
2007-12-05,AAPL,0.2977805231894072
2007-12-06,AAPL,0.4996157198221279
2007-12-07,AAPL,0.45398042881841577
2007-12-10,AAPL,0.6709487858232946
2007-12-11,AAPL,0.4940642447266101
2007-12-12,AAPL,0.39794760632887693
2007-12-13,AAPL,0.518009779926835
2007-12-14,AAPL,0.47799087432751286
2007-12-17,AAPL,0.3313525165209832
2007-12-18,AAPL,0.3474725055463776
2007-12-19,AAPL,0.3592088660415456
2007-12-20,AAPL,0.40104036592656983
2007-12-21,AAPL,0.43700525302339815
2007-12-24,AAPL,0.36122137823799605
2007-12-26,AAPL,0.36212932753782384
2007-12-27,AAPL,0.31134609545418573
2007-12-28,AAPL,0.35217020092393186
2007-12-31,AAPL,0.40982725862218816
2008-01-02,AAPL,0.4097030758857727
2008-01-03,AAPL,0.439973384141922
2008-01-04,AAPL,0.36051639914512634
2008-01-07,AAPL,0.44397273659706116
2008-01-08,AAPL,0.3787188231945038
2008-01-09,AAPL,0.35474181175231934
2008-01-10,AAPL,0.37225374579429626
2008-01-11,AAPL,0.3764350414276123
2008-01-14,AAPL,0.21628405153751373
2008-01-15,AAPL,0.1880970001220703
2008-01-16,AAPL,0.21290966868400574
2008-01-17,AAPL,0.23785178363323212
2008-01-18,AAPL,0.2346230447292328
2008-01-22,AAPL,0.23991844058036804
2008-01-23,AAPL,0.4642930030822754
2008-01-24,AAPL,0.417842298746109
2008-01-25,AAPL,0.40795424580574036
2008-01-28,AAPL,0.38138827681541443
2008-01-29,AAPL,0.4665590226650238
2008-01-30,AAPL,0.16473543643951416
2008-01-31,AAPL,0.12120095640420914
2008-02-01,AAPL,0.178780198097229
2008-02-04,AAPL,0.1857217252254486
2008-02-05,AAPL,0.19126568734645844
2008-02-06,AAPL,0.16575029492378235
2008-02-07,AAPL,0.17582294344902039
2008-02-08,AAPL,0.11000487208366394
2008-02-11,AAPL,0.1026313528418541
2008-02-12,AAPL,0.20270602405071259
2008-02-13,AAPL,0.14868345856666565
2008-02-14,AAPL,0.16982412338256836
2008-02-15,AAPL,0.18468698859214783
2008-02-19,AAPL,0.19192622601985931
2008-02-20,AAPL,0.17817173898220062
2008-02-21,AAPL,0.26793691515922546
2008-02-22,AAPL,0.3048345446586609
2008-02-25,AAPL,0.2986147403717041
2008-02-26,AAPL,0.3118496239185333
2008-02-27,AAPL,0.4286313056945801
2008-02-28,AAPL,0.25580504536628723
2008-02-29,AAPL,0.25408026576042175
2008-03-03,AAPL,0.1941099613904953
2008-03-04,AAPL,0.19359131157398224
2008-03-05,AAPL,0.21860015392303467
2008-03-06,AAPL,0.2069697082042694
2008-03-07,AAPL,0.14143192768096924
2008-03-10,AAPL,0.2090696543455124
2008-03-11,AAPL,0.1760435849428177
2008-03-12,AAPL,0.19764690101146698
2008-03-13,AAPL,0.33002710342407227
2008-03-14,AAPL,0.32610970735549927
2008-03-17,AAPL,0.29183006286621094
2008-03-18,AAPL,0.31038570404052734
2008-03-19,AAPL,0.29927805066108704
2008-03-20,AAPL,0.2282799780368805
2008-03-24,AAPL,0.22093941271305084
2008-03-25,AAPL,0.26143017411231995
2008-03-26,AAPL,0.2898382246494293
2008-03-27,AAPL,0.304966539144516
2008-03-28,AAPL,0.3408076763153076
2008-03-31,AAPL,0.4781982898712158
2008-04-01,AAPL,0.38500359654426575
2008-04-02,AAPL,0.3744187653064728
2008-04-03,AAPL,0.3121258616447449
2008-04-04,AAPL,0.35508236289024353
2008-04-07,AAPL,0.26863133907318115
2008-04-08,AAPL,0.35217082500457764
2008-04-09,AAPL,0.401233434677124
2008-04-10,AAPL,0.2944107949733734
2008-04-11,AAPL,0.3796159625053406
2008-04-14,AAPL,0.4096753001213074
2008-04-15,AAPL,0.44833385944366455
2008-04-16,AAPL,0.2884657084941864
2008-04-17,AAPL,0.41794145107269287
2008-04-18,AAPL,0.2772160768508911
2008-04-21,AAPL,0.3501319885253906
2008-04-22,AAPL,0.280373752117157
2008-04-23,AAPL,0.2895546555519104
2008-04-24,AAPL,0.3076362907886505
2008-04-25,AAPL,0.26321446895599365
2008-04-28,AAPL,0.3175939917564392
2008-04-29,AAPL,0.355487585067749
2008-04-30,AAPL,0.3562134802341461
2008-05-01,AAPL,0.38477233052253723
2008-05-02,AAPL,0.4365141689777374
2008-05-05,AAPL,0.3871694803237915
2008-05-06,AAPL,0.4175388514995575
2008-05-07,AAPL,0.39254260063171387
2008-05-08,AAPL,0.40596628189086914
2008-05-09,AAPL,0.3499814569950104
2008-05-12,AAPL,0.4077383875846863
2008-05-13,AAPL,0.45602086186408997
2008-05-14,AAPL,0.32185620069503784
2008-05-15,AAPL,0.34630703926086426
2008-05-16,AAPL,0.3185124397277832
2008-05-19,AAPL,0.4417491555213928
2008-05-20,AAPL,0.4414646625518799
2008-05-21,AAPL,0.3970719873905182
2008-05-22,AAPL,0.4391736388206482
2008-05-23,AAPL,0.40710410475730896
2008-05-27,AAPL,0.4448103904724121
2008-05-28,AAPL,0.4427657127380371
2008-05-29,AAPL,0.46359947323799133
2008-05-30,AAPL,0.49380022287368774
2008-06-02,AAPL,0.4806603193283081
2008-06-03,AAPL,0.4883417785167694
2008-06-04,AAPL,0.4893951117992401
2008-06-05,AAPL,0.46389445662498474
2008-06-06,AAPL,0.39995285868644714
2008-06-09,AAPL,0.31503692269325256
2008-06-10,AAPL,0.45539790391921997
2008-06-11,AAPL,0.38767924904823303
2008-06-12,AAPL,0.25038331747055054
2008-06-13,AAPL,0.2749044895172119
2008-06-16,AAPL,0.2996751368045807
2008-06-17,AAPL,0.3633967339992523
2008-06-18,AAPL,0.3319770097732544
2008-06-19,AAPL,0.3378075659275055
2008-06-20,AAPL,0.3223428428173065
2008-06-23,AAPL,0.33780691027641296
2008-06-24,AAPL,0.2506125867366791
2008-06-25,AAPL,0.27973470091819763
2008-06-26,AAPL,0.22544601559638977
2008-06-27,AAPL,0.2546761929988861
2008-06-30,AAPL,0.25782012939453125
2008-07-01,AAPL,0.33533576130867004
2008-07-02,AAPL,0.2511286735534668
2008-07-03,AAPL,0.2518821060657501
2008-07-07,AAPL,0.3291795551776886
2008-07-08,AAPL,0.345389187335968
2008-07-09,AAPL,0.3063564896583557
2008-07-10,AAPL,0.3769338130950928
2008-07-11,AAPL,0.33138367533683777
2008-07-14,AAPL,0.33217853307724
2008-07-15,AAPL,0.2737152576446533
2008-07-16,AAPL,0.37061989307403564
2008-07-17,AAPL,0.3146432042121887
2008-07-18,AAPL,0.26536813378334045
2008-07-21,AAPL,0.30093613266944885
2008-07-22,AAPL,0.3154986500740051
2008-07-23,AAPL,0.29868748784065247
2008-07-24,AAPL,0.22589735686779022
2008-07-25,AAPL,0.24169926345348358
2008-07-28,AAPL,0.2565927505493164
2008-07-29,AAPL,0.16004571318626404
2008-07-30,AAPL,0.15956531465053558
2008-07-31,AAPL,0.2688060998916626
2008-08-01,AAPL,0.2376779168844223
2008-08-04,AAPL,0.24538466334342957
2008-08-05,AAPL,0.21088379621505737
2008-08-06,AAPL,0.2939572334289551
2008-08-07,AAPL,0.32252946496009827
2008-08-08,AAPL,0.2875223159790039
2008-08-11,AAPL,0.2755773663520813
2008-08-12,AAPL,0.29215529561042786
2008-08-13,AAPL,0.23068509995937347
2008-08-14,AAPL,0.24985705316066742
2008-08-15,AAPL,0.23104922473430634
2008-08-18,AAPL,0.24329152703285217
2008-08-19,AAPL,0.29854699969291687
2008-08-20,AAPL,0.2710939943790436
2008-08-21,AAPL,0.259976863861084
2008-08-22,AAPL,0.2645716071128845
2008-08-25,AAPL,0.2726781368255615
2008-08-26,AAPL,0.2935716211795807
2008-08-27,AAPL,0.315006822347641
2008-08-28,AAPL,0.30738139152526855
2008-08-29,AAPL,0.306045264005661
2008-09-02,AAPL,0.3065893054008484
2008-09-03,AAPL,0.30017024278640747
2008-09-04,AAPL,0.16283968091011047
2008-09-05,AAPL,0.1871340572834015
2008-09-08,AAPL,0.1909162998199463
2008-09-09,AAPL,0.15993055701255798
2008-09-10,AAPL,0.1526983678340912
2008-09-11,AAPL,0.13320502638816833
2008-09-12,AAPL,0.10460266470909119
2008-09-15,AAPL,0.12631532549858093
2008-09-16,AAPL,0.18773148953914642
2008-09-17,AAPL,0.2716120779514313
2008-09-18,AAPL,0.11712368577718735
2008-09-19,AAPL,0.18054607510566711
2008-09-22,AAPL,0.17415040731430054
2008-09-23,AAPL,0.2788048982620239
2008-09-24,AAPL,0.16943851113319397
2008-09-25,AAPL,0.14138376712799072
2008-09-26,AAPL,0.27508166432380676
2008-09-29,AAPL,0.753807783126831
2008-09-30,AAPL,0.6898152828216553
2008-10-01,AAPL,0.541953980922699
2008-10-02,AAPL,0.6761255264282227
2008-10-03,AAPL,0.6734656095504761
2008-10-06,AAPL,0.7270506024360657
2008-10-07,AAPL,0.6465859413146973
2008-10-08,AAPL,0.6796419620513916
2008-10-09,AAPL,0.6435925364494324
2008-10-10,AAPL,0.4730900824069977
2008-10-13,AAPL,0.19004325568675995
2008-10-14,AAPL,0.39681923389434814
2008-10-15,AAPL,0.47098076343536377
2008-10-16,AAPL,0.4024531841278076
2008-10-17,AAPL,0.41424161195755005
2008-10-20,AAPL,0.34670591354370117
2008-10-21,AAPL,0.3889317810535431
2008-10-22,AAPL,0.30331185460090637
2008-10-23,AAPL,0.2160148024559021
2008-10-24,AAPL,0.3951720595359802
2008-10-27,AAPL,0.6633428335189819
2008-10-28,AAPL,0.6139802932739258
2008-10-29,AAPL,0.11446242779493332
2008-10-30,AAPL,0.08400578796863556
2008-10-31,AAPL,0.11267463862895966
2008-11-03,AAPL,0.22555182874202728
2008-11-04,AAPL,0.21088993549346924
2008-11-05,AAPL,0.253898561000824
2008-11-06,AAPL,0.3670128285884857
2008-11-07,AAPL,0.3362969756126404
2008-11-10,AAPL,0.30695682764053345
2008-11-11,AAPL,0.36611393094062805
2008-11-12,AAPL,0.35587024688720703
2008-11-13,AAPL,0.4534597396850586
2008-11-14,AAPL,0.37570104002952576
2008-11-17,AAPL,0.34901729226112366
2008-11-18,AAPL,0.285722553730011
2008-11-19,AAPL,0.3542882204055786
2008-11-20,AAPL,0.22588616609573364
2008-11-21,AAPL,0.3134596049785614
2008-11-24,AAPL,0.3626163601875305
2008-11-25,AAPL,0.4860627055168152
2008-11-26,AAPL,0.43541964888572693
2008-11-28,AAPL,0.3933831751346588
2008-12-01,AAPL,0.47661131620407104
2008-12-02,AAPL,0.48437440395355225
2008-12-03,AAPL,0.4808133840560913
2008-12-04,AAPL,0.5187997221946716
2008-12-05,AAPL,0.33314502239227295
2008-12-08,AAPL,0.45380061864852905
2008-12-09,AAPL,0.2840477228164673
2008-12-10,AAPL,0.4345279932022095
2008-12-11,AAPL,0.5843204259872437
2008-12-12,AAPL,0.3937218189239502
2008-12-15,AAPL,0.5952518582344055
2008-12-16,AAPL,0.6251196265220642
2008-12-17,AAPL,0.49040913581848145
2008-12-18,AAPL,0.5050994157791138
2008-12-19,AAPL,0.5334606766700745
2008-12-22,AAPL,0.42110201716423035
2008-12-23,AAPL,0.4894922077655792
2008-12-24,AAPL,0.35579824447631836
2008-12-26,AAPL,0.3596462309360504
2008-12-29,AAPL,0.41807761788368225
2008-12-30,AAPL,0.3989219665527344
2008-12-31,AAPL,0.32682108879089355
2009-01-02,AAPL,0.40256205201148987
2009-01-05,AAPL,0.5100686550140381
2009-01-06,AAPL,0.5089404582977295
2009-01-07,AAPL,0.514390230178833
2009-01-08,AAPL,0.4516529440879822
2009-01-09,AAPL,0.546962559223175
2009-01-12,AAPL,0.49545371532440186
2009-01-13,AAPL,0.5129465460777283
2009-01-14,AAPL,0.490707129240036
2009-01-15,AAPL,0.4239150881767273
2009-01-16,AAPL,0.43047451972961426
2009-01-20,AAPL,0.3400932252407074
2009-01-21,AAPL,0.3677966892719269
2009-01-22,AAPL,0.5099126100540161
2009-01-23,AAPL,0.4819118082523346
2009-01-26,AAPL,0.3993360996246338
2009-01-27,AAPL,0.5416131019592285
2009-01-28,AAPL,0.43860599398612976
2009-01-29,AAPL,0.4682040512561798
2009-01-30,AAPL,0.44222670793533325
2009-02-02,AAPL,0.4136967360973358
2009-02-03,AAPL,0.30142495036125183
2009-02-04,AAPL,0.35901013016700745
2009-02-05,AAPL,0.3364116847515106
2009-02-06,AAPL,0.30986687541007996
2009-02-09,AAPL,0.3210931420326233
2009-02-10,AAPL,0.3588816821575165
2009-02-11,AAPL,0.3578866422176361
2009-02-12,AAPL,0.33264443278312683
2009-02-13,AAPL,0.2970942258834839
2009-02-17,AAPL,0.4086315631866455
2009-02-18,AAPL,0.45434096455574036
2009-02-19,AAPL,0.37821611762046814
2009-02-20,AAPL,0.3389805555343628
2009-02-23,AAPL,0.3429320752620697
2009-02-24,AAPL,0.2676248252391815
2009-02-25,AAPL,0.3706095814704895
2009-02-26,AAPL,0.3220179080963135
2009-02-27,AAPL,0.29757776856422424
2009-03-02,AAPL,0.34025683999061584
2009-03-03,AAPL,0.31821662187576294
2009-03-04,AAPL,0.3537895679473877
2009-03-05,AAPL,0.3267213702201843
2009-03-06,AAPL,0.39646223187446594
2009-03-09,AAPL,0.4284360408782959
2009-03-10,AAPL,0.3698209226131439
2009-03-11,AAPL,0.3837922215461731
2009-03-12,AAPL,0.33311763405799866
2009-03-13,AAPL,0.3387500047683716
2009-03-16,AAPL,0.3580267131328583
2009-03-17,AAPL,0.29213035106658936
2009-03-18,AAPL,0.2891947627067566
2009-03-19,AAPL,0.2882874011993408
2009-03-20,AAPL,0.3579505681991577
2009-03-23,AAPL,0.21308717131614685
2009-03-24,AAPL,0.4098077118396759
2009-03-25,AAPL,0.37468305230140686
2009-03-26,AAPL,0.41418009996414185
2009-03-27,AAPL,0.47278255224227905
2009-03-30,AAPL,0.36267271637916565
2009-03-31,AAPL,0.3807052969932556
2009-04-01,AAPL,0.3874213397502899
2009-04-02,AAPL,0.42821523547172546
2009-04-03,AAPL,0.36090174317359924
2009-04-06,AAPL,0.35407406091690063
2009-04-07,AAPL,0.44013911485671997
2009-04-08,AAPL,0.41455015540122986
2009-04-09,AAPL,0.35140088200569153
2009-04-13,AAPL,0.28404638171195984
2009-04-14,AAPL,0.33920788764953613
2009-04-15,AAPL,0.39768657088279724
2009-04-16,AAPL,0.3116644322872162
2009-04-17,AAPL,0.28790631890296936
2009-04-20,AAPL,0.3440838158130646
2009-04-21,AAPL,0.33234935998916626
2009-04-22,AAPL,0.3641034662723541
2009-04-23,AAPL,0.3361821472644806
2009-04-24,AAPL,0.314971387386322
2009-04-27,AAPL,0.3357844948768616
2009-04-28,AAPL,0.30829736590385437
2009-04-29,AAPL,0.33523064851760864
2009-04-30,AAPL,0.3180900812149048
2009-05-01,AAPL,0.31427136063575745
2009-05-04,AAPL,0.38813453912734985
2009-05-05,AAPL,0.33646973967552185
2009-05-06,AAPL,0.36368292570114136
2009-05-07,AAPL,0.36524060368537903
2009-05-08,AAPL,0.4307505786418915
2009-05-11,AAPL,0.4276828467845917
2009-05-12,AAPL,0.3752051293849945
2009-05-13,AAPL,0.3152835965156555
2009-05-14,AAPL,0.3105894923210144
2009-05-15,AAPL,0.3491969108581543
2009-05-18,AAPL,0.36903607845306396
2009-05-19,AAPL,0.41680556535720825
2009-05-20,AAPL,0.40332329273223877
2009-05-21,AAPL,0.34633907675743103
2009-05-22,AAPL,0.3093198537826538
2009-05-26,AAPL,0.40485110878944397
2009-05-27,AAPL,0.36699309945106506
2009-05-28,AAPL,0.3350045382976532
2009-05-29,AAPL,0.33850759267807007
2009-06-01,AAPL,0.2775028944015503
2009-06-02,AAPL,0.38839396834373474
2009-06-03,AAPL,0.4943867027759552
2009-06-04,AAPL,0.3321115970611572
2009-06-05,AAPL,0.3710099458694458
2009-06-08,AAPL,0.4240570366382599
2009-06-09,AAPL,0.40476253628730774
2009-06-10,AAPL,0.36380669474601746
2009-06-11,AAPL,0.4015507102012634
2009-06-12,AAPL,0.28145450353622437
2009-06-15,AAPL,0.3880985677242279
2009-06-16,AAPL,0.41783756017684937
2009-06-17,AAPL,0.4538731575012207
2009-06-18,AAPL,0.3553593158721924
2009-06-19,AAPL,0.4327496588230133
2009-06-22,AAPL,0.34152939915657043
2009-06-23,AAPL,0.5008840560913086
2009-06-24,AAPL,0.4641874432563782
2009-06-25,AAPL,0.6720402240753174
2009-06-26,AAPL,0.6000912189483643
2009-06-29,AAPL,0.6403640508651733
2009-06-30,AAPL,0.575390100479126
2009-07-01,AAPL,0.584032416343689
2009-07-02,AAPL,0.5106228590011597
2009-07-06,AAPL,0.5106527805328369
2009-07-07,AAPL,0.45988941192626953
2009-07-08,AAPL,0.5428342819213867
2009-07-09,AAPL,0.4976087212562561
2009-07-10,AAPL,0.5989412069320679
2009-07-13,AAPL,0.634543240070343
2009-07-14,AAPL,0.5460028052330017
2009-07-15,AAPL,0.4946589171886444
2009-07-16,AAPL,0.5527664422988892
2009-07-17,AAPL,0.5090739727020264
2009-07-20,AAPL,0.5182701945304871
2009-07-21,AAPL,0.6955388188362122
2009-07-22,AAPL,0.4067443013191223
2009-07-23,AAPL,0.451704740524292
2009-07-24,AAPL,0.5690086483955383
2009-07-27,AAPL,0.6211268901824951
2009-07-28,AAPL,0.6254288554191589
2009-07-29,AAPL,0.6354408264160156
2009-07-30,AAPL,0.5268927216529846
2009-07-31,AAPL,0.5401443839073181
2009-08-03,AAPL,0.45783746242523193
2009-08-04,AAPL,0.5820857882499695
2009-08-05,AAPL,0.5834712982177734
2009-08-06,AAPL,0.6247791051864624
2009-08-07,AAPL,0.4384346008300781
2009-08-10,AAPL,0.4283250868320465
2009-08-11,AAPL,0.5870193839073181
2009-08-12,AAPL,0.44516852498054504
2009-08-13,AAPL,0.3893032670021057
2009-08-14,AAPL,0.4847791790962219
2009-08-17,AAPL,0.5732085704803467
2009-08-18,AAPL,0.6578508615493774
2009-08-19,AAPL,0.7119949460029602
2009-08-20,AAPL,0.6176077723503113
2009-08-21,AAPL,0.5023398399353027
2009-08-24,AAPL,0.5851255655288696
2009-08-25,AAPL,0.565717339515686
2009-08-26,AAPL,0.6222525835037231
2009-08-27,AAPL,0.6536880135536194
2009-08-28,AAPL,0.5261824727058411
2009-08-31,AAPL,0.6066290140151978
2009-09-01,AAPL,0.639106810092926
2009-09-02,AAPL,0.6551989912986755
2009-09-03,AAPL,0.6997776627540588
2009-09-04,AAPL,0.46795812249183655
2009-09-08,AAPL,0.336748868227005
2009-09-09,AAPL,0.6020181775093079
2009-09-10,AAPL,0.5121357440948486
2009-09-11,AAPL,0.602441132068634
2009-09-14,AAPL,0.4338769018650055
2009-09-15,AAPL,0.4911363124847412
2009-09-16,AAPL,0.40287405252456665
2009-09-17,AAPL,0.3774324953556061
2009-09-18,AAPL,0.43283557891845703
2009-09-21,AAPL,0.43631088733673096
2009-09-22,AAPL,0.47301506996154785
2009-09-23,AAPL,0.48468321561813354
2009-09-24,AAPL,0.4314548671245575
2009-09-25,AAPL,0.3932972848415375
2009-09-28,AAPL,0.4100727140903473
2009-09-29,AAPL,0.3890257179737091
2009-09-30,AAPL,0.5435952544212341
2009-10-01,AAPL,0.5763935446739197
2009-10-02,AAPL,0.5276312232017517
2009-10-05,AAPL,0.5831246376037598
2009-10-06,AAPL,0.4672631323337555
2009-10-07,AAPL,0.42393049597740173
2009-10-08,AAPL,0.490584135055542
2009-10-09,AAPL,0.4637690782546997
2009-10-12,AAPL,0.40197503566741943
2009-10-13,AAPL,0.44566312432289124
2009-10-14,AAPL,0.5181707739830017
2009-10-15,AAPL,0.4698798358440399
2009-10-16,AAPL,0.735772967338562
2009-10-19,AAPL,0.4633592665195465
2009-10-20,AAPL,0.42000335454940796
2009-10-21,AAPL,0.358255535364151
2009-10-22,AAPL,0.3906470537185669
2009-10-23,AAPL,0.32714882493019104
2009-10-26,AAPL,0.4439149796962738
2009-10-27,AAPL,0.6912170648574829
2009-10-28,AAPL,0.5272056460380554
2009-10-29,AAPL,0.5619373917579651
2009-10-30,AAPL,0.3817667067050934
2009-11-02,AAPL,0.37841272354125977
2009-11-03,AAPL,0.35816383361816406
2009-11-04,AAPL,0.3902372121810913
2009-11-05,AAPL,0.4152967035770416
2009-11-06,AAPL,0.4403703510761261
2009-11-09,AAPL,0.46411120891571045
2009-11-10,AAPL,0.4753471910953522
2009-11-11,AAPL,0.5058394074440002
2009-11-12,AAPL,0.4956640303134918
2009-11-13,AAPL,0.4602007269859314
2009-11-16,AAPL,0.46216529607772827
2009-11-17,AAPL,0.5211406946182251
2009-11-18,AAPL,0.5790371298789978
2009-11-19,AAPL,0.4922237992286682
2009-11-20,AAPL,0.40450209379196167
2009-11-23,AAPL,0.27718400955200195
2009-11-24,AAPL,0.4881533086299896
2009-11-25,AAPL,0.5540134310722351
2009-11-27,AAPL,0.5638086795806885
2009-11-30,AAPL,0.5591711401939392
2009-12-01,AAPL,0.5275095701217651
2009-12-02,AAPL,0.5602684617042542
2009-12-03,AAPL,0.56332927942276
2009-12-04,AAPL,0.3762224614620209
2009-12-07,AAPL,0.09952515363693237
2009-12-08,AAPL,0.13940498232841492
2009-12-09,AAPL,0.5937454700469971
2009-12-10,AAPL,0.5079385638237
2009-12-11,AAPL,0.4387955963611603
2009-12-14,AAPL,0.4022045135498047
2009-12-15,AAPL,0.25803396105766296
2009-12-16,AAPL,0.41532301902770996
2009-12-17,AAPL,0.2417518049478531
2009-12-18,AAPL,0.45848456025123596
2009-12-21,AAPL,0.49929895997047424
2009-12-22,AAPL,0.3920934200286865
2009-12-23,AAPL,0.4926832318305969
2009-12-24,AAPL,0.47801610827445984
2009-12-28,AAPL,0.41770559549331665
2009-12-29,AAPL,0.43408191204071045
2009-12-30,AAPL,0.31733277440071106
2009-12-31,AAPL,0.3557508587837219
2010-01-04,AAPL,0.36692609218679906
2010-01-05,AAPL,0.3667012998883476
2010-01-06,AAPL,0.37301784236953567
2010-01-07,AAPL,0.3728818570811133
2010-01-08,AAPL,0.3942500225735593
2010-01-11,AAPL,0.39007842077847626
2010-01-12,AAPL,0.3752934743898713
2010-01-13,AAPL,0.37248131841591053
2010-01-14,AAPL,0.3724594192746
2010-01-15,AAPL,0.3359441876163807
2010-01-19,AAPL,0.35042549512659327
2010-01-20,AAPL,0.3586786759757131
2010-01-21,AAPL,0.33725739696733137
2010-01-22,AAPL,0.3206096318618265
2010-01-25,AAPL,0.32052911258928074
2010-01-26,AAPL,0.3099883475296145
2010-01-27,AAPL,0.3223708523870992
2010-01-28,AAPL,0.3295112242811277
2010-01-29,AAPL,0.3241255016838027
2010-02-01,AAPL,0.32552084892043937
2010-02-02,AAPL,0.34282970322580303
2010-02-03,AAPL,0.33748882232432903
2010-02-04,AAPL,0.33364724559087405
2010-02-05,AAPL,0.3271396478960892
2010-02-08,AAPL,0.3224123232688821
2010-02-09,AAPL,0.3295682431151435
2010-02-10,AAPL,0.33749306234872056
2010-02-11,AAPL,0.3489824964320107
2010-02-12,AAPL,0.3266437401763533
2010-02-16,AAPL,0.33112767336142845
2010-02-17,AAPL,0.33116481333756825
2010-02-18,AAPL,0.3562749464200434
2010-02-19,AAPL,0.36229605628193107
2010-02-22,AAPL,0.3538850891753329
2010-02-23,AAPL,0.3363954206375001
2010-02-24,AAPL,0.33830463793395776
2010-02-25,AAPL,0.3641381814362688
2010-02-26,AAPL,0.36749587105723036
2010-03-01,AAPL,0.3812420643559504
2010-03-02,AAPL,0.3859383637006698
2010-03-03,AAPL,0.3921125904875339
2010-03-04,AAPL,0.38762582340456514
2010-03-05,AAPL,0.37627270710784094
2010-03-08,AAPL,0.3799955124552486
2010-03-09,AAPL,0.3709797962716537
2010-03-10,AAPL,0.38588916356409586
2010-03-11,AAPL,0.398360532283736
2010-03-12,AAPL,0.40575161558475725
2010-03-15,AAPL,0.41782642979255047
2010-03-16,AAPL,0.4137000447852838
2010-03-17,AAPL,0.41048684381696937
2010-03-18,AAPL,0.4124115923097825
2010-03-19,AAPL,0.3990204980470744
2010-03-22,AAPL,0.4053217871214959
2010-03-23,AAPL,0.40983381845844374
2010-03-24,AAPL,0.414285884782551
2010-03-25,AAPL,0.3856666154775201
2010-03-26,AAPL,0.39412124543632354
2010-03-29,AAPL,0.3866793136637107
2010-03-30,AAPL,0.3874658852731409
2010-03-31,AAPL,0.3840644423792817
2010-04-01,AAPL,0.3820372020897052
2010-04-05,AAPL,0.3956100998994426
2010-04-06,AAPL,0.40371002130450057
2010-04-07,AAPL,0.407017472058686
2010-04-08,AAPL,0.4060980557011697
2010-04-09,AAPL,0.42193849840651243
2010-04-12,AAPL,0.424385070006145
2010-04-13,AAPL,0.41965882621412964
2010-04-14,AAPL,0.42282424605834973
2010-04-15,AAPL,0.44451695069211905
2010-04-16,AAPL,0.4222528306742155
2010-04-19,AAPL,0.4227136360840555
2010-04-20,AAPL,0.39456972344729313
2010-04-21,AAPL,0.40869819187382145
2010-04-22,AAPL,0.41424717779953274
2010-04-23,AAPL,0.41703780000396784
2010-04-26,AAPL,0.41954139375572874
2010-04-27,AAPL,0.3914251768662757
2010-04-28,AAPL,0.3859906647268075
2010-04-29,AAPL,0.39052843340562743
2010-04-30,AAPL,0.3721639190099614
2010-05-03,AAPL,0.3734101492627965
2010-05-04,AAPL,0.3556628091606374
2010-05-05,AAPL,0.36170592468540225
2010-05-06,AAPL,0.35051165414766566
2010-05-07,AAPL,0.34428237346157636
2010-05-10,AAPL,0.3594942608424493
2010-05-11,AAPL,0.34916228660970977
2010-05-12,AAPL,0.34891366525067613
2010-05-13,AAPL,0.35690167936618716
2010-05-14,AAPL,0.3486642360732174
2010-05-17,AAPL,0.3506454211185064
2010-05-18,AAPL,0.3390098452599226
2010-05-19,AAPL,0.3216907027823817
2010-05-20,AAPL,0.31209955348919777
2010-05-21,AAPL,0.2963384592769696
2010-05-24,AAPL,0.33429762554584697
2010-05-25,AAPL,0.3363448574140732
2010-05-26,AAPL,0.3580507881499212
2010-05-27,AAPL,0.38549795943800863
2010-05-28,AAPL,0.355571678785195
2010-06-01,AAPL,0.3548735387715591
2010-06-02,AAPL,0.3489124458647313
2010-06-03,AAPL,0.3505361935029539
2010-06-04,AAPL,0.32671309878678273
2010-06-07,AAPL,0.31889816125716514
2010-06-08,AAPL,0.32566597332063113
2010-06-09,AAPL,0.32435210215847293
2010-06-10,AAPL,0.3477147725791228
2010-06-11,AAPL,0.3630344351397261
2010-06-14,AAPL,0.36291796371560925
2010-06-15,AAPL,0.3770738290800882
2010-06-16,AAPL,0.3899814259228452
2010-06-17,AAPL,0.3771538011756116
2010-06-18,AAPL,0.36325140631821146
2010-06-21,AAPL,0.34631657263120114
2010-06-22,AAPL,0.3405370532869983
2010-06-23,AAPL,0.32600585828301665
2010-06-24,AAPL,0.34454863098167654
2010-06-25,AAPL,0.3590701414003349
2010-06-28,AAPL,0.36636897789357903
2010-06-29,AAPL,0.3576247550720421
2010-06-30,AAPL,0.35231394840668045
2010-07-01,AAPL,0.3438179791839211
2010-07-02,AAPL,0.34623897806647086
2010-07-06,AAPL,0.33280214978899714
2010-07-07,AAPL,0.3416265544860525
2010-07-08,AAPL,0.3308979849450996
2010-07-09,AAPL,0.3337542941106616
2010-07-12,AAPL,0.33492911336504844
2010-07-13,AAPL,0.31351804663241783
2010-07-14,AAPL,0.3060116718658697
2010-07-15,AAPL,0.3041127126452455
2010-07-16,AAPL,0.29953152035647507
2010-07-19,AAPL,0.2921825287885318
2010-07-20,AAPL,0.32300248973720114
2010-07-21,AAPL,0.34993062343970605
2010-07-22,AAPL,0.3717611744620738
2010-07-23,AAPL,0.3825978873493829
2010-07-26,AAPL,0.3788389760251144
2010-07-27,AAPL,0.3530487234279138
2010-07-28,AAPL,0.34745383694856513
2010-07-29,AAPL,0.33099625911550157
2010-07-30,AAPL,0.3334926959321763
2010-08-02,AAPL,0.35016250874663307
2010-08-03,AAPL,0.3561251792170751
2010-08-04,AAPL,0.36878959522398636
2010-08-05,AAPL,0.379838820209577
2010-08-06,AAPL,0.39015725179701777
2010-08-09,AAPL,0.37818721948722267
2010-08-10,AAPL,0.36643174375329496
2010-08-11,AAPL,0.322150945432796
2010-08-12,AAPL,0.319379092331788
2010-08-13,AAPL,0.31958700411324625
2010-08-16,AAPL,0.30389524309184485
2010-08-17,AAPL,0.3224202656312042
2010-08-18,AAPL,0.3402833009561378
2010-08-19,AAPL,0.3334044387436876
2010-08-20,AAPL,0.3157971117342253
2010-08-23,AAPL,0.31262813640991255
2010-08-24,AAPL,0.29595768943064427
2010-08-25,AAPL,0.2934634604861159
2010-08-26,AAPL,0.2999812661985442
2010-08-27,AAPL,0.29304096038264027
2010-08-30,AAPL,0.30342742670245165
2010-08-31,AAPL,0.32895043931739515
2010-09-01,AAPL,0.3365952753646378
2010-09-02,AAPL,0.3537056010063449
2010-09-03,AAPL,0.36481389098384825
2010-09-07,AAPL,0.3551681797281035
2010-09-08,AAPL,0.3468584126667877
2010-09-09,AAPL,0.3586143812934452
2010-09-10,AAPL,0.3565280910385304
2010-09-13,AAPL,0.3711689748543567
2010-09-14,AAPL,0.4004345167451063
2010-09-15,AAPL,0.39756225946862533
2010-09-16,AAPL,0.4164223151415219
2010-09-17,AAPL,0.4148034004628995
2010-09-20,AAPL,0.41839423188782826
2010-09-21,AAPL,0.4176254921644667
2010-09-22,AAPL,0.4208936282735557
2010-09-23,AAPL,0.4145592943488051
2010-09-24,AAPL,0.41534827891791526
2010-09-27,AAPL,0.4203789460787564
2010-09-28,AAPL,0.38810821242805343
2010-09-29,AAPL,0.39889882694783746
2010-09-30,AAPL,0.39035630045282577
2010-10-01,AAPL,0.381849710785182
2010-10-04,AAPL,0.3795350319088591
2010-10-05,AAPL,0.3863082139459755
2010-10-06,AAPL,0.3823280291070924
2010-10-07,AAPL,0.3939455534665359
2010-10-08,AAPL,0.38599832175455745
2010-10-11,AAPL,0.3935527552072242
2010-10-12,AAPL,0.3785911954633319
2010-10-13,AAPL,0.37901498107319
2010-10-14,AAPL,0.3761893247099728
2010-10-15,AAPL,0.37925310562255055
2010-10-18,AAPL,0.39155708175094955
2010-10-19,AAPL,0.37923528123774863
2010-10-20,AAPL,0.39581530704794043
2010-10-21,AAPL,0.3981454480538002
2010-10-22,AAPL,0.4075594791040779
2010-10-25,AAPL,0.39542205869593483
2010-10-26,AAPL,0.39810813630318065
2010-10-27,AAPL,0.39765875497672903
2010-10-28,AAPL,0.3809157818215011
2010-10-29,AAPL,0.3819123849906508
2010-11-01,AAPL,0.38078855993698624
2010-11-02,AAPL,0.37927812305862985
2010-11-03,AAPL,0.3799175140389413
2010-11-04,AAPL,0.3621534620543749
2010-11-05,AAPL,0.3579236755513938
2010-11-08,AAPL,0.38830671569575764
2010-11-09,AAPL,0.3723275516891885
2010-11-10,AAPL,0.37635646459440836
2010-11-11,AAPL,0.3747219438560694
2010-11-12,AAPL,0.33880533069163077
2010-11-15,AAPL,0.34621228874697774
2010-11-16,AAPL,0.33580936572599035
2010-11-17,AAPL,0.3434243870601604
2010-11-18,AAPL,0.36912822048089794
2010-11-19,AAPL,0.3659998498957544
2010-11-22,AAPL,0.366667936664827
2010-11-23,AAPL,0.3503957298936742
2010-11-24,AAPL,0.35202565904127747
2010-11-26,AAPL,0.35401392376421076
2010-11-29,AAPL,0.3401163105976033
2010-11-30,AAPL,0.3329176573615498
2010-12-01,AAPL,0.33294345597235037
2010-12-02,AAPL,0.3352533141111268
2010-12-03,AAPL,0.36378687949241506
2010-12-06,AAPL,0.36335288386558773
2010-12-07,AAPL,0.38502887504920036
2010-12-08,AAPL,0.38373357891653365
2010-12-09,AAPL,0.3759169724325911
2010-12-10,AAPL,0.38236409188633824
2010-12-13,AAPL,0.3659506236558919
2010-12-14,AAPL,0.37547625161344583
2010-12-15,AAPL,0.3616385958119647
2010-12-16,AAPL,0.3673390677278205
2010-12-17,AAPL,0.3580119743382383
2010-12-20,AAPL,0.3942626247288193
2010-12-21,AAPL,0.38799967903288396
2010-12-22,AAPL,0.38675022703371237
2010-12-23,AAPL,0.38200592027018077
2010-12-27,AAPL,0.3748397754910293
2010-12-28,AAPL,0.3960731796570517
2010-12-29,AAPL,0.3799940357341472
2010-12-30,AAPL,0.3778378077215021
2010-12-31,AAPL,0.3646019922895162
2011-01-03,AAPL,0.37318550407722584
2011-01-04,AAPL,0.3949661166966257
2011-01-05,AAPL,0.40283121912211556
2011-01-06,AAPL,0.40000531299533604
2011-01-07,AAPL,0.40573503083974194
2011-01-10,AAPL,0.4030387908984211
2011-01-11,AAPL,0.39742663550495166
2011-01-12,AAPL,0.40172855756876896
2011-01-13,AAPL,0.41070381987861576
2011-01-14,AAPL,0.40860165644797025
2011-01-18,AAPL,0.3347777071098613
2011-01-19,AAPL,0.354486691749975
2011-01-20,AAPL,0.35559787541704974
2011-01-21,AAPL,0.3455528115849073
2011-01-24,AAPL,0.3509206559832207
2011-01-25,AAPL,0.363897612415664
2011-01-26,AAPL,0.3643613157665411
2011-01-27,AAPL,0.3733379253584291
2011-01-28,AAPL,0.35477754223579705
2011-01-31,AAPL,0.3488171683488178
2011-02-01,AAPL,0.3506458859373497
2011-02-02,AAPL,0.3474308223647196
2011-02-03,AAPL,0.3367096622416405
2011-02-04,AAPL,0.33375299304564693
2011-02-07,AAPL,0.36068582440832725
2011-02-08,AAPL,0.37336048741767575
2011-02-09,AAPL,0.39145347803950353
2011-02-10,AAPL,0.39206893347895355
2011-02-11,AAPL,0.3839504997973996
2011-02-14,AAPL,0.383498512632438
2011-02-15,AAPL,0.38291512789941595
2011-02-16,AAPL,0.3810012876403548
2011-02-17,AAPL,0.38948470458733603
2011-02-18,AAPL,0.3559022849280105
2011-02-22,AAPL,0.3277557020202661
2011-02-23,AAPL,0.3398973724363613
2011-02-24,AAPL,0.34784601162895
2011-02-25,AAPL,0.3505190192864983
2011-02-28,AAPL,0.35098088670846894
2011-03-01,AAPL,0.3459242611630439
2011-03-02,AAPL,0.34078227525064353
2011-03-03,AAPL,0.36164244342874924
2011-03-04,AAPL,0.35508374029075374
2011-03-07,AAPL,0.3362054201095112
2011-03-08,AAPL,0.3303633579075832
2011-03-09,AAPL,0.3223334422895492
2011-03-10,AAPL,0.31995201890680464
2011-03-11,AAPL,0.34048776019995586
2011-03-14,AAPL,0.3755652831627365
2011-03-15,AAPL,0.34509939785610505
2011-03-16,AAPL,0.32180941524283135
2011-03-17,AAPL,0.332308233044652
2011-03-18,AAPL,0.3179038839838285
2011-03-21,AAPL,0.3331776783753524
2011-03-22,AAPL,0.3349028837760693
2011-03-23,AAPL,0.32312777825182265
2011-03-24,AAPL,0.323195691369825
2011-03-25,AAPL,0.3430560477449685
2011-03-28,AAPL,0.34476303438292705
2011-03-29,AAPL,0.34063343047005207
2011-03-30,AAPL,0.33514264752332934
2011-03-31,AAPL,0.3307560417298737
2011-04-01,AAPL,0.3157208307966659
2011-04-04,AAPL,0.32862783607884255
2011-04-05,AAPL,0.3560778906527741
2011-04-06,AAPL,0.345057496211087
2011-04-07,AAPL,0.36033515978320724
2011-04-08,AAPL,0.33718564438604437
2011-04-11,AAPL,0.32223878650480614
2011-04-12,AAPL,0.3291790809754393
2011-04-13,AAPL,0.3183327805289705
2011-04-14,AAPL,0.2886443699110267
2011-04-15,AAPL,0.2795524066199619
2011-04-18,AAPL,0.28889756993157323
2011-04-19,AAPL,0.31279537062116525
2011-04-20,AAPL,0.3153757738201413
2011-04-21,AAPL,0.33908581318777004
2011-04-25,AAPL,0.36412030361268394
2011-04-26,AAPL,0.3576221494408886
2011-04-27,AAPL,0.35776530559144476
2011-04-28,AAPL,0.35240541103202844
2011-04-29,AAPL,0.34217200137842574
2011-05-02,AAPL,0.35296868241640217
2011-05-03,AAPL,0.3587910694241073
2011-05-04,AAPL,0.3582018797497044
2011-05-05,AAPL,0.3681422245165273
2011-05-06,AAPL,0.3892771264687639
2011-05-09,AAPL,0.38847774673227214
2011-05-10,AAPL,0.3751956470420193
2011-05-11,AAPL,0.3571993226395155
2011-05-12,AAPL,0.32791787337920264
2011-05-13,AAPL,0.30821651979332393
2011-05-16,AAPL,0.2960864764530853
2011-05-17,AAPL,0.3056555095886301
2011-05-18,AAPL,0.3284541027138242
2011-05-19,AAPL,0.3209205168969547
2011-05-20,AAPL,0.32135059876486227
2011-05-23,AAPL,0.31484960382354993
2011-05-24,AAPL,0.30899118450873325
2011-05-25,AAPL,0.3246984496848276
2011-05-26,AAPL,0.3238730058533116
2011-05-27,AAPL,0.3241933332773556
2011-05-31,AAPL,0.3269712807162232
2011-06-01,AAPL,0.3295508828550165
2011-06-02,AAPL,0.3396215101108258
2011-06-03,AAPL,0.3494276284032267
2011-06-06,AAPL,0.3457806510283546
2011-06-07,AAPL,0.3236547811822662
2011-06-08,AAPL,0.31917532036714824
2011-06-09,AAPL,0.3214057637040044
2011-06-10,AAPL,0.31822994817134326
2011-06-13,AAPL,0.32563811605209314
2011-06-14,AAPL,0.3492865263377168
2011-06-15,AAPL,0.3292922743012544
2011-06-16,AAPL,0.327448746036571
2011-06-17,AAPL,0.3142909841834802
2011-06-20,AAPL,0.2768132447073903
2011-06-21,AAPL,0.29821608951300693
2011-06-22,AAPL,0.30148108967778603
2011-06-23,AAPL,0.3146607249118797
2011-06-24,AAPL,0.31931275429357114
2011-06-27,AAPL,0.3394055103186588
2011-06-28,AAPL,0.3481321104345841
2011-06-29,AAPL,0.3425128776997424
2011-06-30,AAPL,0.34998522938113713
2011-07-01,AAPL,0.3491734927296747
2011-07-05,AAPL,0.34239305991455055
2011-07-06,AAPL,0.36138298809006053
2011-07-07,AAPL,0.36683695966928004
2011-07-08,AAPL,0.38578092159462485
2011-07-11,AAPL,0.37987331296587123
2011-07-12,AAPL,0.3738932918564165
2011-07-13,AAPL,0.38784379251841467
2011-07-14,AAPL,0.3760822145667362
2011-07-15,AAPL,0.39300957441130413
2011-07-18,AAPL,0.3976666596020158
2011-07-19,AAPL,0.39686076529314684
2011-07-20,AAPL,0.4017393504731978
2011-07-21,AAPL,0.4178589190181565
2011-07-22,AAPL,0.41681335780435613
2011-07-25,AAPL,0.40422648699929914
2011-07-26,AAPL,0.4066136122839898
2011-07-27,AAPL,0.37765877668373504
2011-07-28,AAPL,0.373034041224628
2011-07-29,AAPL,0.38809406212223574
2011-08-01,AAPL,0.397894202809273
2011-08-02,AAPL,0.3829940687205833
2011-08-03,AAPL,0.3929211853708484
2011-08-04,AAPL,0.36549310516344286
2011-08-05,AAPL,0.3483355690351066
2011-08-08,AAPL,0.332108552222905
2011-08-09,AAPL,0.3394714732094197
2011-08-10,AAPL,0.33509361513924724
2011-08-11,AAPL,0.33908991055300836
2011-08-12,AAPL,0.3424850713753549
2011-08-15,AAPL,0.35559004913658704
2011-08-16,AAPL,0.350805809645397
2011-08-17,AAPL,0.3585191745316854
2011-08-18,AAPL,0.3334235982917805
2011-08-19,AAPL,0.3206546947533682
2011-08-22,AAPL,0.310501806496621
2011-08-23,AAPL,0.3304869504976915
2011-08-24,AAPL,0.336492166265065
2011-08-25,AAPL,0.3470119870747028
2011-08-26,AAPL,0.3794259723861028
2011-08-29,AAPL,0.3763930573105867
2011-08-30,AAPL,0.3818526155141912
2011-08-31,AAPL,0.3635112856845035
2011-09-01,AAPL,0.34419988424807285
2011-09-02,AAPL,0.31652133909738056
2011-09-06,AAPL,0.3163590572832163
2011-09-07,AAPL,0.3397323480366663
2011-09-08,AAPL,0.3609437873147241
2011-09-09,AAPL,0.3672563434308858
2011-09-12,AAPL,0.37870202952280885
2011-09-13,AAPL,0.36725008335842274
2011-09-14,AAPL,0.3651921440352388
2011-09-15,AAPL,0.37227731483394066
2011-09-16,AAPL,0.35802163589568076
2011-09-19,AAPL,0.34914789492313125
2011-09-20,AAPL,0.35639356036555175
2011-09-21,AAPL,0.37412949277228724
2011-09-22,AAPL,0.35668947230057296
2011-09-23,AAPL,0.37009452061041265
2011-09-26,AAPL,0.3585436391300118
2011-09-27,AAPL,0.35446436850507806
2011-09-28,AAPL,0.3574587373283829
2011-09-29,AAPL,0.3603627470848779
2011-09-30,AAPL,0.34971049739975807
2011-10-03,AAPL,0.33898382609367655
2011-10-04,AAPL,0.32274147785426494
2011-10-05,AAPL,0.33212334557442363
2011-10-06,AAPL,0.31433985852310387
2011-10-07,AAPL,0.29356967758868907
2011-10-10,AAPL,0.3229529220701114
2011-10-11,AAPL,0.33664481655640677
2011-10-12,AAPL,0.34913742364066414
2011-10-13,AAPL,0.3509615597104233
2011-10-14,AAPL,0.35570950100986937
2011-10-17,AAPL,0.34898372656792337
2011-10-18,AAPL,0.3438304162521657
2011-10-19,AAPL,0.33403439582918354
2011-10-20,AAPL,0.34124506625643547
2011-10-21,AAPL,0.3361199420729145
2011-10-24,AAPL,0.358568255291149
2011-10-25,AAPL,0.3594182854829853
2011-10-26,AAPL,0.36673190448130377
2011-10-27,AAPL,0.3805275089091889
2011-10-28,AAPL,0.37803470235937175
2011-10-31,AAPL,0.35832628496702257
2011-11-01,AAPL,0.3490554128861793
2011-11-02,AAPL,0.3287737900822263
2011-11-03,AAPL,0.30970738622759636
2011-11-04,AAPL,0.3104027943129173
2011-11-07,AAPL,0.3187200594975344
2011-11-08,AAPL,0.3548670713937353
2011-11-09,AAPL,0.34522022480940173
2011-11-10,AAPL,0.3350746890730225
2011-11-11,AAPL,0.31478563209332067
2011-11-14,AAPL,0.3228972185681225
2011-11-15,AAPL,0.3241978508480362
2011-11-16,AAPL,0.31698809692624574
2011-11-17,AAPL,0.31429651211956217
2011-11-18,AAPL,0.312210644960804
2011-11-21,AAPL,0.31705472802944806
2011-11-22,AAPL,0.3254257917054874
2011-11-23,AAPL,0.3079516273663133
2011-11-25,AAPL,0.30709794152416064
2011-11-28,AAPL,0.31792709318787593
2011-11-29,AAPL,0.3081847505045424
2011-11-30,AAPL,0.32738755742429637
2011-12-01,AAPL,0.34548985403399557
2011-12-02,AAPL,0.34535831254876076
2011-12-05,AAPL,0.34911541683240915
2011-12-06,AAPL,0.33525088205364095
2011-12-07,AAPL,0.34215165862316826
2011-12-08,AAPL,0.3418846564900608
2011-12-09,AAPL,0.3453717231334164
2011-12-12,AAPL,0.36339502309965865
2011-12-13,AAPL,0.34556653572057483
2011-12-14,AAPL,0.3571841904022148
2011-12-15,AAPL,0.3681734952463372
2011-12-16,AAPL,0.3449686198427132
2011-12-19,AAPL,0.3621714582688254
2011-12-20,AAPL,0.35942995412117335
2011-12-21,AAPL,0.3583744986095051
2011-12-22,AAPL,0.36019890859290304
2011-12-23,AAPL,0.3603209071004049
2011-12-27,AAPL,0.3719394044109492
2011-12-28,AAPL,0.3628523779743159
2011-12-29,AAPL,0.35796159548032563
2011-12-30,AAPL,0.3542233180447921
2012-01-03,AAPL,0.352216457871912
2012-01-04,AAPL,0.3644281447757804
2012-01-05,AAPL,0.40364862859337325
2012-01-06,AAPL,0.4065140680281861
2012-01-09,AAPL,0.4030980766491622
2012-01-10,AAPL,0.4103457592651064
2012-01-11,AAPL,0.40384364554148205
2012-01-12,AAPL,0.3941800886192357
2012-01-13,AAPL,0.3842644874688316
2012-01-17,AAPL,0.3815714459200407
2012-01-18,AAPL,0.384686264083917
2012-01-19,AAPL,0.3991308683060741
2012-01-20,AAPL,0.3687597533050931
2012-01-23,AAPL,0.38258272255425835
2012-01-24,AAPL,0.3490821180783986
2012-01-25,AAPL,0.35275623442599324
2012-01-26,AAPL,0.3733258957912167
2012-01-27,AAPL,0.37171731642859496
2012-01-30,AAPL,0.3709698368578257
2012-01-31,AAPL,0.3768240203130594
2012-02-01,AAPL,0.37903460094620356
2012-02-02,AAPL,0.38141086326712936
2012-02-03,AAPL,0.3766183531619276
2012-02-06,AAPL,0.38028292755016946
2012-02-07,AAPL,0.37077226900707766
2012-02-08,AAPL,0.3898362208729369
2012-02-09,AAPL,0.390006488128774
2012-02-10,AAPL,0.39931393884001165
2012-02-13,AAPL,0.418508268941017
2012-02-14,AAPL,0.4189896431151027
2012-02-15,AAPL,0.373745423902304
2012-02-16,AAPL,0.38133982434584474
2012-02-17,AAPL,0.3897754246738141
2012-02-21,AAPL,0.3897342821520098
2012-02-22,AAPL,0.3914346678409068
2012-02-23,AAPL,0.4019415827887405
2012-02-24,AAPL,0.412570392631606
2012-02-27,AAPL,0.40892792003889433
2012-02-28,AAPL,0.40986312941522973
2012-02-29,AAPL,0.4060164320223712
2012-03-01,AAPL,0.3983578447250574
2012-03-02,AAPL,0.4037488377205533
2012-03-05,AAPL,0.371306972788288
2012-03-06,AAPL,0.3653402366546776
2012-03-07,AAPL,0.38475406472043305
2012-03-08,AAPL,0.3929621287595967
2012-03-09,AAPL,0.40153038725850265
2012-03-12,AAPL,0.39982236912669317
2012-03-13,AAPL,0.409826790411261
2012-03-14,AAPL,0.4051705217488126
2012-03-15,AAPL,0.40000534050080877
2012-03-16,AAPL,0.40271183264124194
2012-03-19,AAPL,0.3911487246487309
2012-03-20,AAPL,0.38830860689315017
2012-03-21,AAPL,0.3811947592002569
2012-03-22,AAPL,0.38294550940666006
2012-03-23,AAPL,0.40078094752744214
2012-03-26,AAPL,0.4031556071084664
2012-03-27,AAPL,0.4116647118472401
2012-03-28,AAPL,0.41962446035002826
2012-03-29,AAPL,0.40644896210942866
2012-03-30,AAPL,0.38804074933393073
2012-04-02,AAPL,0.3888754054479559
2012-04-03,AAPL,0.3788698295741714
2012-04-04,AAPL,0.3803616458547984
2012-04-05,AAPL,0.38181274110527363
2012-04-09,AAPL,0.37540170493380204
2012-04-10,AAPL,0.3616450203533857
2012-04-11,AAPL,0.36765397725543564
2012-04-12,AAPL,0.37170267616597524
2012-04-13,AAPL,0.34984489250152073
2012-04-16,AAPL,0.31853474803127557
2012-04-17,AAPL,0.3348207902252329
2012-04-18,AAPL,0.3410490514134139
2012-04-19,AAPL,0.3370182486928062
2012-04-20,AAPL,0.3376144990161153
2012-04-23,AAPL,0.3276214006528173
2012-04-24,AAPL,0.3088563299350035
2012-04-25,AAPL,0.33355470971110496
2012-04-26,AAPL,0.3409530402077793
2012-04-27,AAPL,0.3339409096580359
2012-04-30,AAPL,0.3196936854167933
2012-05-01,AAPL,0.331541595962819
2012-05-02,AAPL,0.3279703392939674
2012-05-03,AAPL,0.3258658762417138
2012-05-04,AAPL,0.3253813514311819
2012-05-07,AAPL,0.30995268273155013
2012-05-08,AAPL,0.30448846500089416
2012-05-09,AAPL,0.33423548650567964
2012-05-10,AAPL,0.34596458191627727
2012-05-11,AAPL,0.34308117135098953
2012-05-14,AAPL,0.33640131491576825
2012-05-15,AAPL,0.27422972076404867
2012-05-16,AAPL,0.27299429734176095
2012-05-17,AAPL,0.2669192198804873
2012-05-18,AAPL,0.2630848139470405
2012-05-21,AAPL,0.3027667199071466
2012-05-22,AAPL,0.2985359686096689
2012-05-23,AAPL,0.31876794147142656
2012-05-24,AAPL,0.3357322714444672
2012-05-25,AAPL,0.33073279800583966
2012-05-29,AAPL,0.3257771788201618
2012-05-30,AAPL,0.324892610438245
2012-05-31,AAPL,0.3196873734610025
2012-06-01,AAPL,0.30683680794100493
2012-06-04,AAPL,0.3109356926116621
2012-06-05,AAPL,0.3312660223497755
2012-06-06,AAPL,0.3373240756747458
2012-06-07,AAPL,0.36274023101793756
2012-06-08,AAPL,0.3666445919035658
2012-06-11,AAPL,0.332006417272044
2012-06-12,AAPL,0.34644736979484153
2012-06-13,AAPL,0.3352792215753118
2012-06-14,AAPL,0.3382037138673548
2012-06-15,AAPL,0.3341169983493582
2012-06-18,AAPL,0.33408709819099625
2012-06-19,AAPL,0.33406387137500915
2012-06-20,AAPL,0.33867529675169217
2012-06-21,AAPL,0.35621760665326685
2012-06-22,AAPL,0.35965998631322416
2012-06-25,AAPL,0.341170180217063
2012-06-26,AAPL,0.3345920433484537
2012-06-27,AAPL,0.3382011261535391
2012-06-28,AAPL,0.3202330392842166
2012-06-29,AAPL,0.34113390985049347
2012-07-02,AAPL,0.3524110593046315
2012-07-03,AAPL,0.36903837864402483
2012-07-05,AAPL,0.3675038217155265
2012-07-06,AAPL,0.36185094469082196
2012-07-09,AAPL,0.35881049448121605
2012-07-10,AAPL,0.34054892660407254
2012-07-11,AAPL,0.3395577998749465
2012-07-12,AAPL,0.3439255816168218
2012-07-13,AAPL,0.34469643061706967
2012-07-16,AAPL,0.36829673702904075
2012-07-17,AAPL,0.3736213007065424
2012-07-18,AAPL,0.3758705097602435
2012-07-19,AAPL,0.38749799550782194
2012-07-20,AAPL,0.3614156972633289
2012-07-23,AAPL,0.35213277771104656
2012-07-24,AAPL,0.33494105631882193
2012-07-25,AAPL,0.2921640966447989
2012-07-26,AAPL,0.30087926456125563
2012-07-27,AAPL,0.30540259987189333
2012-07-30,AAPL,0.32462291409217814
2012-07-31,AAPL,0.34115004595049553
2012-08-01,AAPL,0.35214661911729694
2012-08-02,AAPL,0.3519465395655824
2012-08-03,AAPL,0.34897701295324507
2012-08-06,AAPL,0.35364638396221276
2012-08-07,AAPL,0.34910629731705667
2012-08-08,AAPL,0.33088727682776625
2012-08-09,AAPL,0.34190162140143987
2012-08-10,AAPL,0.34776868396983573
2012-08-13,AAPL,0.3567647557982528
2012-08-14,AAPL,0.4109188906679117
2012-08-15,AAPL,0.4098512446588275
2012-08-16,AAPL,0.40768395153378556
2012-08-17,AAPL,0.4026380072642706
2012-08-20,AAPL,0.397036037259744
2012-08-21,AAPL,0.38169483963529194
2012-08-22,AAPL,0.3860137856647659
2012-08-23,AAPL,0.37757693801244513
2012-08-24,AAPL,0.37217793146531575
2012-08-27,AAPL,0.3808230300333916
2012-08-28,AAPL,0.3908801243936423
2012-08-29,AAPL,0.3870450928604805
2012-08-30,AAPL,0.3732834155153976
2012-08-31,AAPL,0.37191005198652854
2012-09-04,AAPL,0.37940981191344164
2012-09-05,AAPL,0.37298470632092806
2012-09-06,AAPL,0.37485511449575026
2012-09-07,AAPL,0.3706585520970271
2012-09-10,AAPL,0.33588128568797865
2012-09-11,AAPL,0.34490157175200964
2012-09-12,AAPL,0.3347008799777194
2012-09-13,AAPL,0.35424696423840546
2012-09-14,AAPL,0.35602193511481156
2012-09-17,AAPL,0.36148863247062735
2012-09-18,AAPL,0.37041892351471545
2012-09-19,AAPL,0.3684617002754556
2012-09-20,AAPL,0.3780483014719098
2012-09-21,AAPL,0.3704124567990466
2012-09-24,AAPL,0.34254334621099936
2012-09-25,AAPL,0.33440126006201976
2012-09-26,AAPL,0.32378467069863065
2012-09-27,AAPL,0.3350337609997817
2012-09-28,AAPL,0.3454190502672941
2012-10-01,AAPL,0.34479511517182576
2012-10-02,AAPL,0.33959026448248586
2012-10-03,AAPL,0.3404340171684681
2012-10-04,AAPL,0.32838574743438337
2012-10-05,AAPL,0.31077462361786523
2012-10-08,AAPL,0.29943827361787
2012-10-09,AAPL,0.2878300193418602
2012-10-10,AAPL,0.2953287989491435
2012-10-11,AAPL,0.2983390539183082
2012-10-12,AAPL,0.30039301753349856
2012-10-15,AAPL,0.3120899534497042
2012-10-16,AAPL,0.32662727496236427
2012-10-17,AAPL,0.3174183517987239
2012-10-18,AAPL,0.318284208085994
2012-10-19,AAPL,0.30356751890253514
2012-10-22,AAPL,0.3113745738023051
2012-10-23,AAPL,0.29536130631895163
2012-10-24,AAPL,0.3012790370242696
2012-10-25,AAPL,0.30212728447243664
2012-10-26,AAPL,0.3031763462287924
2012-10-31,AAPL,0.30858444723331063
2012-11-01,AAPL,0.31548957156604146
2012-11-02,AAPL,0.31090114420400294
2012-11-05,AAPL,0.30994265547348604
2012-11-06,AAPL,0.30140643540482953
2012-11-07,AAPL,0.28879682215428276
2012-11-08,AAPL,0.2761781947498552
2012-11-09,AAPL,0.2883258794238858
2012-11-12,AAPL,0.298348419522046
2012-11-13,AAPL,0.2752782887516186
2012-11-14,AAPL,0.2820385997412414
2012-11-15,AAPL,0.2774273609775137
2012-11-16,AAPL,0.26518864805130726
2012-11-19,AAPL,0.3017544193263774
2012-11-20,AAPL,0.31009748692297656
2012-11-21,AAPL,0.30621566818846113
2012-11-23,AAPL,0.31404836016819154
2012-11-26,AAPL,0.3159323701272128
2012-11-27,AAPL,0.30993894799543054
2012-11-28,AAPL,0.3264292752842087
2012-11-29,AAPL,0.3441273888652471
2012-11-30,AAPL,0.3323830600089365
2012-12-03,AAPL,0.3343947590806703
2012-12-04,AAPL,0.3434859464658424
2012-12-05,AAPL,0.318245974387271
2012-12-06,AAPL,0.3200927739477345
2012-12-07,AAPL,0.32426309921629737
2012-12-10,AAPL,0.30564158798845026
2012-12-11,AAPL,0.3155912323186625
2012-12-12,AAPL,0.3234563589074359
2012-12-13,AAPL,0.31134666284246365
2012-12-14,AAPL,0.28528477140678027
2012-12-17,AAPL,0.2961578846318744
2012-12-18,AAPL,0.30802213603102185
2012-12-19,AAPL,0.2924946694487133
2012-12-20,AAPL,0.2976333266912498
2012-12-21,AAPL,0.29344982230842837
2012-12-24,AAPL,0.30277561079268805
2012-12-26,AAPL,0.3187860437135752
2012-12-27,AAPL,0.3090129114410626
2012-12-28,AAPL,0.3153080035016656
2012-12-31,AAPL,0.3173837790208018
2013-01-02,AAPL,0.3907650113105774
2013-01-03,AAPL,0.36380016803741455
2013-01-04,AAPL,0.36670544743537903
2013-01-07,AAPL,0.3743841350078583
2013-01-08,AAPL,0.31805843114852905
2013-01-09,AAPL,0.29517924785614014
2013-01-10,AAPL,0.3381021320819855
2013-01-11,AAPL,0.29451435804367065
2013-01-14,AAPL,0.27073341608047485
2013-01-15,AAPL,0.26685938239097595
2013-01-16,AAPL,0.23062880337238312
2013-01-17,AAPL,0.2720505893230438
2013-01-18,AAPL,0.30257266759872437
2013-01-22,AAPL,0.3748185336589813
2013-01-23,AAPL,0.3273765742778778
2013-01-24,AAPL,0.28600913286209106
2013-01-25,AAPL,0.3686884641647339
2013-01-28,AAPL,0.2691733241081238
2013-01-29,AAPL,0.2235320806503296
2013-01-30,AAPL,0.3510236442089081
2013-01-31,AAPL,0.2666957378387451
2013-02-01,AAPL,0.3301582932472229
2013-02-04,AAPL,0.3235647976398468
2013-02-05,AAPL,0.31365835666656494
2013-02-06,AAPL,0.3746398389339447
2013-02-07,AAPL,0.2911618947982788
2013-02-08,AAPL,0.29659217596054077
2013-02-11,AAPL,0.24985376000404358
2013-02-12,AAPL,0.3393581807613373
2013-02-13,AAPL,0.3781837224960327
2013-02-14,AAPL,0.3067568242549896
2013-02-15,AAPL,0.45283055305480957
2013-02-19,AAPL,0.39160627126693726
2013-02-20,AAPL,0.30115529894828796
2013-02-21,AAPL,0.27683889865875244
2013-02-22,AAPL,0.35114338994026184
2013-02-25,AAPL,0.23876675963401794
2013-02-26,AAPL,0.26244136691093445
2013-02-27,AAPL,0.3268562853336334
2013-02-28,AAPL,0.28335610032081604
2013-03-01,AAPL,0.12012068927288055
2013-03-04,AAPL,0.1922522336244583
2013-03-05,AAPL,0.15402232110500336
2013-03-06,AAPL,0.12387727200984955
2013-03-07,AAPL,0.27984410524368286
2013-03-08,AAPL,0.2573230266571045
2013-03-11,AAPL,0.3014799654483795
2013-03-12,AAPL,0.2311447262763977
2013-03-13,AAPL,0.34196725487709045
2013-03-14,AAPL,0.37496307492256165
2013-03-15,AAPL,0.4096369743347168
2013-03-18,AAPL,0.35887905955314636
2013-03-19,AAPL,0.3995272219181061
2013-03-20,AAPL,0.46180182695388794
2013-03-21,AAPL,0.36426955461502075
2013-03-22,AAPL,0.2893229126930237
2013-03-25,AAPL,0.29173150658607483
2013-03-26,AAPL,0.3317487835884094
2013-03-27,AAPL,0.3687266409397125
2013-03-28,AAPL,0.32682666182518005
2013-04-01,AAPL,0.200468048453331
2013-04-02,AAPL,0.25266873836517334
2013-04-03,AAPL,0.28535911440849304
2013-04-04,AAPL,0.27893510460853577
2013-04-05,AAPL,0.24027423560619354
2013-04-08,AAPL,0.2644736170768738
2013-04-09,AAPL,0.2722086012363434
2013-04-10,AAPL,0.38754647970199585
2013-04-11,AAPL,0.321391761302948
2013-04-12,AAPL,0.12177171558141708
2013-04-15,AAPL,0.153792142868042
2013-04-16,AAPL,0.29736822843551636
2013-04-17,AAPL,0.10048400610685349
2013-04-18,AAPL,0.15176838636398315
2013-04-19,AAPL,0.197287455201149
2013-04-22,AAPL,0.14693841338157654
2013-04-23,AAPL,0.14636296033859253
2013-04-24,AAPL,0.2217096984386444
2013-04-25,AAPL,0.2431301325559616
2013-04-26,AAPL,0.35491466522216797
2013-04-29,AAPL,0.3757246732711792
2013-04-30,AAPL,0.33718886971473694
2013-05-01,AAPL,0.38240793347358704
2013-05-02,AAPL,0.2981488108634949
2013-05-03,AAPL,0.21721084415912628
2013-05-06,AAPL,0.23725146055221558
2013-05-07,AAPL,0.3911150097846985
2013-05-08,AAPL,0.2709483206272125
2013-05-09,AAPL,0.3224807679653168
2013-05-10,AAPL,0.41850709915161133
2013-05-13,AAPL,0.2973037660121918
2013-05-14,AAPL,0.17348013818264008
2013-05-15,AAPL,0.2265200912952423
2013-05-16,AAPL,0.294495552778244
2013-05-17,AAPL,0.24228020012378693
2013-05-20,AAPL,0.2305363118648529
2013-05-21,AAPL,0.2805272340774536
2013-05-22,AAPL,0.28205546736717224
2013-05-23,AAPL,0.28205546736717224
2013-05-24,AAPL,0.33536550402641296
2013-05-28,AAPL,0.3920649588108063
2013-05-29,AAPL,0.568103551864624
2013-05-30,AAPL,0.3982260525226593
2013-05-31,AAPL,0.4112299382686615
2013-06-03,AAPL,0.4112299382686615
2013-06-04,AAPL,0.47506383061408997
2013-06-05,AAPL,0.31510311365127563
2013-06-06,AAPL,0.3279262185096741
2013-06-07,AAPL,0.36909326910972595
2013-06-10,AAPL,0.37872201204299927
2013-06-11,AAPL,0.37872201204299927
2013-06-12,AAPL,0.47219592332839966
2013-06-13,AAPL,0.5182380080223083
2013-06-14,AAPL,0.3743199110031128
2013-06-17,AAPL,0.4406815767288208
2013-06-18,AAPL,0.3435710668563843
2013-06-19,AAPL,0.277805894613266
2013-06-20,AAPL,0.2928711771965027
2013-06-21,AAPL,0.3181089758872986
2013-06-24,AAPL,0.36659255623817444
2013-06-25,AAPL,0.3874511122703552
2013-06-26,AAPL,0.3256950378417969
2013-06-27,AAPL,0.26492437720298767
2013-06-28,AAPL,0.26887935400009155
2013-07-01,AAPL,0.3083195388317108
2013-07-02,AAPL,0.37619391083717346
2013-07-03,AAPL,0.36311930418014526
2013-07-05,AAPL,0.3711976408958435
2013-07-08,AAPL,0.3944924771785736
2013-07-09,AAPL,0.3911663591861725
2013-07-10,AAPL,0.38001948595046997
2013-07-11,AAPL,0.4896872043609619
2013-07-12,AAPL,0.4749317169189453
2013-07-15,AAPL,0.38009560108184814
2013-07-16,AAPL,0.31167611479759216
2013-07-17,AAPL,0.3620190918445587
2013-07-18,AAPL,0.2909899353981018
2013-07-19,AAPL,0.2120586633682251
2013-07-22,AAPL,0.25314581394195557
2013-07-23,AAPL,0.18429240584373474
2013-07-24,AAPL,0.46939095854759216
2013-07-25,AAPL,0.2710183560848236
2013-07-26,AAPL,0.4150116741657257
2013-07-29,AAPL,0.45964914560317993
2013-07-30,AAPL,0.6060004830360413
2013-07-31,AAPL,0.48906823992729187
2013-08-01,AAPL,0.5174135565757751
2013-08-02,AAPL,0.5427732467651367
2013-08-05,AAPL,0.5851648449897766
2013-08-06,AAPL,0.5366385579109192
2013-08-07,AAPL,0.4631211459636688
2013-08-08,AAPL,0.5271777510643005
2013-08-09,AAPL,0.37201154232025146
2013-08-12,AAPL,0.5018792152404785
2013-08-13,AAPL,0.41938769817352295
2013-08-14,AAPL,0.41804182529449463
2013-08-15,AAPL,0.3627157211303711
2013-08-16,AAPL,0.4341847896575928
2013-08-19,AAPL,0.39925575256347656
2013-08-20,AAPL,0.35699546337127686
2013-08-21,AAPL,0.3521307110786438
2013-08-22,AAPL,0.32020795345306396
2013-08-23,AAPL,0.3293830454349518
2013-08-26,AAPL,0.3910685181617737
2013-08-27,AAPL,0.43678033351898193
2013-08-28,AAPL,0.4426461160182953
2013-08-29,AAPL,0.43719586730003357
2013-08-30,AAPL,0.5586221218109131
2013-09-03,AAPL,0.5104050636291504
2013-09-04,AAPL,0.4052716791629791
2013-09-05,AAPL,0.42122000455856323
2013-09-06,AAPL,0.3908277451992035
2013-09-09,AAPL,0.38364964723587036
2013-09-10,AAPL,0.40478941798210144
2013-09-11,AAPL,0.1963311731815338
2013-09-12,AAPL,0.34272339940071106
2013-09-13,AAPL,0.2567721903324127
2013-09-16,AAPL,0.15994246304035187
2013-09-17,AAPL,0.1353890299797058
2013-09-18,AAPL,0.22858871519565582
2013-09-19,AAPL,0.2552034258842468
2013-09-20,AAPL,0.23848901689052582
2013-09-23,AAPL,0.3187229633331299
2013-09-24,AAPL,0.331540048122406
2013-09-25,AAPL,0.323207288980484
2013-09-26,AAPL,0.3300391137599945
2013-09-27,AAPL,0.32302653789520264
2013-09-30,AAPL,0.32942619919776917
2013-10-01,AAPL,0.2862573266029358
2013-10-02,AAPL,0.3267734944820404
2013-10-03,AAPL,0.32293710112571716
2013-10-04,AAPL,0.3184051215648651
2013-10-07,AAPL,0.3308994770050049
2013-10-08,AAPL,0.2971206307411194
2013-10-09,AAPL,0.27685534954071045
2013-10-10,AAPL,0.26044508814811707
2013-10-11,AAPL,0.21340632438659668
2013-10-14,AAPL,0.33764031529426575
2013-10-15,AAPL,0.33864372968673706
2013-10-16,AAPL,0.44803282618522644
2013-10-17,AAPL,0.4407085180282593
2013-10-18,AAPL,0.5981290340423584
2013-10-21,AAPL,0.514636754989624
2013-10-22,AAPL,0.4375617802143097
2013-10-23,AAPL,0.522152304649353
2013-10-24,AAPL,0.5013933181762695
2013-10-25,AAPL,0.49775609374046326
2013-10-28,AAPL,0.5108741521835327
2013-10-29,AAPL,0.3354448974132538
2013-10-30,AAPL,0.41723060607910156
2013-10-31,AAPL,0.321075439453125
2013-11-01,AAPL,0.3906334638595581
2013-11-04,AAPL,0.3902863562107086
2013-11-05,AAPL,0.40855109691619873
2013-11-06,AAPL,0.37061578035354614
2013-11-07,AAPL,0.5288076996803284
2013-11-08,AAPL,0.3534792959690094
2013-11-11,AAPL,0.35674282908439636
2013-11-12,AAPL,0.3586614429950714
2013-11-13,AAPL,0.36964282393455505
2013-11-14,AAPL,0.37799006700515747
2013-11-15,AAPL,0.37929192185401917
2013-11-18,AAPL,0.41932791471481323
2013-11-19,AAPL,0.41932791471481323
2013-11-20,AAPL,0.4086892008781433
2013-11-21,AAPL,0.4516301453113556
2013-11-22,AAPL,0.4311099052429199
2013-11-25,AAPL,0.47118064761161804
2013-11-26,AAPL,0.3275979459285736
2013-11-27,AAPL,0.2580181658267975
2013-11-29,AAPL,0.3990814983844757
2013-12-02,AAPL,0.35820990800857544
2013-12-03,AAPL,0.27203240990638733
2013-12-04,AAPL,0.30704960227012634
2013-12-05,AAPL,0.2567860186100006
2013-12-06,AAPL,0.3763088583946228
2013-12-09,AAPL,0.4213128983974457
2013-12-10,AAPL,0.4580909013748169
2013-12-11,AAPL,0.38206982612609863
2013-12-12,AAPL,0.3130301535129547
2013-12-13,AAPL,0.15136022865772247
2013-12-16,AAPL,0.323252409696579
2013-12-17,AAPL,0.178172305226326
2013-12-18,AAPL,0.2912578880786896
2013-12-19,AAPL,0.34843721985816956
2013-12-20,AAPL,0.3854140639305115
2013-12-23,AAPL,0.29743731021881104
2013-12-24,AAPL,0.2785603106021881
2013-12-26,AAPL,0.17383325099945068
2013-12-27,AAPL,0.14324207603931427
2013-12-30,AAPL,0.32434654235839844
2013-12-31,AAPL,0.1619836539030075
2014-01-02,AAPL,0.2345981560690778
2014-01-03,AAPL,0.23058346098437973
2014-01-06,AAPL,0.23043602143527409
2014-01-07,AAPL,0.3236831113408155
2014-01-08,AAPL,0.3195882576091551
2014-01-09,AAPL,0.2846705778035329
2014-01-10,AAPL,0.23466390793048372
2014-01-13,AAPL,0.25116584673232517
2014-01-14,AAPL,0.24412689171232288
2014-01-15,AAPL,0.29910959885441185
2014-01-16,AAPL,0.2470785746644472
2014-01-17,AAPL,0.26926609532351375
2014-01-21,AAPL,0.29080647068917237
2014-01-22,AAPL,0.29586807012280153
2014-01-23,AAPL,0.19690694767127168
2014-01-24,AAPL,0.3326691386510838
2014-01-27,AAPL,0.3067234434806645
2014-01-28,AAPL,0.14721467537833827
2014-01-29,AAPL,0.25736597055033994
2014-01-30,AAPL,0.24843017730695907
2014-01-31,AAPL,0.23452952995597376
2014-02-03,AAPL,0.21503877931241702
2014-02-04,AAPL,0.1546935991316689
2014-02-05,AAPL,0.2171056711674098
2014-02-06,AAPL,0.2055583837423146
2014-02-07,AAPL,0.16166154052929935
2014-02-10,AAPL,0.2625338892679475
2014-02-11,AAPL,0.2746249849061505
2014-02-12,AAPL,0.311315713563951
2014-02-13,AAPL,0.3419413791567006
2014-02-14,AAPL,0.354238296698958
2014-02-18,AAPL,0.25213606356249396
2014-02-19,AAPL,0.28122518575359773
2014-02-20,AAPL,0.20221341022115108
2014-02-21,AAPL,0.21010460270570952
2014-02-24,AAPL,0.19515228909085428
2014-02-25,AAPL,0.2424019784535245
2014-02-26,AAPL,0.19877007340392963
2014-02-27,AAPL,0.1899668210831792
2014-02-28,AAPL,0.20835544508955214
2014-03-03,AAPL,0.16728594572782238
2014-03-04,AAPL,0.16214852581242106
2014-03-05,AAPL,0.14108250168010433
2014-03-06,AAPL,0.1687701035284921
2014-03-07,AAPL,0.16489601202236007
2014-03-10,AAPL,0.1687701035284921
2014-03-11,AAPL,0.18302311710785288
2014-03-12,AAPL,0.19937312484326702
2014-03-13,AAPL,0.20943305339022444
2014-03-14,AAPL,0.19644786424463154
2014-03-17,AAPL,0.191918516167756
2014-03-18,AAPL,0.1749773635475763
2014-03-19,AAPL,0.191918516167756
2014-03-20,AAPL,0.191918516167756
2014-03-21,AAPL,0.1952681049328268
2014-03-24,AAPL,0.2203389572315414
2014-03-25,AAPL,0.25554412119079567
2014-03-26,AAPL,0.23001453486774023
2014-03-27,AAPL,0.20979966419062243
2014-03-28,AAPL,0.19937312484326702
2014-03-31,AAPL,0.22259255618078283
2014-04-01,AAPL,0.23937712885634407
2014-04-02,AAPL,0.267123587832507
2014-04-03,AAPL,0.21526987966385427
2014-04-04,AAPL,0.21087024986436947
2014-04-07,AAPL,0.17200014889157358
2014-04-08,AAPL,0.17019477684073808
2014-04-09,AAPL,0.21990222711302745
2014-04-10,AAPL,0.1707705436052509
2014-04-11,AAPL,0.1691697432751512
2014-04-14,AAPL,0.11763640927237005
2014-04-15,AAPL,0.15874095910158592
2014-04-16,AAPL,0.14796542321879988
2014-04-17,AAPL,0.21867853668016593
2014-04-21,AAPL,0.18013340530229616
2014-04-22,AAPL,0.17661422402752422
2014-04-23,AAPL,0.20748565377436584
2014-04-24,AAPL,0.3182861981758991
2014-04-25,AAPL,0.32374964913673454
2014-04-28,AAPL,0.38031469116624
2014-04-29,AAPL,0.3610153710078557
2014-04-30,AAPL,0.254594512268935
2014-05-01,AAPL,0.38809277621530086
2014-05-02,AAPL,0.6075158201163798
2014-05-05,AAPL,0.5619397772988913
2014-05-06,AAPL,0.5413390990603376
2014-05-07,AAPL,0.6078827099618099
2014-05-08,AAPL,0.5546665410325228
2014-05-09,AAPL,0.5341441616690512
2014-05-12,AAPL,0.5874510287232485
2014-05-13,AAPL,0.660762970869697
2014-05-14,AAPL,0.36033993388813107
2014-05-15,AAPL,0.3434948259372947
2014-05-16,AAPL,0.3684192948698862
2014-05-19,AAPL,0.33883139152381386
2014-05-20,AAPL,0.3232879582637353
2014-05-21,AAPL,0.26713428356260144
2014-05-22,AAPL,0.23735036601450168
2014-05-23,AAPL,0.20273134666445802
2014-05-27,AAPL,0.22643763094153338
2014-05-28,AAPL,0.37295932036947155
2014-05-29,AAPL,0.18223529951289077
2014-05-30,AAPL,0.25695007266373965
2014-06-02,AAPL,0.20624654412127336
2014-06-03,AAPL,0.5522084371423113
2014-06-04,AAPL,0.32315905543095297
2014-06-05,AAPL,0.512126419731882
2014-06-06,AAPL,0.6453201848530901
2014-06-09,AAPL,0.2286643237849981
2014-06-10,AAPL,0.26463347675976256
2014-06-11,AAPL,0.607680441722327
2014-06-12,AAPL,0.22319013514556504
2014-06-13,AAPL,0.21975871936878114
2014-06-16,AAPL,0.14214742199055858
2014-06-17,AAPL,0.21642110593012812
2014-06-18,AAPL,0.20972773613499088
2014-06-19,AAPL,0.21960087252294777
2014-06-20,AAPL,0.27390746129308235
2014-06-23,AAPL,0.29919958331253466
2014-06-24,AAPL,0.2823257718936008
2014-06-25,AAPL,0.27627455746843765
2014-06-26,AAPL,0.2965309146948699
2014-06-27,AAPL,0.2389362972305373
2014-06-30,AAPL,0.21186476925278439
2014-07-01,AAPL,0.11569612464860322
2014-07-02,AAPL,0.0938965615829284
2014-07-03,AAPL,0.06706921081607385
2014-07-07,AAPL,0.06806529529802365
2014-07-08,AAPL,0.09039816407489694
2014-07-09,AAPL,0.12948652343765213
2014-07-10,AAPL,0.12322119193506627
2014-07-11,AAPL,0.1303445303362707
2014-07-14,AAPL,0.13759487871170864
2014-07-15,AAPL,0.10367742609730683
2014-07-16,AAPL,0.10372746907557068
2014-07-17,AAPL,0.2578827264411988
2014-07-18,AAPL,0.15849054482771213
2014-07-21,AAPL,0.23671015868886724
2014-07-22,AAPL,0.11431588415528524
2014-07-23,AAPL,0.15286424376245095
2014-07-24,AAPL,0.08344058813855144
2014-07-25,AAPL,0.09646840558826031
2014-07-28,AAPL,0.12056835919077433
2014-07-29,AAPL,0.09646840558826031
2014-07-30,AAPL,0.1414348968399225
2014-07-31,AAPL,0.1734517095210221
2014-08-01,AAPL,0.12673995161770266
2014-08-04,AAPL,0.2223122221828292
2014-08-05,AAPL,0.2124370692134567
2014-08-06,AAPL,0.2976538460936799
2014-08-07,AAPL,0.24001360959206477
2014-08-08,AAPL,0.24719144098568302
2014-08-11,AAPL,0.3077890035088989
2014-08-12,AAPL,0.2545509325149916
2014-08-13,AAPL,0.18331786839065037
2014-08-14,AAPL,0.11666076815100808
2014-08-15,AAPL,0.07649775296303958
2014-08-18,AAPL,0.11310773249744151
2014-08-19,AAPL,0.08024822183458397
2014-08-20,AAPL,0.07059699425577257
2014-08-21,AAPL,0.10144398248883998
2014-08-22,AAPL,0.12283819517571569
2014-08-25,AAPL,0.28062846838992594
2014-08-26,AAPL,0.16110917540655054
2014-08-27,AAPL,0.24396986748620453
2014-08-28,AAPL,0.3315603580202554
2014-08-29,AAPL,0.372373607297385
2014-09-02,AAPL,0.30113899099765545
2014-09-03,AAPL,0.20843809954280057
2014-09-04,AAPL,0.2654404150257891
2014-09-05,AAPL,0.19983822857429928
2014-09-08,AAPL,0.26636433780944946
2014-09-09,AAPL,0.24725029265099321
2014-09-10,AAPL,0.13599720449283362
2014-09-11,AAPL,0.3482279395215249
2014-09-12,AAPL,0.3482279395215249
2014-09-15,AAPL,0.3482279395215249
2014-09-16,AAPL,0.3482279395215249
2014-09-17,AAPL,0.38815843178091236
2014-09-18,AAPL,0.39169499251394235
2014-09-19,AAPL,0.38815843178091236
2014-09-22,AAPL,0.41985800639743526
2014-09-23,AAPL,0.4068379099385482
2014-09-24,AAPL,0.3769686398533326
2014-09-25,AAPL,0.3368102135720603
2014-09-26,AAPL,0.3239434773504931
2014-09-29,AAPL,0.32502400556376815
2014-09-30,AAPL,0.21580902575868863
2014-10-01,AAPL,0.26088727333298684
2014-10-02,AAPL,0.36067466967736234
2014-10-03,AAPL,0.27836781897653146
2014-10-06,AAPL,0.27658098873417425
2014-10-07,AAPL,0.254422557860708
2014-10-08,AAPL,0.4022899644122486
2014-10-09,AAPL,0.39239114084854054
2014-10-10,AAPL,0.3920997028205289
2014-10-13,AAPL,0.3769686398533326
2014-10-14,AAPL,0.3767367058552049
2014-10-15,AAPL,0.2876536375261544
2014-10-16,AAPL,0.28990529377838853
2014-10-17,AAPL,0.32364525408040384
2014-10-20,AAPL,0.3801978977328119
2014-10-21,AAPL,0.38693709687174005
2014-10-22,AAPL,0.4224499761170705
2014-10-23,AAPL,0.336724847799181
2014-10-24,AAPL,0.27915222194578776
2014-10-27,AAPL,0.2221035953021023
2014-10-28,AAPL,0.35714802379703725
2014-10-29,AAPL,0.3201062070032487
2014-10-30,AAPL,0.37904081940218287
2014-10-31,AAPL,0.2505210181769238
2014-11-03,AAPL,0.3924981028415835
2014-11-04,AAPL,0.5173676109586355
2014-11-05,AAPL,0.36609154162864416
2014-11-06,AAPL,0.37952874991736807
2014-11-07,AAPL,0.3406449853008162
2014-11-10,AAPL,0.6061765963808148
2014-11-11,AAPL,0.37031334494097096
2014-11-12,AAPL,0.3525625542045561
2014-11-13,AAPL,0.1857066740102975
2014-11-14,AAPL,0.2773955815188125
2014-11-17,AAPL,0.23422660555730965
2014-11-18,AAPL,0.33333611816357994
2014-11-19,AAPL,0.42492088280122053
2014-11-20,AAPL,0.5433304509797827
2014-11-21,AAPL,0.5831067834821547
2014-11-24,AAPL,0.40599306728171697
2014-11-25,AAPL,0.6527723777331713
2014-11-26,AAPL,0.40450160067567253
2014-11-28,AAPL,0.6378447419070729
2014-12-01,AAPL,0.32042038012863827
2014-12-02,AAPL,0.4191858807661098
2014-12-03,AAPL,0.3728448591567308
2014-12-04,AAPL,0.35612748924977283
2014-12-05,AAPL,0.6114658919861818
2014-12-08,AAPL,0.30707452270314967
2014-12-09,AAPL,0.38779802351251624
2014-12-10,AAPL,0.44136680455580246
2014-12-11,AAPL,0.490177760735167
2014-12-12,AAPL,0.5427678165583882
2014-12-15,AAPL,0.4234197920113794
2014-12-16,AAPL,0.42463164841053685
2014-12-17,AAPL,0.41096687008443006
2014-12-18,AAPL,0.4784234565503774
2014-12-19,AAPL,0.4155196877761635
2014-12-22,AAPL,0.4427056729298314
2014-12-23,AAPL,0.4505726490379392
2014-12-24,AAPL,0.4873215233857115
2014-12-26,AAPL,0.4368521627604419
2014-12-29,AAPL,0.43804131918727784
2014-12-30,AAPL,0.3947981226254384
2014-12-31,AAPL,0.38239407798276076
2015-01-02,AAPL,0.2891051737126002
2015-01-05,AAPL,0.21465581989330315
2015-01-06,AAPL,0.2118850402731042
2015-01-07,AAPL,0.26065668348801024
2015-01-08,AAPL,0.3379676844005734
2015-01-09,AAPL,0.31154877743036913
2015-01-12,AAPL,0.2810205522459073
2015-01-13,AAPL,0.3173565016288664
2015-01-14,AAPL,0.2930539148209967
2015-01-15,AAPL,0.27805169182447764
2015-01-16,AAPL,0.26592978827017105
2015-01-20,AAPL,0.2705643175947133
2015-01-21,AAPL,0.33657846097145216
2015-01-22,AAPL,0.3399778063727551
2015-01-23,AAPL,0.3399038361065974
2015-01-26,AAPL,0.3367709076600311
2015-01-27,AAPL,0.2793501519025693
2015-01-28,AAPL,0.35403700762497325
2015-01-29,AAPL,0.30082704695211404
2015-01-30,AAPL,0.33438166939256336
2015-02-02,AAPL,0.23284469093719481
2015-02-03,AAPL,0.330355025867419
2015-02-04,AAPL,0.3577427426679023
2015-02-05,AAPL,0.3588800181661923
2015-02-06,AAPL,0.3533054472125546
2015-02-09,AAPL,0.33987967093941485
2015-02-10,AAPL,0.3232595808892385
2015-02-11,AAPL,0.2959559352651695
2015-02-12,AAPL,0.3344562714230744
2015-02-13,AAPL,0.3299818671874508
2015-02-17,AAPL,0.3021592251280861
2015-02-18,AAPL,0.3135141495912542
2015-02-19,AAPL,0.3875859308334162
2015-02-20,AAPL,0.29387924881583394
2015-02-23,AAPL,0.17100372364594857
2015-02-24,AAPL,0.276664638199457
2015-02-25,AAPL,0.31303923280508617
2015-02-26,AAPL,0.3908364838578082
2015-02-27,AAPL,0.1874110664813509
2015-03-02,AAPL,0.26028856176723925
2015-03-03,AAPL,0.19265801796838067
2015-03-04,AAPL,0.19684632880148367
2015-03-05,AAPL,0.1826527670462656
2015-03-06,AAPL,0.22707655687665326
2015-03-09,AAPL,0.37840865711256705
2015-03-10,AAPL,0.2868709705344083
2015-03-11,AAPL,0.30850045024155476
2015-03-12,AAPL,0.2570119942182545
2015-03-13,AAPL,0.34639321739699336
2015-03-16,AAPL,0.2948923048216924
2015-03-17,AAPL,0.406960877112964
2015-03-18,AAPL,0.43168190007980217
2015-03-19,AAPL,0.38243166398614437
2015-03-20,AAPL,0.34322683814090965
2015-03-23,AAPL,0.32517300459963755
2015-03-24,AAPL,0.37240300979634394
2015-03-25,AAPL,0.31193016401082097
2015-03-26,AAPL,0.4102902696987878
2015-03-27,AAPL,0.46335039766148095
2015-03-30,AAPL,0.315965612566456
2015-03-31,AAPL,0.27549240554951626
2015-04-01,AAPL,0.19190320680306808
2015-04-02,AAPL,0.20735648702358223
2015-04-06,AAPL,0.15957202521459385
2015-04-07,AAPL,0.16519486801668218
2015-04-08,AAPL,0.21456476371756894
2015-04-09,AAPL,0.15876626905189475
2015-04-10,AAPL,0.1591826143529573
2015-04-13,AAPL,0.1676804962946939
2015-04-14,AAPL,0.22479401984081074
2015-04-15,AAPL,0.21767763511752128
2015-04-16,AAPL,0.23402378613843097
2015-04-17,AAPL,0.26544076956735907
2015-04-20,AAPL,0.19430001786833387
2015-04-21,AAPL,0.22731540223530183
2015-04-22,AAPL,0.16729176646704422
2015-04-23,AAPL,0.11934064401436664
2015-04-24,AAPL,0.06323169674933836
2015-04-27,AAPL,0.19716780044474547
2015-04-28,AAPL,0.06568341370772288
2015-04-29,AAPL,0.0780768967267629
2015-04-30,AAPL,0.22524864676148404
2015-05-01,AAPL,0.3308706344404111
2015-05-04,AAPL,0.30894764448817386
2015-05-05,AAPL,0.32165803836862816
2015-05-06,AAPL,0.2653478029566574
2015-05-07,AAPL,0.2900932279666166
2015-05-08,AAPL,0.3548899622503766
2015-05-11,AAPL,0.3224938952921826
2015-05-12,AAPL,0.32959591663320337
2015-05-13,AAPL,0.331445913705893
2015-05-14,AAPL,0.29418266726661413
2015-05-15,AAPL,0.31451645125510874
2015-05-18,AAPL,0.3352383487433866
2015-05-19,AAPL,0.32274526499417605
2015-05-20,AAPL,0.2629420032030939
2015-05-21,AAPL,0.2539551285253595
2015-05-22,AAPL,0.19214058164274425
2015-05-26,AAPL,0.27781899137541927
2015-05-27,AAPL,0.16234164271440055
2015-05-28,AAPL,0.23859027313520176
2015-05-29,AAPL,0.26081121067833657
2015-06-01,AAPL,0.2881336007178878
2015-06-02,AAPL,0.2804420244761919
2015-06-03,AAPL,0.16100944559320138
2015-06-04,AAPL,0.29443250063477694
2015-06-05,AAPL,0.3034005387995356
2015-06-08,AAPL,0.3130185397628774
2015-06-09,AAPL,0.12246309031957524
2015-06-10,AAPL,0.1358813057204479
2015-06-11,AAPL,0.12443981439643209
2015-06-12,AAPL,0.12421220485514839
2015-06-15,AAPL,0.3037678847340434
2015-06-16,AAPL,0.2741201983255088
2015-06-17,AAPL,0.3506787800310707
2015-06-18,AAPL,0.30630340072488105
2015-06-19,AAPL,0.25520024218433157
2015-06-22,AAPL,0.2050353546653479
2015-06-23,AAPL,0.2966533958176291
2015-06-24,AAPL,0.19263991220867246
2015-06-25,AAPL,0.2966533958176291
2015-06-26,AAPL,0.22432870542803804
2015-06-29,AAPL,0.21234039612104058
2015-06-30,AAPL,0.25201223577597087
2015-07-01,AAPL,0.27629359846741686
2015-07-02,AAPL,0.30206085648579256
2015-07-06,AAPL,0.30206085648579256
2015-07-07,AAPL,0.2222437253400542
2015-07-08,AAPL,0.25280105598412106
2015-07-09,AAPL,0.08096089580360033
2015-07-10,AAPL,0.13492410795571258
2015-07-13,AAPL,0.2472333818328201
2015-07-14,AAPL,0.2285012418743278
2015-07-15,AAPL,0.22025105064217845
2015-07-16,AAPL,0.21927171416396418
2015-07-17,AAPL,0.23525205005936908
2015-07-20,AAPL,0.3144803819324816
2015-07-21,AAPL,0.2541172632242968
2015-07-22,AAPL,0.26564410584064324
2015-07-23,AAPL,0.3037973541612698
2015-07-24,AAPL,0.29326106133356
2015-07-27,AAPL,0.26621174248278334
2015-07-28,AAPL,0.2564473464772674
2015-07-29,AAPL,0.2722623958821782
2015-07-30,AAPL,0.2954972841375241
2015-07-31,AAPL,0.16977825460662502
2015-08-03,AAPL,0.20132757709194754
2015-08-04,AAPL,0.1097516937014927
2015-08-05,AAPL,0.13060185111560005
2015-08-06,AAPL,0.14025947625920085
2015-08-07,AAPL,0.15454901982861852
2015-08-10,AAPL,0.17847119525265137
2015-08-11,AAPL,0.14268103351891015
2015-08-12,AAPL,0.2062905827891657
2015-08-13,AAPL,0.25997097368878996
2015-08-14,AAPL,0.25971250112055133
2015-08-17,AAPL,0.247678989093651
2015-08-18,AAPL,0.2602792802008205
2015-08-19,AAPL,0.257643999379713
2015-08-20,AAPL,0.26602578416107564
2015-08-21,AAPL,0.250442680754409
2015-08-24,AAPL,0.28490333192363715
2015-08-25,AAPL,0.2716571287354309
2015-08-26,AAPL,0.25799067727941133
2015-08-27,AAPL,0.3624945462601662
2015-08-28,AAPL,0.3601062473159139
2015-08-31,AAPL,0.37443817448761335
2015-09-01,AAPL,0.2998240099480666
2015-09-02,AAPL,0.31804571353867334
2015-09-03,AAPL,0.30440982454701465
2015-09-04,AAPL,0.28015266747385953
2015-09-08,AAPL,0.26678708664658785
2015-09-09,AAPL,0.3154889236066092
2015-09-10,AAPL,0.32120714228149305
2015-09-11,AAPL,0.36536651940602616
2015-09-14,AAPL,0.3969660075417661
2015-09-15,AAPL,0.40605323146990013
2015-09-16,AAPL,0.37672481861482704
2015-09-17,AAPL,0.32812314583004887
2015-09-18,AAPL,0.3350068111472473
2015-09-21,AAPL,0.36813872809310133
2015-09-22,AAPL,0.3352108019713806
2015-09-23,AAPL,0.37902115736451664
2015-09-24,AAPL,0.3686184042400588
2015-09-25,AAPL,0.34725935170443634
2015-09-28,AAPL,0.30383911786390405
2015-09-29,AAPL,0.20745729418025724
2015-09-30,AAPL,0.2333581776549433
2015-10-01,AAPL,0.26285685208823406
2015-10-02,AAPL,0.3114463672980168
2015-10-05,AAPL,0.28101414581157413
2015-10-06,AAPL,0.39661191802198426
2015-10-07,AAPL,0.3500979613173459
2015-10-08,AAPL,0.558268345755717
2015-10-09,AAPL,0.474417835767306
2015-10-12,AAPL,0.4019335899459356
2015-10-13,AAPL,0.4092225656725448
2015-10-14,AAPL,0.4080684090919989
2015-10-15,AAPL,0.37628077285203126
2015-10-16,AAPL,0.3987944108430218
2015-10-19,AAPL,0.38252151354260944
2015-10-20,AAPL,0.4316625007259948
2015-10-21,AAPL,0.48831460635154683
2015-10-22,AAPL,0.6022823188877797
2015-10-23,AAPL,0.5493971834027416
2015-10-26,AAPL,0.3830906247526222
2015-10-27,AAPL,0.3957327094653546
2015-10-28,AAPL,0.41730349252623217
2015-10-29,AAPL,0.4286747536458515
2015-10-30,AAPL,0.4176913313251737
2015-11-02,AAPL,0.3955197655454156
2015-11-03,AAPL,0.42438018287042606
2015-11-04,AAPL,0.41095400719113695
2015-11-05,AAPL,0.41095400719113695
2015-11-06,AAPL,0.4267135370952517
2015-11-09,AAPL,0.40889904884134604
2015-11-10,AAPL,0.34052957155189806
2015-11-11,AAPL,0.32912097434551846
2015-11-12,AAPL,0.34065247205435134
2015-11-13,AAPL,0.22022441835396503
2015-11-16,AAPL,0.23969764899762616
2015-11-17,AAPL,0.2352299894638784
2015-11-18,AAPL,0.3453745444336558
2015-11-19,AAPL,0.356374856958456
2015-11-20,AAPL,0.35993910283151687
2015-11-23,AAPL,0.34939303171173863
2015-11-24,AAPL,0.39040328516133377
2015-11-25,AAPL,0.42027008266789284
2015-11-27,AAPL,0.42027008266789284
2015-11-30,AAPL,0.43894011223330903
2015-12-01,AAPL,0.46716925330501763
2015-12-02,AAPL,0.20211772609942244
2015-12-03,AAPL,0.1968769179615546
2015-12-04,AAPL,0.5786189347313043
2015-12-07,AAPL,0.5560398100702826
2015-12-08,AAPL,0.5560398100702826
2015-12-09,AAPL,0.5478246712753132
2015-12-10,AAPL,0.5560398100702826
2015-12-11,AAPL,0.32179623219976144
2015-12-14,AAPL,0.2656454089703912
2015-12-15,AAPL,0.27715840919076873
2015-12-16,AAPL,0.29100610496580076
2015-12-17,AAPL,0.3274502586170698
2015-12-18,AAPL,0.2749423942988917
2015-12-21,AAPL,0.2690903012674777
2015-12-22,AAPL,0.28265256813181217
2015-12-23,AAPL,0.18023730097887716
2015-12-24,AAPL,0.1202139785862986
2015-12-28,AAPL,0.14013987242677908
2015-12-29,AAPL,0.1933393799399594
2015-12-30,AAPL,0.22041534884147562
2015-12-31,AAPL,0.13614264172120316
2016-01-04,AAPL,0.2538310787753078
2016-01-05,AAPL,0.2959498667984413
2016-01-06,AAPL,0.2834131742992461
2016-01-07,AAPL,0.13447906000569673
2016-01-08,AAPL,0.1433585749099306
2016-01-11,AAPL,0.12930807048834456
2016-01-12,AAPL,0.1543178587951412
2016-01-13,AAPL,0.20169366068099936
2016-01-14,AAPL,0.1939546707772103
2016-01-15,AAPL,0.20282303086984854
2016-01-19,AAPL,0.19443411705646568
2016-01-20,AAPL,0.1564350240350916
2016-01-21,AAPL,0.16854677314761352
2016-01-22,AAPL,0.3304867139410286
2016-01-25,AAPL,0.31411031962133223
2016-01-26,AAPL,0.3354156628296635
2016-01-27,AAPL,0.3431688669519506
2016-01-28,AAPL,0.2577492310711688
2016-01-29,AAPL,0.2964722165569825
2016-02-01,AAPL,0.2947828400317789
2016-02-02,AAPL,0.2476470036511086
2016-02-03,AAPL,0.32608865877235754
2016-02-04,AAPL,0.31095619570549726
2016-02-05,AAPL,0.22368529188015945
2016-02-08,AAPL,0.27466396464034987
2016-02-09,AAPL,0.28227151743637474
2016-02-10,AAPL,0.260230283769383
2016-02-11,AAPL,0.28852529502159574
2016-02-12,AAPL,0.2734086122399687
2016-02-16,AAPL,0.2619790443434643
2016-02-17,AAPL,0.2743030279076077
2016-02-18,AAPL,0.258974936549052
2016-02-19,AAPL,0.23429326956839905
2016-02-22,AAPL,0.2533526377588797
2016-02-23,AAPL,0.20049006704204497
2016-02-24,AAPL,0.27210781769777853
2016-02-25,AAPL,0.24695888845890251
2016-02-26,AAPL,0.2366179574173926
2016-02-29,AAPL,0.3269642564886635
2016-03-01,AAPL,0.4141933524349579
2016-03-02,AAPL,0.38301971398199214
2016-03-03,AAPL,0.5875159078293073
2016-03-04,AAPL,0.4004434996212058
2016-03-07,AAPL,0.6044353421444522
2016-03-08,AAPL,0.4173665619212761
2016-03-09,AAPL,0.4163124913326761
2016-03-10,AAPL,0.4010722901951451
2016-03-11,AAPL,0.4861589788671676
2016-03-14,AAPL,0.6029742098530309
2016-03-15,AAPL,0.5463826716034673
2016-03-16,AAPL,0.5534590597899677
2016-03-17,AAPL,0.7021113841277252
2016-03-18,AAPL,0.5660110662652396
2016-03-21,AAPL,0.6760067340161637
2016-03-22,AAPL,0.6369964355444862
2016-03-23,AAPL,0.5524794221971984
2016-03-24,AAPL,0.553610901679599
2016-03-28,AAPL,0.5906688427758482
2016-03-29,AAPL,0.5453829356280009
2016-03-30,AAPL,0.3550754073402144
2016-03-31,AAPL,0.6599789494948668
2016-04-01,AAPL,0.6230617543533709
2016-04-04,AAPL,0.42106054502453016
2016-04-05,AAPL,0.48741492373976003
2016-04-06,AAPL,0.6008993975335871
2016-04-07,AAPL,0.5427276910914312
2016-04-08,AAPL,0.5290262700316305
2016-04-11,AAPL,0.5218944239440382
2016-04-12,AAPL,0.515782702977931
2016-04-13,AAPL,0.3797572564767128
2016-04-14,AAPL,0.3611056194846547
2016-04-15,AAPL,0.5593248564284783
2016-04-18,AAPL,0.48486110367464275
2016-04-19,AAPL,0.4277830630549069
2016-04-20,AAPL,0.38887690070979797
2016-04-21,AAPL,0.34080716505847125
2016-04-22,AAPL,0.3811419628684945
2016-04-25,AAPL,0.3551151518804267
2016-04-26,AAPL,0.2503902056576913
2016-04-27,AAPL,0.09565242462868546
2016-04-28,AAPL,0.21778539536315483
2016-04-29,AAPL,0.17496837070035876
2016-05-02,AAPL,0.15617135458436449
2016-05-03,AAPL,0.1143081284724959
2016-05-04,AAPL,0.1329531616672263
2016-05-05,AAPL,0.13973601622683657
2016-05-06,AAPL,0.12435625055286674
2016-05-09,AAPL,0.11097014556718274
2016-05-10,AAPL,0.12948775291368136
2016-05-11,AAPL,0.20023246103685677
2016-05-12,AAPL,0.22402457608449236
2016-05-13,AAPL,0.22109467226228588
2016-05-16,AAPL,0.18865611584463007
2016-05-17,AAPL,0.18744386520482847
2016-05-18,AAPL,0.21482693002144232
2016-05-19,AAPL,0.1789548936370719
2016-05-20,AAPL,0.11651117944320538
2016-05-23,AAPL,0.11686546696775066
2016-05-24,AAPL,0.35890388846475624
2016-05-25,AAPL,0.5787416272247335
2016-05-26,AAPL,0.6634527592312928
2016-05-27,AAPL,0.7520662568004485
2016-05-31,AAPL,0.6464253457220653
2016-06-01,AAPL,0.45208943873617136
2016-06-02,AAPL,0.39889267884927
2016-06-03,AAPL,0.412163797376202
2016-06-06,AAPL,0.47482491079705336
2016-06-07,AAPL,0.493422650951271
2016-06-08,AAPL,0.46526314967055377
2016-06-09,AAPL,0.5147341104027684
2016-06-10,AAPL,0.49400106492461365
2016-06-13,AAPL,0.5178446414031277
2016-06-14,AAPL,0.34418516621421
2016-06-15,AAPL,0.31166087443472623
2016-06-16,AAPL,0.32392257240457467
2016-06-17,AAPL,0.1489756247014826
2016-06-20,AAPL,0.19622734127036373
2016-06-21,AAPL,0.3166020292391819
2016-06-22,AAPL,0.33185844479511023
2016-06-23,AAPL,0.1827782343793897
2016-06-24,AAPL,0.13804159272212788
2016-06-27,AAPL,0.06585285103434238
2016-06-28,AAPL,0.18131096271417158
2016-06-29,AAPL,0.17553211543013986
2016-06-30,AAPL,0.42641214173897146
2016-07-01,AAPL,0.41975627206717453
2016-07-05,AAPL,0.21122972083993563
2016-07-06,AAPL,0.23649546362520404
2016-07-07,AAPL,0.24681717945662793
2016-07-08,AAPL,0.2880130549125139
2016-07-11,AAPL,0.5187334681494181
2016-07-12,AAPL,0.4907629784819493
2016-07-13,AAPL,0.6147255502736407
2016-07-14,AAPL,0.43981225480992026
2016-07-15,AAPL,0.6336294274697863
2016-07-18,AAPL,0.7138804137587689
2016-07-19,AAPL,0.6658151653243833
2016-07-20,AAPL,0.5747146797848208
2016-07-21,AAPL,0.6363643775041938
2016-07-22,AAPL,0.5549020955389948
2016-07-25,AAPL,0.5118046130239959
2016-07-26,AAPL,0.5765339437975616
2016-07-27,AAPL,0.49575322854506365
2016-07-28,AAPL,0.495375659542454
2016-07-29,AAPL,0.5814138729850604
2016-08-01,AAPL,0.5517297951149281
2016-08-02,AAPL,0.5452839002576192
2016-08-03,AAPL,0.6311694530003454
2016-08-04,AAPL,0.6437465409319376
2016-08-05,AAPL,0.5092417172776369
2016-08-08,AAPL,0.5346851923827015
2016-08-09,AAPL,0.4703932222044885
2016-08-10,AAPL,0.6590587500620267
2016-08-11,AAPL,0.6600126615323728
2016-08-12,AAPL,0.6283729116768861
2016-08-15,AAPL,0.5680602796518778
2016-08-16,AAPL,0.7030462469375893
2016-08-17,AAPL,0.6288445510084678
2016-08-18,AAPL,0.507931075114819
2016-08-19,AAPL,0.573482416043564
2016-08-22,AAPL,0.6416074288103177
2016-08-23,AAPL,0.5837499281857493
2016-08-24,AAPL,0.48713418085597965
2016-08-25,AAPL,0.7560991602618009
2016-08-26,AAPL,0.7016816464175233
2016-08-29,AAPL,0.44797796162963555
2016-08-30,AAPL,0.4291876439290184
2016-08-31,AAPL,0.45172901727036247
2016-09-01,AAPL,0.42817318852898556
2016-09-02,AAPL,0.1436312615703354
2016-09-06,AAPL,0.1698374307337057
2016-09-07,AAPL,0.0917149170430939
2016-09-08,AAPL,0.4771184385313883
2016-09-09,AAPL,0.13532235542823037
2016-09-12,AAPL,0.22841764854432856
2016-09-13,AAPL,0.18901104851642742
2016-09-14,AAPL,0.25074043081181346
2016-09-15,AAPL,0.2495192359134497
2016-09-16,AAPL,0.34402386689254427
2016-09-19,AAPL,0.3592943341790325
2016-09-20,AAPL,0.357418279372896
2016-09-21,AAPL,0.357418279372896
2016-09-22,AAPL,0.41104098292555935
2016-09-23,AAPL,0.3404188482832495
2016-09-26,AAPL,0.37891359749125236
2016-09-27,AAPL,0.3676542226706711
2016-09-28,AAPL,0.39383543092483025
2016-09-29,AAPL,0.2654688841869
2016-09-30,AAPL,0.3546530183190227
2016-10-03,AAPL,0.23038779361692707
2016-10-04,AAPL,0.22327364780655573
2016-10-05,AAPL,0.16667367982227754
2016-10-06,AAPL,0.22707315711476167
2016-10-07,AAPL,0.5074425646196149
2016-10-10,AAPL,0.45199793529655335
2016-10-11,AAPL,0.28399084944769043
2016-10-12,AAPL,0.16588957561884718
2016-10-13,AAPL,0.15664576621754064
2016-10-14,AAPL,0.1380696593021843
2016-10-17,AAPL,0.212417484764903
2016-10-18,AAPL,0.26972696213576225
2016-10-19,AAPL,0.40601555944390194
2016-10-20,AAPL,0.35418080377442535
2016-10-21,AAPL,0.19514709405065586
2016-10-24,AAPL,0.12557504023399413
2016-10-25,AAPL,0.1327149792808052
2016-10-26,AAPL,0.1518977061319414
2016-10-27,AAPL,0.10993299291145014
2016-10-28,AAPL,0.10255213944570897
2016-10-31,AAPL,0.10180365497500173
2016-11-01,AAPL,0.06290336296961667
2016-11-02,AAPL,0.060922217265198315
2016-11-03,AAPL,0.0773006166051977
2016-11-04,AAPL,0.09577665381830955
2016-11-07,AAPL,0.05670537134400815
2016-11-08,AAPL,0.10275697479386267
2016-11-09,AAPL,0.09291931766128278
2016-11-10,AAPL,0.17938075385251692
2016-11-11,AAPL,0.1316262192824024
2016-11-14,AAPL,0.581045733628625
2016-11-15,AAPL,0.34197604947523647
2016-11-16,AAPL,0.3065367237097885
2016-11-17,AAPL,0.33900595542784956
2016-11-18,AAPL,0.3219174977554971
2016-11-21,AAPL,0.32121774809731507
2016-11-22,AAPL,0.29317019432158575
2016-11-23,AAPL,0.309429009071704
2016-11-25,AAPL,0.32390929627474324
2016-11-28,AAPL,0.2799375457960217
2016-11-29,AAPL,0.2799375457960217
2016-11-30,AAPL,0.2240438707940625
2016-12-01,AAPL,0.41212086668817227
2016-12-02,AAPL,0.1929704880422226
2016-12-05,AAPL,0.41285699821959176
2016-12-06,AAPL,0.19096170976077845
2016-12-07,AAPL,0.1820501881149735
2016-12-08,AAPL,0.15373635817300485
2016-12-09,AAPL,0.1599815004421949
2016-12-12,AAPL,0.1519265436906373
2016-12-13,AAPL,0.12293293746397721
2016-12-14,AAPL,0.106806787343871
2016-12-15,AAPL,0.06335887991147948
2016-12-16,AAPL,0.0733098164565244
2016-12-19,AAPL,0.09085278979857603
2016-12-20,AAPL,0.09325889171412532
2016-12-21,AAPL,0.11383269568787723
2016-12-22,AAPL,0.10702731475744989
2016-12-23,AAPL,0.18386750354826487
2016-12-27,AAPL,0.19733115720515645
2016-12-28,AAPL,0.29255512277038775
2016-12-29,AAPL,0.15517446036322904
2016-12-30,AAPL,0.1229594627844147
2017-01-03,AAPL,0.32235114888089933
2017-01-04,AAPL,0.31268477711029924
2017-01-05,AAPL,0.3170691637339964
2017-01-06,AAPL,0.3186263264877148
2017-01-09,AAPL,0.32320248502369614
2017-01-10,AAPL,0.3245651604597533
2017-01-11,AAPL,0.32616532234558354
2017-01-12,AAPL,0.3205483963625971
2017-01-13,AAPL,0.3238742394368574
2017-01-17,AAPL,0.3210218049943134
2017-01-18,AAPL,0.32235684416034616
2017-01-19,AAPL,0.3232164230421806
2017-01-20,AAPL,0.32273448716164
2017-01-23,AAPL,0.3397166579857025
2017-01-24,AAPL,0.33719843206976974
2017-01-25,AAPL,0.3401585313166742
2017-01-26,AAPL,0.34416253450673284
2017-01-27,AAPL,0.3411975866827735
2017-01-30,AAPL,0.32817882386049957
2017-01-31,AAPL,0.318537060924561
2017-02-01,AAPL,0.3193185740870362
2017-02-02,AAPL,0.3511306169350151
2017-02-03,AAPL,0.35537520515438537
2017-02-06,AAPL,0.3547711855836709
2017-02-07,AAPL,0.35297561136701744
2017-02-08,AAPL,0.35771056292369574
2017-02-09,AAPL,0.3561529872223097
2017-02-10,AAPL,0.35542249864749864
2017-02-13,AAPL,0.3533053532168106
2017-02-14,AAPL,0.3486992155600131
2017-02-15,AAPL,0.3611204437325482
2017-02-16,AAPL,0.3626539165571175
2017-02-17,AAPL,0.3644616026417242
2017-02-21,AAPL,0.36620605854398103
2017-02-22,AAPL,0.3629202018781981
2017-02-23,AAPL,0.35907858749795357
2017-02-24,AAPL,0.35737970736672386
2017-02-27,AAPL,0.3549584829135849
2017-02-28,AAPL,0.35208184805051557
2017-03-01,AAPL,0.3530256749105513
2017-03-02,AAPL,0.34885303196245354
2017-03-03,AAPL,0.35240685940065136
2017-03-06,AAPL,0.3464717450883966
2017-03-07,AAPL,0.34400739666334923
2017-03-08,AAPL,0.3350058776906029
2017-03-09,AAPL,0.3308374034091347
2017-03-10,AAPL,0.3305721233520544
2017-03-13,AAPL,0.32775158360276513
2017-03-14,AAPL,0.32391958747860317
2017-03-15,AAPL,0.33375881723056355
2017-03-16,AAPL,0.33585067733423535
2017-03-17,AAPL,0.3197287164431563
2017-03-20,AAPL,0.3313260937576043
2017-03-21,AAPL,0.30422519815580895
2017-03-22,AAPL,0.3179297905029835
2017-03-23,AAPL,0.31358800653453855
2017-03-24,AAPL,0.3136566144269721
2017-03-27,AAPL,0.31208269640687025
2017-03-28,AAPL,0.3221226553668358
2017-03-29,AAPL,0.3289899644590933
2017-03-30,AAPL,0.32968606016502444
2017-03-31,AAPL,0.32683800901059634
2017-04-03,AAPL,0.32885259464038746
2017-04-04,AAPL,0.3230930424021205
2017-04-05,AAPL,0.3175273006340255
2017-04-06,AAPL,0.3199619999917116
2017-04-07,AAPL,0.3133274963580568
2017-04-10,AAPL,0.32112079221822704
2017-04-11,AAPL,0.3025239204912335
2017-04-12,AAPL,0.3088043174400626
2017-04-13,AAPL,0.30667904014388014
2017-04-17,AAPL,0.3078106016653604
2017-04-18,AAPL,0.28625582483521284
2017-04-19,AAPL,0.2812649795071223
2017-04-20,AAPL,0.29132407074302036
2017-04-21,AAPL,0.29525042179003114
2017-04-24,AAPL,0.3012592314108387
2017-04-25,AAPL,0.30034659957547655
2017-04-26,AAPL,0.2978504990491806
2017-04-27,AAPL,0.30065829538188354
2017-04-28,AAPL,0.2976349552347342
2017-05-01,AAPL,0.3043590260601676
2017-05-02,AAPL,0.31181111952404755
2017-05-03,AAPL,0.31036204635455916
2017-05-04,AAPL,0.322154580252016
2017-05-05,AAPL,0.3231286907996955
2017-05-08,AAPL,0.32679410515739477
2017-05-09,AAPL,0.33815673666078155
2017-05-10,AAPL,0.33675413575376834
2017-05-11,AAPL,0.33739688222051184
2017-05-12,AAPL,0.3347719995088565
2017-05-15,AAPL,0.3376335181677721
2017-05-16,AAPL,0.34284159431853567
2017-05-17,AAPL,0.3132369339067009
2017-05-18,AAPL,0.31707827850902814
2017-05-19,AAPL,0.31869824887284853
2017-05-22,AAPL,0.3251303413267404
2017-05-23,AAPL,0.3282417535121332
2017-05-24,AAPL,0.32991676022037464
2017-05-25,AAPL,0.3250089664050229
2017-05-26,AAPL,0.3147472722414961
2017-05-30,AAPL,0.31039216693670535
2017-05-31,AAPL,0.3078439012480952
2017-06-01,AAPL,0.3019124461392794
2017-06-02,AAPL,0.3008758905339328
2017-06-05,AAPL,0.30071364593544614
2017-06-06,AAPL,0.3018011192095891
2017-06-07,AAPL,0.3281962604704949
2017-06-08,AAPL,0.3177508396234494
2017-06-09,AAPL,0.2801295300098239
2017-06-12,AAPL,0.26679831600350107
2017-06-13,AAPL,0.27945811572667595
2017-06-14,AAPL,0.2791746307731184
2017-06-15,AAPL,0.275350347558289
2017-06-16,AAPL,0.27346897086903843
2017-06-19,AAPL,0.28849580933352625
2017-06-20,AAPL,0.2938141892249307
2017-06-21,AAPL,0.2964702693374467
2017-06-22,AAPL,0.29161928257834063
2017-06-23,AAPL,0.2850667182479362
2017-06-26,AAPL,0.28028486126630603
2017-06-27,AAPL,0.27795814979541006
2017-06-28,AAPL,0.28054945808859083
2017-06-29,AAPL,0.283725594589979
2017-06-30,AAPL,0.2880990181398509
2017-07-03,AAPL,0.2914594854516466
2017-07-05,AAPL,0.29312811510731035
2017-07-06,AAPL,0.2918451058610491
2017-07-07,AAPL,0.30188644757873784
2017-07-10,AAPL,0.2923689616720813
2017-07-11,AAPL,0.29815853990353086
2017-07-12,AAPL,0.29158755731052505
2017-07-13,AAPL,0.302119967052175
2017-07-14,AAPL,0.30328136909373044
2017-07-17,AAPL,0.30510281124097444
2017-07-18,AAPL,0.3166516677521104
2017-07-19,AAPL,0.3135063302656303
2017-07-20,AAPL,0.32156383622247164
2017-07-21,AAPL,0.31775648423343217
2017-07-24,AAPL,0.3266668488607924
2017-07-25,AAPL,0.3295999268866348
2017-07-26,AAPL,0.34153992541332096
2017-07-27,AAPL,0.31850852256646794
2017-07-28,AAPL,0.31616279981370066
2017-07-31,AAPL,0.30941113068894543
2017-08-01,AAPL,0.30594956011796465
2017-08-02,AAPL,0.30628200414406737
2017-08-03,AAPL,0.32155515869866413
2017-08-04,AAPL,0.3234654924641823
2017-08-07,AAPL,0.3291587705870465
2017-08-08,AAPL,0.3267996314956667
2017-08-09,AAPL,0.3317645076367033
2017-08-10,AAPL,0.3120646518066673
2017-08-11,AAPL,0.3111304150095508
2017-08-14,AAPL,0.31400546859619294
2017-08-15,AAPL,0.315693635189082
2017-08-16,AAPL,0.33024738631915906
2017-08-17,AAPL,0.32692556542697
2017-08-18,AAPL,0.3254317389632727
2017-08-21,AAPL,0.3249791156284917
2017-08-22,AAPL,0.3182277538934974
2017-08-23,AAPL,0.325971322478882
2017-08-24,AAPL,0.3169627665471662
2017-08-25,AAPL,0.3129835535591093
2017-08-28,AAPL,0.315970564669392
2017-08-29,AAPL,0.31726723832351994
2017-08-30,AAPL,0.3346009053753768
2017-08-31,AAPL,0.32803520849109435
2017-09-01,AAPL,0.3254333387141092
2017-09-05,AAPL,0.3067936529102377
2017-09-06,AAPL,0.3114015516583029
2017-09-07,AAPL,0.321864776920107
2017-09-08,AAPL,0.30634446710933644
2017-09-11,AAPL,0.31238325569348296
2017-09-12,AAPL,0.29618616314207574
2017-09-13,AAPL,0.30147939834877796
2017-09-14,AAPL,0.30553078851395105
2017-09-15,AAPL,0.30157117928724225
2017-09-18,AAPL,0.2993181970840446
2017-09-19,AAPL,0.29300687542888026
2017-09-20,AAPL,0.27865916201253155
2017-09-21,AAPL,0.27583118556537034
2017-09-22,AAPL,0.26734607189751436
2017-09-25,AAPL,0.2711000531454536
2017-09-26,AAPL,0.27973424854881457
2017-09-27,AAPL,0.28816024985100747
2017-09-28,AAPL,0.29225813919769583
2017-09-29,AAPL,0.2862677841590283
2017-10-02,AAPL,0.2881861144971364
2017-10-03,AAPL,0.2911490980829974
2017-10-04,AAPL,0.288202407330446
2017-10-05,AAPL,0.28517011363448114
2017-10-06,AAPL,0.28728884982831887
2017-10-09,AAPL,0.2872759930188924
2017-10-10,AAPL,0.2968925903465971
2017-10-11,AAPL,0.3096000393599446
2017-10-12,AAPL,0.3127836169094528
2017-10-13,AAPL,0.322774927343531
2017-10-16,AAPL,0.32015824842682783
2017-10-17,AAPL,0.3240479256539994
2017-10-18,AAPL,0.32486792571074435
2017-10-19,AAPL,0.2968240882389275
2017-10-20,AAPL,0.3016091269851023
2017-10-23,AAPL,0.2992397164951812
2017-10-24,AAPL,0.30705345375252474
2017-10-25,AAPL,0.29874758149097286
2017-10-26,AAPL,0.30480571918232846
2017-10-27,AAPL,0.307118128593264
2017-10-30,AAPL,0.3209590811985519
2017-10-31,AAPL,0.3298844277238126
2017-11-01,AAPL,0.3279791016400095
2017-11-02,AAPL,0.31903664907599
2017-11-03,AAPL,0.3137624477308531
2017-11-06,AAPL,0.32445808361406003
2017-11-07,AAPL,0.3314996329898964
2017-11-08,AAPL,0.3441066284197254
2017-11-09,AAPL,0.34282691733522813
2017-11-10,AAPL,0.34510166901707356
2017-11-13,AAPL,0.3472670405391793
2017-11-14,AAPL,0.34107149881624876
2017-11-15,AAPL,0.32833091510594403
2017-11-16,AAPL,0.3238551753160381
2017-11-17,AAPL,0.3221881436757725
2017-11-20,AAPL,0.31956243085217495
2017-11-21,AAPL,0.3298916878253742
2017-11-22,AAPL,0.33498757445921307
2017-11-24,AAPL,0.32867913242703933
2017-11-27,AAPL,0.31763360999727425
2017-11-28,AAPL,0.30979888930715854
2017-11-29,AAPL,0.28946512552118137
2017-11-30,AAPL,0.29073197697479386
2017-12-01,AAPL,0.29566249635962655
2017-12-04,AAPL,0.29509617845930464
2017-12-05,AAPL,0.3004966069591138
2017-12-06,AAPL,0.3086411485361801
2017-12-07,AAPL,0.30431617240770786
2017-12-08,AAPL,0.3080580083787306
2017-12-11,AAPL,0.31326666458367886
2017-12-12,AAPL,0.3079777782040475
2017-12-13,AAPL,0.29744577973524244
2017-12-14,AAPL,0.30048665832397087
2017-12-15,AAPL,0.30107152489017347
2017-12-18,AAPL,0.3119079227942429
2017-12-19,AAPL,0.3201519981523033
2017-12-20,AAPL,0.31163355689003047
2017-12-21,AAPL,0.3171591668458746
2017-12-22,AAPL,0.323913449112858
2017-12-26,AAPL,0.3041838011203169
2017-12-27,AAPL,0.30575680173483877
2017-12-28,AAPL,0.30765822750762617
2017-12-29,AAPL,0.29870715532913183
2018-01-02,AAPL,0.2949420799749714
2018-01-03,AAPL,0.3019631151260544
2018-01-04,AAPL,0.3030496918212893
2018-01-05,AAPL,0.3065507017208815
2018-01-08,AAPL,0.30496840573034667
2018-01-09,AAPL,0.2950943748653889
2018-01-10,AAPL,0.29381237293267476
2018-01-11,AAPL,0.2986321394500961
2018-01-12,AAPL,0.29855247989324474
2018-01-16,AAPL,0.29373759023505513
2018-01-17,AAPL,0.3152194408574787
2018-01-18,AAPL,0.3187250849710162
2018-01-19,AAPL,0.31420265713209233
2018-01-22,AAPL,0.31848770942405935
2018-01-23,AAPL,0.3103018598953556
2018-01-24,AAPL,0.2914197611710311
2018-01-25,AAPL,0.2832376398788424
2018-01-26,AAPL,0.28007916821714984
2018-01-29,AAPL,0.27504247132542786
2018-01-30,AAPL,0.272984419587213
2018-01-31,AAPL,0.283162116022152
2018-02-01,AAPL,0.2794947797902924
2018-02-02,AAPL,0.25838620364153486
2018-02-05,AAPL,0.2598488870660108
2018-02-06,AAPL,0.270536175587397
2018-02-07,AAPL,0.2741161606707808
2018-02-08,AAPL,0.26803991942851224
2018-02-09,AAPL,0.27175520225352906
2018-02-12,AAPL,0.2854133055963435
2018-02-13,AAPL,0.29392801779229855
2018-02-14,AAPL,0.30297992154531445
2018-02-15,AAPL,0.31311915360642534
2018-02-16,AAPL,0.311603585530856
2018-02-20,AAPL,0.30298325767198503
2018-02-21,AAPL,0.30775465108291605
2018-02-22,AAPL,0.30301225603531595
2018-02-23,AAPL,0.3034723490628888
2018-02-26,AAPL,0.31356938332763934
2018-02-27,AAPL,0.31710102091174747
2018-02-28,AAPL,0.32499931457894826
2018-03-01,AAPL,0.32775474747546035
2018-03-02,AAPL,0.3325022002107085
2018-03-05,AAPL,0.32628285620535874
2018-03-06,AAPL,0.32415405368036554
2018-03-07,AAPL,0.31366777474802
2018-03-08,AAPL,0.31159802101180173
2018-03-09,AAPL,0.31788189841502046
2018-03-12,AAPL,0.3262247629741096
2018-03-13,AAPL,0.32417022507277593
2018-03-14,AAPL,0.3188753289955557
2018-03-15,AAPL,0.3111949055966444
2018-03-16,AAPL,0.29662309690479155
2018-03-19,AAPL,0.2932794770541965
2018-03-20,AAPL,0.2971506575668281
2018-03-21,AAPL,0.288261110746259
2018-03-22,AAPL,0.28050250472684607
2018-03-23,AAPL,0.27749909658409044
2018-03-26,AAPL,0.29724810631716314
2018-03-27,AAPL,0.29641163545293575
2018-03-28,AAPL,0.2908182334462953
2018-03-29,AAPL,0.29011490916956584
2018-04-02,AAPL,0.2898319383753451
2018-04-03,AAPL,0.2889748920760863
2018-04-04,AAPL,0.2992718759387402
2018-04-05,AAPL,0.3021247660473144
2018-04-06,AAPL,0.29384518932863846
2018-04-09,AAPL,0.2948905054085477
2018-04-10,AAPL,0.3082355317767039
2018-04-11,AAPL,0.3074469234418284
2018-04-12,AAPL,0.30818899951784157
2018-04-13,AAPL,0.3185265661910609
2018-04-16,AAPL,0.3088618304832846
2018-04-17,AAPL,0.31789967788369017
2018-04-18,AAPL,0.3280358705752781
2018-04-19,AAPL,0.3089933624859637
2018-04-20,AAPL,0.2825569689862761
2018-04-23,AAPL,0.28513804290340244
2018-04-24,AAPL,0.28036804392163645
2018-04-25,AAPL,0.2787397484422564
2018-04-26,AAPL,0.2886869360381446
2018-04-27,AAPL,0.28597386818459586
2018-04-30,AAPL,0.2844676099298867
2018-05-01,AAPL,0.29568144226169274
2018-05-02,AAPL,0.3042887442285946
2018-05-03,AAPL,0.31314389765603
2018-05-04,AAPL,0.30686358939851077
2018-05-07,AAPL,0.3115809646458659
2018-05-08,AAPL,0.31244133960821874
2018-05-09,AAPL,0.31758074120469915
2018-05-10,AAPL,0.3320326416062557
2018-05-11,AAPL,0.3240919484399257
2018-05-14,AAPL,0.33155205639160723
2018-05-15,AAPL,0.3303964961518446
2018-05-16,AAPL,0.3394771400267448
2018-05-17,AAPL,0.339384180434183
2018-05-18,AAPL,0.3410836965279509
2018-05-21,AAPL,0.34060237028084395
2018-05-22,AAPL,0.3353503968433666
2018-05-23,AAPL,0.33445165676381505
2018-05-24,AAPL,0.3260034198055984
2018-05-25,AAPL,0.32394190750922464
2018-05-29,AAPL,0.3163224092204374
2018-05-30,AAPL,0.31074512213211525
2018-05-31,AAPL,0.2960567340681987
2018-06-01,AAPL,0.31228704523907386
2018-06-04,AAPL,0.31670082478289935
2018-06-05,AAPL,0.3299626882727335
2018-06-06,AAPL,0.32838845468732875
2018-06-07,AAPL,0.3323948890010739
2018-06-08,AAPL,0.321648793856737
2018-06-11,AAPL,0.31857418589524616
2018-06-12,AAPL,0.3209466732911864
2018-06-13,AAPL,0.308342699581251
2018-06-14,AAPL,0.30777410258061133
2018-06-15,AAPL,0.28678443219554034
2018-06-18,AAPL,0.3085442628584383
2018-06-19,AAPL,0.2960288746427789
2018-06-20,AAPL,0.30497878712017734
2018-06-21,AAPL,0.2907501507906446
2018-06-22,AAPL,0.2819621096160885
2018-06-25,AAPL,0.27062260248168346
2018-06-26,AAPL,0.28127268611867406
2018-06-27,AAPL,0.2806202482815904
2018-06-28,AAPL,0.29093296635162025
2018-06-29,AAPL,0.28824146728082495
2018-07-02,AAPL,0.29515493022392564
2018-07-03,AAPL,0.2904037204633912
2018-07-05,AAPL,0.29213242759792246
2018-07-06,AAPL,0.2995799729840926
2018-07-09,AAPL,0.3040228495647379
2018-07-10,AAPL,0.3075629156994437
2018-07-11,AAPL,0.3031841996684797
2018-07-12,AAPL,0.30778484830468933
2018-07-13,AAPL,0.312833275390335
2018-07-16,AAPL,0.3135656180774125
2018-07-17,AAPL,0.31277460969404974
2018-07-18,AAPL,0.30728228594548584
2018-07-19,AAPL,0.30472810275018997
2018-07-20,AAPL,0.30679495832654086
2018-07-23,AAPL,0.3085832955516633
2018-07-24,AAPL,0.3174150313760309
2018-07-25,AAPL,0.3180528219144123
2018-07-26,AAPL,0.3133933947413601
2018-07-27,AAPL,0.29585527492532665
2018-07-30,AAPL,0.2935525360153379
2018-07-31,AAPL,0.2906526618632579
2018-08-01,AAPL,0.29210777397236054
2018-08-02,AAPL,0.31151744992133396
2018-08-03,AAPL,0.33140989280965527
2018-08-06,AAPL,0.33668328935872516
2018-08-07,AAPL,0.3356632034846065
2018-08-08,AAPL,0.3292482690124831
2018-08-09,AAPL,0.32721168776603793
2018-08-10,AAPL,0.3202602521194191
2018-08-13,AAPL,0.317291764618841
2018-08-14,AAPL,0.3205925166969079
2018-08-15,AAPL,0.33056418808868676
2018-08-16,AAPL,0.3453025001850156
2018-08-17,AAPL,0.350145737072592
2018-08-20,AAPL,0.34879845942647025
2018-08-21,AAPL,0.3381095498674486
2018-08-22,AAPL,0.3330769006839675
2018-08-23,AAPL,0.33190492157370616
2018-08-24,AAPL,0.32676392861687187
2018-08-27,AAPL,0.337096185539882
2018-08-28,AAPL,0.33878795002945566
2018-08-29,AAPL,0.33942858641699547
2018-08-30,AAPL,0.3402015075328115
2018-08-31,AAPL,0.3476516185043371
2018-09-04,AAPL,0.35175713563815036
2018-09-05,AAPL,0.3415207604599811
2018-09-06,AAPL,0.3247758296070433
2018-09-07,AAPL,0.3107654435391114
2018-09-10,AAPL,0.3059033906904103
2018-09-11,AAPL,0.3162440464282895
2018-09-12,AAPL,0.3108822634497876
2018-09-13,AAPL,0.32276004111104506
2018-09-14,AAPL,0.3260672765277295
2018-09-17,AAPL,0.3171124157497512
2018-09-18,AAPL,0.3122425943526098
2018-09-19,AAPL,0.30977818825119613
2018-09-20,AAPL,0.30335589753258174
2018-09-21,AAPL,0.27823509609944513
2018-09-24,AAPL,0.30088755284595314
2018-09-25,AAPL,0.31025449013567014
2018-09-26,AAPL,0.30967503573271105
2018-09-27,AAPL,0.3182673957842044
2018-09-28,AAPL,0.3249873111299887
2018-10-01,AAPL,0.31317103865770674
2018-10-02,AAPL,0.3186842048054879
2018-10-03,AAPL,0.315643388744406
2018-10-04,AAPL,0.310735620204847
2018-10-05,AAPL,0.30846899251490184
2018-10-08,AAPL,0.3074918435188344
2018-10-09,AAPL,0.31159609090042467
2018-10-10,AAPL,0.28985022328219706
2018-10-11,AAPL,0.28842614541494366
2018-10-12,AAPL,0.2995791150804354
2018-10-15,AAPL,0.30061378989758847
2018-10-16,AAPL,0.3054609987030405
2018-10-17,AAPL,0.3115156755652205
2018-10-18,AAPL,0.30149348953700417
2018-10-19,AAPL,0.293197700023358
2018-10-22,AAPL,0.29780322076002336
2018-10-23,AAPL,0.2952920019356503
2018-10-24,AAPL,0.2853523723137381
2018-10-25,AAPL,0.29337587413915794
2018-10-26,AAPL,0.29312400243827
2018-10-29,AAPL,0.28450254981314016
2018-10-30,AAPL,0.295726148765798
2018-10-31,AAPL,0.30549678569744665
2018-11-01,AAPL,0.2921364333326696
2018-11-02,AAPL,0.2841660742591189
2018-11-05,AAPL,0.2819361545312249
2018-11-06,AAPL,0.29205386667905564
2018-11-07,AAPL,0.29062244778052626
2018-11-08,AAPL,0.29402141203590487
2018-11-09,AAPL,0.29326253956808684
2018-11-12,AAPL,0.2815758651349835
2018-11-13,AAPL,0.28067359644648177
2018-11-14,AAPL,0.2731806621726483
2018-11-15,AAPL,0.2822453595368717
2018-11-16,AAPL,0.2811120450206056
2018-11-19,AAPL,0.27884073091737716
2018-11-20,AAPL,0.2673628269525821
2018-11-21,AAPL,0.2753230427608439
2018-11-23,AAPL,0.27549631037230854
2018-11-26,AAPL,0.2689188671073835
2018-11-27,AAPL,0.26537953724123764
2018-11-28,AAPL,0.2694249146864608
2018-11-29,AAPL,0.27063338235274065
2018-11-30,AAPL,0.278759605507714
2018-12-03,AAPL,0.28806385068004914
2018-12-04,AAPL,0.2809700341207858
2018-12-06,AAPL,0.26742347043402653
2018-12-07,AAPL,0.26207397960536005
2018-12-10,AAPL,0.25163216830756974
2018-12-11,AAPL,0.2578314029085145
2018-12-12,AAPL,0.26861985641729025
2018-12-13,AAPL,0.2801001474711764
2018-12-14,AAPL,0.28119372460772246
2018-12-17,AAPL,0.27396107403075226
2018-12-18,AAPL,0.2858059560357572
2018-12-19,AAPL,0.2652359980711358
2018-12-20,AAPL,0.2553855474207469
2018-12-21,AAPL,0.24582064286941124
2018-12-24,AAPL,0.24877260680529467
2018-12-26,AAPL,0.2570186143338267
2018-12-27,AAPL,0.26966593030232183
2018-12-28,AAPL,0.2809204550312133
2018-12-31,AAPL,0.28266734557589607
2019-01-02,AAPL,0.27476632595062256
2019-01-03,AAPL,0.17178945243358612
2019-01-04,AAPL,0.21960346400737762
2019-01-07,AAPL,0.22759723663330078
2019-01-08,AAPL,0.21190407872200012
2019-01-09,AAPL,0.19437123835086823
2019-01-10,AAPL,0.3155672550201416
2019-01-11,AAPL,0.32946786284446716
2019-01-14,AAPL,0.31741559505462646
2019-01-15,AAPL,0.28873154520988464
2019-01-16,AAPL,0.32699882984161377
2019-01-17,AAPL,0.2878853678703308
2019-01-18,AAPL,0.27929404377937317
2019-01-22,AAPL,0.2952542304992676
2019-01-23,AAPL,0.25363051891326904
2019-01-24,AAPL,0.3100673258304596
2019-01-25,AAPL,0.28944849967956543
2019-01-28,AAPL,0.30163198709487915
2019-01-29,AAPL,0.2935173213481903
2019-01-30,AAPL,0.3623361587524414
2019-01-31,AAPL,0.3357846736907959
2019-02-01,AAPL,0.28911498188972473
2019-02-04,AAPL,0.3173041343688965
2019-02-05,AAPL,0.31572622060775757
2019-02-06,AAPL,0.3054046928882599
2019-02-07,AAPL,0.2902717590332031
2019-02-08,AAPL,0.36417827010154724
2019-02-11,AAPL,0.32048988342285156
2019-02-12,AAPL,0.3228091597557068
2019-02-13,AAPL,0.3307320475578308
2019-02-14,AAPL,0.2985576093196869
2019-02-15,AAPL,0.2985576093196869
2019-02-19,AAPL,0.29077503085136414
2019-02-20,AAPL,0.277150958776474
2019-02-21,AAPL,0.37206628918647766
2019-02-22,AAPL,0.3972485065460205
2019-02-25,AAPL,0.6020014882087708
2019-02-26,AAPL,0.5854676365852356
2019-02-27,AAPL,0.6430397033691406
2019-02-28,AAPL,0.5551374554634094
2019-03-01,AAPL,0.6786249876022339
2019-03-04,AAPL,0.6104733943939209
2019-03-05,AAPL,0.6401503682136536
2019-03-06,AAPL,0.4379473328590393
2019-03-07,AAPL,0.38055309653282166
2019-03-08,AAPL,0.3889077305793762
2019-03-11,AAPL,0.24553917348384857
2019-03-12,AAPL,0.23066499829292297
2019-03-13,AAPL,0.27966389060020447
2019-03-14,AAPL,0.2454061359167099
2019-03-15,AAPL,0.2069360762834549
2019-03-18,AAPL,0.2766781151294708
2019-03-19,AAPL,0.26433873176574707
2019-03-20,AAPL,0.22013874351978302
2019-03-21,AAPL,0.12483368813991547
2019-03-22,AAPL,0.2899673581123352
2019-03-25,AAPL,0.3439920246601105
2019-03-26,AAPL,0.4474555253982544
2019-03-27,AAPL,0.46299856901168823
2019-03-28,AAPL,0.37589067220687866
2019-03-29,AAPL,0.3530203104019165
2019-04-01,AAPL,0.3646768629550934
2019-04-02,AAPL,0.3847328722476959
2019-04-03,AAPL,0.2762755751609802
2019-04-04,AAPL,0.3009517192840576
2019-04-05,AAPL,0.2682265043258667
2019-04-08,AAPL,0.38177043199539185
2019-04-09,AAPL,0.40760576725006104
2019-04-10,AAPL,0.3311130404472351
2019-04-11,AAPL,0.27091169357299805
2019-04-12,AAPL,0.1997641921043396
2019-04-15,AAPL,0.32873520255088806
2019-04-16,AAPL,0.2959766387939453
2019-04-17,AAPL,0.19190622866153717
2019-04-18,AAPL,0.1867446005344391
2019-04-22,AAPL,0.19875435531139374
2019-04-23,AAPL,0.12180835008621216
2019-04-24,AAPL,0.161991685628891
2019-04-25,AAPL,0.15473444759845734
2019-04-26,AAPL,0.12702995538711548
2019-04-29,AAPL,0.16147230565547943
2019-04-30,AAPL,0.16490401327610016
2019-05-01,AAPL,0.1864112913608551
2019-05-02,AAPL,0.18342192471027374
2019-05-03,AAPL,0.17887933552265167
2019-05-06,AAPL,0.316254585981369
2019-05-07,AAPL,0.31268343329429626
2019-05-08,AAPL,0.2844441831111908
2019-05-09,AAPL,0.3300551176071167
2019-05-10,AAPL,0.28901392221450806
2019-05-13,AAPL,0.37112143635749817
2019-05-14,AAPL,0.28900426626205444
2019-05-15,AAPL,0.2715713083744049
2019-05-16,AAPL,0.3234875500202179
2019-05-17,AAPL,0.3143990635871887
2019-05-20,AAPL,0.2834374010562897
2019-05-21,AAPL,0.1375962495803833
2019-05-22,AAPL,0.17110200226306915
2019-05-23,AAPL,0.15814824402332306
2019-05-24,AAPL,0.17450572550296783
2019-05-28,AAPL,0.1697397530078888
2019-05-29,AAPL,0.16614475846290588
2019-05-30,AAPL,0.12430953234434128
2019-05-31,AAPL,0.13967792689800262
2019-06-03,AAPL,0.20086531341075897
2019-06-04,AAPL,0.2018520087003708
2019-06-05,AAPL,0.2316705286502838
2019-06-06,AAPL,0.2794620394706726
2019-06-07,AAPL,0.3627343773841858
2019-06-10,AAPL,0.3522026836872101
2019-06-11,AAPL,0.3313136398792267
2019-06-12,AAPL,0.32543954253196716
2019-06-13,AAPL,0.2625254690647125
2019-06-14,AAPL,0.27621620893478394
2019-06-17,AAPL,0.21013450622558594
2019-06-18,AAPL,0.26736417412757874
2019-06-19,AAPL,0.28786158561706543
2019-06-20,AAPL,0.309548556804657
2019-06-21,AAPL,0.23343393206596375
2019-06-24,AAPL,0.2621607184410095
2019-06-25,AAPL,0.1964389681816101
2019-06-26,AAPL,0.22610779106616974
2019-06-27,AAPL,0.21363013982772827
2019-06-28,AAPL,0.19216288626194
2019-07-01,AAPL,0.15243399143218994
2019-07-02,AAPL,0.32813897728919983
2019-07-03,AAPL,0.3364658057689667
2019-07-05,AAPL,0.19789078831672668
2019-07-08,AAPL,0.2332770675420761
2019-07-09,AAPL,0.20672492682933807
2019-07-10,AAPL,0.1985037922859192
2019-07-11,AAPL,0.20453456044197083
2019-07-12,AAPL,0.21659213304519653
2019-07-15,AAPL,0.19039857387542725
2019-07-16,AAPL,0.250929057598114
2019-07-17,AAPL,0.2861027717590332
2019-07-18,AAPL,0.27067235112190247
2019-07-19,AAPL,0.20163016021251678
2019-07-22,AAPL,0.29336392879486084
2019-07-23,AAPL,0.295911967754364
2019-07-24,AAPL,0.2955576479434967
2019-07-25,AAPL,0.2735613286495209
2019-07-26,AAPL,0.27716827392578125
2019-07-29,AAPL,0.2655763626098633
2019-07-30,AAPL,0.2518259584903717
2019-07-31,AAPL,0.1451611965894699
2019-08-01,AAPL,0.32841429114341736
2019-08-02,AAPL,0.34884342551231384
2019-08-05,AAPL,0.23553766310214996
2019-08-06,AAPL,0.2323540300130844
2019-08-07,AAPL,0.2540649473667145
2019-08-08,AAPL,0.3176071047782898
2019-08-09,AAPL,0.29542362689971924
2019-08-12,AAPL,0.28189292550086975
2019-08-13,AAPL,0.30577826499938965
2019-08-14,AAPL,0.3271530866622925
2019-08-15,AAPL,0.3555462658405304
2019-08-16,AAPL,0.28176236152648926
2019-08-19,AAPL,0.314988911151886
2019-08-20,AAPL,0.3465823233127594
2019-08-21,AAPL,0.3275918662548065
2019-08-22,AAPL,0.35504549741744995
2019-08-23,AAPL,0.30212607979774475
2019-08-26,AAPL,0.3056747019290924
2019-08-27,AAPL,0.31660157442092896
2019-08-28,AAPL,0.33753085136413574
2019-08-29,AAPL,0.30348533391952515
2019-08-30,AAPL,0.33240175247192383
2019-09-03,AAPL,0.2800596356391907
2019-09-04,AAPL,0.27428126335144043
2019-09-05,AAPL,0.25816231966018677
2019-09-06,AAPL,0.2523873746395111
2019-09-09,AAPL,0.1838250309228897
2019-09-10,AAPL,0.2619214355945587
2019-09-11,AAPL,0.2678197920322418
2019-09-12,AAPL,0.28734803199768066
2019-09-13,AAPL,0.17131197452545166
2019-09-16,AAPL,0.12353520840406418
2019-09-17,AAPL,0.10169333219528198
2019-09-18,AAPL,0.287615567445755
2019-09-19,AAPL,0.12214113026857376
2019-09-20,AAPL,0.1012284904718399
2019-09-23,AAPL,0.11090479791164398
2019-09-24,AAPL,0.10849954932928085
2019-09-25,AAPL,0.12841740250587463
2019-09-26,AAPL,0.1315285712480545
2019-09-27,AAPL,0.11683668941259384
2019-09-30,AAPL,0.10262653976678848
2019-10-01,AAPL,0.12293851375579834
2019-10-02,AAPL,0.11740481853485107
2019-10-03,AAPL,0.10378003865480423
2019-10-04,AAPL,0.12209732830524445
2019-10-07,AAPL,0.1801898032426834
2019-10-08,AAPL,0.17691384255886078
2019-10-09,AAPL,0.16162854433059692
2019-10-10,AAPL,0.11011341214179993
2019-10-11,AAPL,0.23815949261188507
2019-10-14,AAPL,0.2674858272075653
2019-10-15,AAPL,0.25978171825408936
2019-10-16,AAPL,0.22518858313560486
2019-10-17,AAPL,0.26788270473480225
2019-10-18,AAPL,0.25627827644348145
2019-10-21,AAPL,0.2321106195449829
2019-10-22,AAPL,0.25709185004234314
2019-10-23,AAPL,0.14910070598125458
2019-10-24,AAPL,0.1572418063879013
2019-10-25,AAPL,0.18165327608585358
2019-10-28,AAPL,0.14373810589313507
2019-10-29,AAPL,0.10870689153671265
2019-10-30,AAPL,0.13404352962970734
2019-10-31,AAPL,0.25117531418800354
2019-11-01,AAPL,0.3324948251247406
2019-11-04,AAPL,0.3421330153942108
2019-11-05,AAPL,0.36652737855911255
2019-11-06,AAPL,0.37516096234321594
2019-11-07,AAPL,0.3505438268184662
2019-11-08,AAPL,0.21178600192070007
2019-11-11,AAPL,0.30126193165779114
2019-11-12,AAPL,0.2193714678287506
2019-11-13,AAPL,0.19509389996528625
2019-11-14,AAPL,0.26536813378334045
2019-11-15,AAPL,0.285225510597229
2019-11-18,AAPL,0.2123953253030777
2019-11-19,AAPL,0.23219147324562073
2019-11-20,AAPL,0.17109248042106628
2019-11-21,AAPL,0.1510574221611023
2019-11-22,AAPL,0.16307668387889862
2019-11-25,AAPL,0.1925707310438156
2019-11-26,AAPL,0.1289604902267456
2019-11-27,AAPL,0.14854352176189423
2019-11-29,AAPL,0.16767413914203644
2019-12-02,AAPL,0.1383722573518753
2019-12-03,AAPL,0.1069856733083725
2019-12-04,AAPL,0.11925020813941956
2019-12-05,AAPL,0.10541296005249023
2019-12-06,AAPL,0.1572754830121994
2019-12-09,AAPL,0.10472159087657928
2019-12-10,AAPL,0.11941133439540863
2019-12-11,AAPL,0.11135943233966827
2019-12-12,AAPL,0.10671798139810562
2019-12-13,AAPL,0.12963879108428955
2019-12-16,AAPL,0.31412723660469055
2019-12-17,AAPL,0.20391686260700226
2019-12-18,AAPL,0.23103486001491547
2019-12-19,AAPL,0.19662636518478394
2019-12-20,AAPL,0.14058780670166016
2019-12-23,AAPL,0.1831732988357544
2019-12-24,AAPL,0.25514644384384155
2019-12-26,AAPL,0.22318114340305328
2019-12-27,AAPL,0.2340100258588791
2019-12-30,AAPL,0.23884768784046173
2019-12-31,AAPL,0.2195199728012085
2020-01-02,AAPL,0.3347911269539732
2020-01-03,AAPL,0.3271575741172484
2020-01-06,AAPL,0.3280435272547113
2020-01-07,AAPL,0.32305159136236977
2020-01-08,AAPL,0.3242467163918559
2020-01-09,AAPL,0.3246305656215935
2020-01-10,AAPL,0.3330956682858429
2020-01-13,AAPL,0.3359273878113981
2020-01-14,AAPL,0.3284351598351538
2020-01-15,AAPL,0.32737356229834513
2020-01-16,AAPL,0.3287654528714303
2020-01-17,AAPL,0.3262242295552985
2020-01-21,AAPL,0.32421183580012
2020-01-22,AAPL,0.3224123248772886
2020-01-23,AAPL,0.32248537271044686
2020-01-24,AAPL,0.3237970153173182
2020-01-27,AAPL,0.3100837299424552
2020-01-28,AAPL,0.3175079081277838
2020-01-29,AAPL,0.3154124823267
2020-01-30,AAPL,0.318838826105083
2020-01-31,AAPL,0.305226309092563
2020-02-03,AAPL,0.3020024663352519
2020-02-04,AAPL,0.3101459982551911
2020-02-05,AAPL,0.3150380513644562
2020-02-06,AAPL,0.3172418994794522
2020-02-07,AAPL,0.31534141075332245
2020-02-10,AAPL,0.3110471018004875
2020-02-11,AAPL,0.3120615529669221
2020-02-12,AAPL,0.31569311124986676
2020-02-13,AAPL,0.31615364210999797
2020-02-14,AAPL,0.31333983765350903
2020-02-18,AAPL,0.2985695846112309
2020-02-19,AAPL,0.304918284591871
2020-02-20,AAPL,0.3029110858764885
2020-02-21,AAPL,0.304081520047573
2020-02-24,AAPL,0.28616279277340745
2020-02-25,AAPL,0.2738024876250191
2020-02-26,AAPL,0.2729429531159128
2020-02-27,AAPL,0.26652507541275056
2020-02-28,AAPL,0.25951873865007113
2020-03-02,AAPL,0.2840346205779001
2020-03-03,AAPL,0.29492065588216654
2020-03-04,AAPL,0.30219895766682014
2020-03-05,AAPL,0.312020630945892
2020-03-06,AAPL,0.3036618845703082
2020-03-09,AAPL,0.2852662730585225
2020-03-10,AAPL,0.28142322535343844
2020-03-11,AAPL,0.2900330660074073
2020-03-12,AAPL,0.27624780981332303
2020-03-13,AAPL,0.27743429546820125
2020-03-16,AAPL,0.3147389654606659
2020-03-17,AAPL,0.2941041262873154
2020-03-18,AAPL,0.31149693587895644
2020-03-19,AAPL,0.3134490735180512
2020-03-20,AAPL,0.2940680547332927
2020-03-23,AAPL,0.29102159334807015
2020-03-24,AAPL,0.29881667347911245
2020-03-25,AAPL,0.3089003942463397
2020-03-26,AAPL,0.296973684378066
2020-03-27,AAPL,0.3288301067069727
2020-03-30,AAPL,0.30241041793183354
2020-03-31,AAPL,0.3047417824414654
2020-04-01,AAPL,0.30477311549362107
2020-04-02,AAPL,0.28614557614797853
2020-04-03,AAPL,0.2862275064503086
2020-04-06,AAPL,0.27778830986489245
2020-04-07,AAPL,0.3049169096316651
2020-04-08,AAPL,0.3112007717589052
2020-04-09,AAPL,0.324046900568606
2020-04-13,AAPL,0.32217086747731505
2020-04-14,AAPL,0.3142331951803584
2020-04-15,AAPL,0.32154583668968273
2020-04-16,AAPL,0.30343569132703574
2020-04-17,AAPL,0.3070323532450629
2020-04-20,AAPL,0.29896193772907353
2020-04-21,AAPL,0.3009469168560358
2020-04-22,AAPL,0.30712511150622773
2020-04-23,AAPL,0.3117161245029122
2020-04-24,AAPL,0.31835406438120756
2020-04-27,AAPL,0.3192930655164104
2020-04-28,AAPL,0.32900294136898983
2020-04-29,AAPL,0.3244203847562748
2020-04-30,AAPL,0.3283076534020358
2020-05-01,AAPL,0.3182598323759564
2020-05-04,AAPL,0.3153109424645737
2020-05-05,AAPL,0.3147517707756845
2020-05-06,AAPL,0.3187973638831817
2020-05-07,AAPL,0.32188406653088797
2020-05-08,AAPL,0.3344627010001789
2020-05-11,AAPL,0.342331212540502
2020-05-12,AAPL,0.3324119090638763
2020-05-13,AAPL,0.33107148432056505
2020-05-14,AAPL,0.3337408407158442
2020-05-15,AAPL,0.327107923862104
2020-05-18,AAPL,0.33588679064479604
2020-05-19,AAPL,0.33740173652329314
2020-05-20,AAPL,0.3392178459867278
2020-05-21,AAPL,0.3429881464090693
2020-05-22,AAPL,0.34560093771886347
2020-05-26,AAPL,0.33856935801238547
2020-05-27,AAPL,0.3348579598760246
2020-05-28,AAPL,0.32757409129959136
2020-05-29,AAPL,0.3220424217628873
2020-06-01,AAPL,0.32295343986037495
2020-06-02,AAPL,0.3314689930708075
2020-06-03,AAPL,0.3328301506642186
2020-06-04,AAPL,0.3307177703600064
2020-06-05,AAPL,0.3317485365299953
2020-06-08,AAPL,0.3347615273701691
2020-06-09,AAPL,0.3368686748356123
2020-06-10,AAPL,0.3399425706619812
2020-06-11,AAPL,0.32471469284161
2020-06-12,AAPL,0.31722378248437505
2020-06-15,AAPL,0.32682885297285386
2020-06-16,AAPL,0.32641764097095743
2020-06-17,AAPL,0.32971921405984933
2020-06-18,AAPL,0.33234011385170115
2020-06-19,AAPL,0.3207663394015008
2020-06-22,AAPL,0.3324311901999477
2020-06-23,AAPL,0.3349379662515856
2020-06-24,AAPL,0.3397830004080588
2020-06-25,AAPL,0.3308943600107577
2020-06-26,AAPL,0.32187681507195065
2020-06-29,AAPL,0.32247055206144
2020-06-30,AAPL,0.32380803770958433
2020-07-01,AAPL,0.3340240823126588
2020-07-02,AAPL,0.3293542674981038
2020-07-06,AAPL,0.33216366357676985
2020-07-07,AAPL,0.33236639480056895
2020-07-08,AAPL,0.33793694354407805
2020-07-09,AAPL,0.33607365779048154
2020-07-10,AAPL,0.33923676965142296
2020-07-13,AAPL,0.31955161981073693
2020-07-14,AAPL,0.3237554859344159
2020-07-15,AAPL,0.3309254479279666
2020-07-16,AAPL,0.3264256814157771
2020-07-17,AAPL,0.3337307001454126
2020-07-20,AAPL,0.33784939090406596
2020-07-21,AAPL,0.32904395178477347
2020-07-22,AAPL,0.33192694723286403
2020-07-23,AAPL,0.3116237310423511
2020-07-24,AAPL,0.3025802792690544
2020-07-27,AAPL,0.30917839913272277
2020-07-28,AAPL,0.307755337135118
2020-07-29,AAPL,0.3107934139256639
2020-07-30,AAPL,0.31150290315556806
2020-07-31,AAPL,0.31809372835876887
2020-08-03,AAPL,0.33871568923727147
2020-08-04,AAPL,0.34852009506424125
2020-08-05,AAPL,0.351842134159677
2020-08-06,AAPL,0.33985700140629255
2020-08-07,AAPL,0.3259658428512542
2020-08-10,AAPL,0.32648763902707134
2020-08-11,AAPL,0.3191545299634113
2020-08-12,AAPL,0.3274126562411809
2020-08-13,AAPL,0.3272945097728874
2020-08-14,AAPL,0.350172898030859
2020-08-17,AAPL,0.3562737223227339
2020-08-18,AAPL,0.35872188621151063
2020-08-19,AAPL,0.3523613529278172
2020-08-20,AAPL,0.34982654767401633
2020-08-21,AAPL,0.339360140876112
2020-08-24,AAPL,0.34810751003627255
2020-08-25,AAPL,0.3450677726316929
2020-08-26,AAPL,0.3492986069605815
2020-08-27,AAPL,0.35171807443864606
2020-08-28,AAPL,0.3378157373563831
2020-08-31,AAPL,0.34385827413803355
2020-09-01,AAPL,0.3552110043198378
2020-09-02,AAPL,0.3479676140814238
2020-09-03,AAPL,0.33067579632107535
2020-09-04,AAPL,0.3285904967562627
2020-09-08,AAPL,0.324084467402834
2020-09-09,AAPL,0.319550643167669
2020-09-10,AAPL,0.32297500456838507
2020-09-11,AAPL,0.31679067235542774
2020-09-14,AAPL,0.318500187947577
2020-09-15,AAPL,0.3313315176724395
2020-09-16,AAPL,0.3308862576190372
2020-09-17,AAPL,0.32520204734332514
2020-09-18,AAPL,0.30660031978478947
2020-09-21,AAPL,0.3044799582937642
2020-09-22,AAPL,0.29359076735705436
2020-09-23,AAPL,0.30217370573345476
2020-09-24,AAPL,0.2973767995192029
2020-09-25,AAPL,0.30189786617740483
2020-09-28,AAPL,0.3155065053766501
2020-09-29,AAPL,0.3121211024352158
2020-09-30,AAPL,0.31201757739181213
2020-10-01,AAPL,0.312598114234932
2020-10-02,AAPL,0.29373871045699695
2020-10-05,AAPL,0.2977031103701516
2020-10-06,AAPL,0.29856516307802955
2020-10-07,AAPL,0.29347283788408657
2020-10-08,AAPL,0.29868582689371986
2020-10-09,AAPL,0.30336569574146227
2020-10-12,AAPL,0.3047186017619301
2020-10-13,AAPL,0.3122901673951204
2020-10-14,AAPL,0.31547797366322
2020-10-15,AAPL,0.3146168046327512
2020-10-16,AAPL,0.3009051588323831
2020-10-19,AAPL,0.2966667310612825
2020-10-20,AAPL,0.2908526466417053
2020-10-21,AAPL,0.29448956493031064
2020-10-22,AAPL,0.2952882777917424
2020-10-23,AAPL,0.2941576161862257
2020-10-26,AAPL,0.3068682488724451
2020-10-27,AAPL,0.3031672896397362
2020-10-28,AAPL,0.2953354341857263
2020-10-29,AAPL,0.2954379208102753
2020-10-30,AAPL,0.2789949190235168
2020-11-02,AAPL,0.27621800266792534
2020-11-03,AAPL,0.2808569100866051
2020-11-04,AAPL,0.29185859953087795
2020-11-05,AAPL,0.3002113412255027
2020-11-06,AAPL,0.31153032292898997
2020-11-09,AAPL,0.30423115616078733
2020-11-10,AAPL,0.30452441797058477
2020-11-11,AAPL,0.3008633388377727
2020-11-12,AAPL,0.3088014305866518
2020-11-13,AAPL,0.3001182137277759
2020-11-16,AAPL,0.30035067662220466
2020-11-17,AAPL,0.309564955782196
2020-11-18,AAPL,0.3056024630151424
2020-11-19,AAPL,0.32086225968816884
2020-11-20,AAPL,0.31710636006362763
2020-11-23,AAPL,0.2990367785023131
2020-11-24,AAPL,0.2930146442753229
2020-11-25,AAPL,0.29536228214361077
2020-11-27,AAPL,0.2988738641828264
2020-11-30,AAPL,0.29641611364806647
2020-12-01,AAPL,0.31300833883845375
2020-12-02,AAPL,0.3128635640426004
2020-12-03,AAPL,0.31060589660340754
2020-12-04,AAPL,0.30824145705992984
2020-12-07,AAPL,0.30359026251403054
2020-12-08,AAPL,0.29950159199121484
2020-12-09,AAPL,0.2957278553182238
2020-12-10,AAPL,0.2996827649040849
2020-12-11,AAPL,0.3023724437776281
2020-12-14,AAPL,0.3105483163458508
2020-12-15,AAPL,0.3136063105600971
2020-12-16,AAPL,0.32640276604279966
2020-12-17,AAPL,0.32538674741183454
2020-12-18,AAPL,0.30861301480372083
2020-12-21,AAPL,0.3142268590229577
2020-12-22,AAPL,0.3126261785834377
2020-12-23,AAPL,0.3171533124263138
2020-12-24,AAPL,0.32324875050452284
2020-12-28,AAPL,0.32212655840286125
2020-12-29,AAPL,0.3197713649833827
2020-12-30,AAPL,0.3274510627441648
2020-12-31,AAPL,0.3226558855920933
2021-01-04,AAPL,0.317498695334816
2021-01-05,AAPL,0.3161405098244031
2021-01-06,AAPL,0.3019171669302516
2021-01-07,AAPL,0.31244320222143884
2021-01-08,AAPL,0.31682663078765405
2021-01-11,AAPL,0.31883780593469335
2021-01-12,AAPL,0.3176315042918695
2021-01-13,AAPL,0.31574124477570353
2021-01-14,AAPL,0.3109285302079776
2021-01-15,AAPL,0.3018820573639333
2021-01-19,AAPL,0.29362413835098394
2021-01-20,AAPL,0.3028368613313767
2021-01-21,AAPL,0.3075755504025475
2021-01-22,AAPL,0.32204339195516646
2021-01-25,AAPL,0.3304991325934583
2021-01-26,AAPL,0.3338219678727473
2021-01-27,AAPL,0.33052790832399925
2021-01-28,AAPL,0.31707566580922686
2021-01-29,AAPL,0.2998584501092226
2021-02-01,AAPL,0.30232820579202396
2021-02-02,AAPL,0.3071252637715808
2021-02-03,AAPL,0.30884065487231194
2021-02-04,AAPL,0.3210351709790692
2021-02-05,AAPL,0.3300323854465501
2021-02-08,AAPL,0.33127545419555743
2021-02-09,AAPL,0.32409603737468
2021-02-10,AAPL,0.31468002759174746
2021-02-11,AAPL,0.30340189184834143
2021-02-12,AAPL,0.29008077468184645
2021-02-16,AAPL,0.2873393505008684
2021-02-17,AAPL,0.2833561787339805
2021-02-18,AAPL,0.28262598776908743
2021-02-19,AAPL,0.2913457329547418
2021-02-22,AAPL,0.2779412411968237
2021-02-23,AAPL,0.26915676541844746
2021-02-24,AAPL,0.2748724778236724
2021-02-25,AAPL,0.25843117293666723
2021-02-26,AAPL,0.2545617368761027
2021-03-01,AAPL,0.2800888687634482
2021-03-02,AAPL,0.2848840717601331
2021-03-03,AAPL,0.27818121960934655
2021-03-04,AAPL,0.27097578146263357
2021-03-05,AAPL,0.2743609806159223
2021-03-08,AAPL,0.26874556643307146
2021-03-09,AAPL,0.27626467412288275
2021-03-10,AAPL,0.28451162199861546
2021-03-11,AAPL,0.283900916344793
2021-03-12,AAPL,0.2893555174916008
2021-03-15,AAPL,0.3014835018526856
2021-03-16,AAPL,0.29961884055102544
2021-03-17,AAPL,0.3018161109313924
2021-03-18,AAPL,0.29301466862511893
2021-03-19,AAPL,0.2783434218559821
2021-03-22,AAPL,0.28246081333895323
2021-03-23,AAPL,0.29397347608192753
2021-03-24,AAPL,0.29184166764265046
2021-03-25,AAPL,0.2919167704768028
2021-03-26,AAPL,0.2985689149072315
2021-03-29,AAPL,0.29459001579700383
2021-03-30,AAPL,0.29598644493277754
2021-03-31,AAPL,0.29342045865165073
2021-04-01,AAPL,0.29687510808330264
2021-04-05,AAPL,0.29601102464682194
2021-04-06,AAPL,0.30115236631666253
2021-04-07,AAPL,0.30472546416543334
2021-04-08,AAPL,0.3134070972033758
2021-04-09,AAPL,0.3188360021794711
2021-04-12,AAPL,0.31429677027956887
2021-04-13,AAPL,0.31806679517922454
2021-04-14,AAPL,0.3181815618714589
2021-04-15,AAPL,0.3189164527539534
2021-04-16,AAPL,0.3191745137669711
2021-04-19,AAPL,0.3223605556634957
2021-04-20,AAPL,0.320463881164444
2021-04-21,AAPL,0.3232655056739517
2021-04-22,AAPL,0.31894914681314973
2021-04-23,AAPL,0.3211676627511243
2021-04-26,AAPL,0.3224062593328027
2021-04-27,AAPL,0.32428909995785515
2021-04-28,AAPL,0.3110523236086676
2021-04-29,AAPL,0.30458287362582215
2021-04-30,AAPL,0.30640696940683604
2021-05-03,AAPL,0.304094260863091
2021-05-04,AAPL,0.2931951119852695
2021-05-05,AAPL,0.2894890655050666
2021-05-06,AAPL,0.2938123300061788
2021-05-07,AAPL,0.2978684829408674
2021-05-10,AAPL,0.2941711905300747
2021-05-11,AAPL,0.2874071848804096
2021-05-12,AAPL,0.28547630563687565
2021-05-13,AAPL,0.28238975714005277
2021-05-14,AAPL,0.29004653524649676
2021-05-17,AAPL,0.2953206354861629
2021-05-18,AAPL,0.28998485920737077
2021-05-19,AAPL,0.287037218057796
2021-05-20,AAPL,0.29604892917377434
2021-05-21,AAPL,0.29352886672435075
2021-05-24,AAPL,0.29796297202228944
2021-05-25,AAPL,0.2977902222190726
2021-05-26,AAPL,0.2925544079275734
2021-05-27,AAPL,0.2865210469244647
2021-05-28,AAPL,0.2938595273874791
2021-06-01,AAPL,0.29158027725441665
2021-06-02,AAPL,0.2969799612699986
2021-06-03,AAPL,0.28771229415409544
2021-06-04,AAPL,0.29010071916035673
2021-06-07,AAPL,0.29338871737818834
2021-06-08,AAPL,0.30011002790205366
2021-06-09,AAPL,0.30302795156131757
2021-06-10,AAPL,0.29273860558723247
2021-06-11,AAPL,0.29837551556842656
2021-06-14,AAPL,0.29680160414662077
2021-06-15,AAPL,0.30122880789631795
2021-06-16,AAPL,0.2986286539754739
2021-06-17,AAPL,0.30463556732179975
2021-06-18,AAPL,0.3044677364506489
2021-06-21,AAPL,0.3091706693854956
2021-06-22,AAPL,0.3146267880702462
2021-06-23,AAPL,0.32172696251213523
2021-06-24,AAPL,0.3144568494619133
2021-06-25,AAPL,0.3145799251841424
2021-06-28,AAPL,0.3191440638540146
2021-06-29,AAPL,0.3201276459093989
2021-06-30,AAPL,0.32610354299869954
2021-07-01,AAPL,0.32906439283074673
2021-07-02,AAPL,0.32400609482637766
2021-07-06,AAPL,0.3292845938421415
2021-07-07,AAPL,0.3345067142845242
2021-07-08,AAPL,0.3304828051377339
2021-07-09,AAPL,0.3351493488400043
2021-07-12,AAPL,0.33402992533153
2021-07-13,AAPL,0.33048413305551244
2021-07-14,AAPL,0.33308666402129605
2021-07-15,AAPL,0.33819332536549923
2021-07-16,AAPL,0.33269768260976673
2021-07-19,AAPL,0.3199036410230115
2021-07-20,AAPL,0.3239052293168936
2021-07-21,AAPL,0.32782296506382763
2021-07-22,AAPL,0.3265832072649485
2021-07-23,AAPL,0.33005397700311956
2021-07-26,AAPL,0.33024640676591205
2021-07-27,AAPL,0.3184676864992775
2021-07-28,AAPL,0.31713762641754906
2021-07-29,AAPL,0.31845252159269405
2021-07-30,AAPL,0.31514016807787854
2021-08-02,AAPL,0.3084167334864709
2021-08-03,AAPL,0.30933876143992023
2021-08-04,AAPL,0.3110357831888513
2021-08-05,AAPL,0.31516173978188156
2021-08-06,AAPL,0.3206362033434781
2021-08-09,AAPL,0.3115959100666343
2021-08-10,AAPL,0.3059781373538122
2021-08-11,AAPL,0.30173983798802373
2021-08-12,AAPL,0.30355132275347896
2021-08-13,AAPL,0.30689963060877307
2021-08-16,AAPL,0.3120234027920504
2021-08-17,AAPL,0.31910137349601553
2021-08-18,AAPL,0.3038871704003415
2021-08-19,AAPL,0.2992265931727726
2021-08-20,AAPL,0.30554490298069287
2021-08-23,AAPL,0.3049439075301708
2021-08-24,AAPL,0.3077283663912882
2021-08-25,AAPL,0.3038656176430202
2021-08-26,AAPL,0.30655857740312975
2021-08-27,AAPL,0.306067142111127
2021-08-30,AAPL,0.31150894893965747
2021-08-31,AAPL,0.3116911725168188
2021-09-01,AAPL,0.30514721077158175
2021-09-02,AAPL,0.3091016382699712
2021-09-03,AAPL,0.30988779045971293
2021-09-07,AAPL,0.3114403391477258
2021-09-08,AAPL,0.31915525503163894
2021-09-09,AAPL,0.3144601902664586
2021-09-10,AAPL,0.28981765083382616
2021-09-13,AAPL,0.2901163842223853
2021-09-14,AAPL,0.29096842208358537
2021-09-15,AAPL,0.2957198029422373
2021-09-16,AAPL,0.2999776667019826
2021-09-17,AAPL,0.29004039409681676
2021-09-20,AAPL,0.2778150239946291
2021-09-21,AAPL,0.2855499335889086
2021-09-22,AAPL,0.28837412187526745
2021-09-23,AAPL,0.2909892441599507
2021-09-24,AAPL,0.2890856167802364
2021-09-27,AAPL,0.28254756934375214
2021-09-28,AAPL,0.27418579710316093
2021-09-29,AAPL,0.2776621517591914
2021-09-30,AAPL,0.2787799724868792
2021-10-01,AAPL,0.27665595501194107
2021-10-04,AAPL,0.27356178131203635
2021-10-05,AAPL,0.27704391296556
2021-10-06,AAPL,0.2831391670312943
2021-10-07,AAPL,0.29335034249346414
2021-10-08,AAPL,0.2971866353489699
2021-10-11,AAPL,0.29581766290266875
2021-10-12,AAPL,0.28360197033854795
2021-10-13,AAPL,0.2796589317831649
2021-10-14,AAPL,0.28490386431969894
2021-10-15,AAPL,0.29266774491852693
2021-10-18,AAPL,0.2968126242920382
2021-10-19,AAPL,0.30424007156970195
2021-10-20,AAPL,0.3128399615884993
2021-10-21,AAPL,0.3111224032444872
2021-10-22,AAPL,0.31802156451924535
2021-10-25,AAPL,0.31481398255186954
2021-10-26,AAPL,0.3099387154542195
2021-10-27,AAPL,0.30632224656519036
2021-10-28,AAPL,0.30963154229295187
2021-10-29,AAPL,0.30355910159818456
2021-11-01,AAPL,0.31000993154713224
2021-11-02,AAPL,0.3145756935697588
2021-11-03,AAPL,0.3166882013777463
2021-11-04,AAPL,0.31246393025079977
2021-11-05,AAPL,0.30941132693402074
2021-11-08,AAPL,0.3045125950424047
2021-11-09,AAPL,0.3032011035281683
2021-11-10,AAPL,0.29404131227728675
2021-11-11,AAPL,0.2997513278846161
2021-11-12,AAPL,0.29871932656805766
2021-11-15,AAPL,0.2994959679015415
2021-11-16,AAPL,0.30335923603698967
2021-11-17,AAPL,0.3013477152084902
2021-11-18,AAPL,0.31116173896539634
2021-11-19,AAPL,0.3232825277713524
2021-11-22,AAPL,0.32492657980333395
2021-11-23,AAPL,0.32700419401427744
2021-11-24,AAPL,0.3281676557983755
2021-11-26,AAPL,0.3120933959864979
2021-11-29,AAPL,0.3127484155035675
2021-11-30,AAPL,0.31023566018854853
2021-12-01,AAPL,0.3227031800529836
2021-12-02,AAPL,0.32531344600082224
2021-12-03,AAPL,0.32838891170593465
2021-12-06,AAPL,0.33235283915753633
2021-12-07,AAPL,0.3364262085354499
2021-12-08,AAPL,0.34329539775390505
2021-12-09,AAPL,0.34335619454863797
2021-12-10,AAPL,0.33929394326682194
2021-12-13,AAPL,0.3344877809622562
2021-12-14,AAPL,0.3323828684675431
2021-12-15,AAPL,0.33315842924712763
2021-12-16,AAPL,0.33115454559319096
2021-12-17,AAPL,0.3141347183667108
2021-12-20,AAPL,0.3187718019736191
2021-12-21,AAPL,0.3268871779000567
2021-12-22,AAPL,0.3321689077333993
2021-12-23,AAPL,0.33938332571443797
2021-12-27,AAPL,0.3435944198476191
2021-12-28,AAPL,0.33670679414381494
2021-12-29,AAPL,0.3294510916175873
2021-12-30,AAPL,0.3304292912778039
2021-12-31,AAPL,0.3156318438333208
2022-01-03,AAPL,0.33790613016598986
2022-01-04,AAPL,0.3461048000201132
2022-01-05,AAPL,0.2921528133924863
2022-01-06,AAPL,0.22978605918918432
2022-01-07,AAPL,0.15746756411075385
2022-01-10,AAPL,0.1933064200778178
2022-01-11,AAPL,0.22219035782016086
2022-01-12,AAPL,0.207860891632359
2022-01-13,AAPL,0.1745883660839553
2022-01-14,AAPL,0.20829627032427986
2022-01-18,AAPL,0.16842710649648246
2022-01-19,AAPL,0.18993737720961126
2022-01-20,AAPL,0.22606110313504243
2022-01-21,AAPL,0.19958805062468857
2022-01-24,AAPL,0.1883200785769103
2022-01-25,AAPL,0.5911661516020401
2022-01-26,AAPL,0.4992829922850645
2022-01-27,AAPL,0.47870264016330966
2022-01-28,AAPL,0.33753851734003865
2022-01-31,AAPL,0.3170704417327743
2022-02-01,AAPL,0.31147157000033
2022-02-02,AAPL,0.31412379029548215
2022-02-03,AAPL,0.3029953557900307
2022-02-04,AAPL,0.3085566117480581
2022-02-07,AAPL,0.30153116061691765
2022-02-08,AAPL,0.34573244846527074
2022-02-09,AAPL,0.301894691676172
2022-02-10,AAPL,0.3250857047333443
2022-02-11,AAPL,0.33101554079305634
2022-02-14,AAPL,0.33003180431403445
2022-02-15,AAPL,0.3326628524106909
2022-02-16,AAPL,0.35130435413553895
2022-02-17,AAPL,0.26442733950355285
2022-02-18,AAPL,0.25043795977177674
2022-02-22,AAPL,0.2430008935318626
2022-02-23,AAPL,0.19327732621339144
2022-02-24,AAPL,0.21463380899494525
2022-02-25,AAPL,0.2659215077971024
2022-02-28,AAPL,0.3345514812300206
2022-03-01,AAPL,0.3862987531117264
2022-03-02,AAPL,0.3308373587820809
2022-03-03,AAPL,0.4045238192282973
2022-03-04,AAPL,0.3516842538545408
2022-03-07,AAPL,0.32248004646706585
2022-03-08,AAPL,0.23456204125739225
2022-03-09,AAPL,0.2505241710559628
2022-03-10,AAPL,0.25953147451059994
2022-03-11,AAPL,0.25236914372761965
2022-03-14,AAPL,0.24929070125077835
2022-03-15,AAPL,0.21216989616978266
2022-03-16,AAPL,0.31331435439619354
2022-03-17,AAPL,0.35039066750001097
2022-03-18,AAPL,0.3410277958064733
2022-03-21,AAPL,0.31876575890771547
2022-03-22,AAPL,0.28403440437767163
2022-03-23,AAPL,0.298469572158111
2022-03-24,AAPL,0.3040544376264624
2022-03-25,AAPL,0.29345396836296656
2022-03-28,AAPL,0.19868833222707594
2022-03-29,AAPL,0.22646104466387354
2022-03-30,AAPL,0.3041750223590638
2022-03-31,AAPL,0.2795406093287971
2022-04-01,AAPL,0.24389924636726368
2022-04-04,AAPL,0.23166403421421358
2022-04-05,AAPL,0.23443316053921195
2022-04-06,AAPL,0.2878010164056667
2022-04-07,AAPL,0.252527000905771
2022-04-08,AAPL,0.252527000905771
2022-04-11,AAPL,0.15166286065825701
2022-04-12,AAPL,0.1583754977982632
2022-04-13,AAPL,0.18087866425615706
2022-04-14,AAPL,0.20095942507343934
2022-04-18,AAPL,0.21731850379330006
2022-04-19,AAPL,0.1802464493527411
2022-04-20,AAPL,0.249084128107697
2022-04-21,AAPL,0.24224958325756465
2022-04-22,AAPL,0.2136029878673865
2022-04-25,AAPL,0.17797032889835654
2022-04-26,AAPL,0.17410671748777792
2022-04-27,AAPL,0.20605707909694404
2022-04-28,AAPL,0.2771232873015669
2022-04-29,AAPL,0.28041052593888177
2022-05-02,AAPL,0.2727779692725432
2022-05-03,AAPL,0.3121342828337388
2022-05-04,AAPL,0.3488817590621641
2022-05-05,AAPL,0.30540775477641646
2022-05-06,AAPL,0.31003893545874395
2022-05-09,AAPL,0.27967550053850754
2022-05-10,AAPL,0.30821034084819315
2022-05-11,AAPL,0.25930974907753795
2022-05-12,AAPL,0.25312482656142743
2022-05-13,AAPL,0.16195431498292362
2022-05-16,AAPL,0.26114750540873277
2022-05-17,AAPL,0.21630494222422622
2022-05-18,AAPL,0.24219560585700756
2022-05-19,AAPL,0.22505018634311544
2022-05-20,AAPL,0.22981224524112484
2022-05-23,AAPL,0.20874197101316247
2022-05-24,AAPL,0.24859777409509645
2022-05-25,AAPL,0.2684005626174083
2022-05-26,AAPL,0.22424987477411745
2022-05-27,AAPL,0.2916803919035568
2022-05-31,AAPL,0.33976863117678496
2022-06-01,AAPL,0.3521622788070617
2022-06-02,AAPL,0.2719748462259469
2022-06-03,AAPL,0.3285636373402293
2022-06-06,AAPL,0.3343580418610906
2022-06-07,AAPL,0.3322032114798847
2022-06-08,AAPL,0.35881557957382415
2022-06-09,AAPL,0.3480999970448025
2022-06-10,AAPL,0.2613894991918016
2022-06-13,AAPL,0.2753652832257747
2022-06-14,AAPL,0.3052810475686507
2022-06-15,AAPL,0.20581691502940816
2022-06-16,AAPL,0.29035421050365473
2022-06-17,AAPL,0.2687072732965356
2022-06-21,AAPL,0.23049313740776198
2022-06-22,AAPL,0.292598857102411
2022-06-23,AAPL,0.2288645654265459
2022-06-24,AAPL,0.33221346323301687
2022-06-27,AAPL,0.34110425318856324
2022-06-28,AAPL,0.3088733004946223
2022-06-29,AAPL,0.2978114428573014
2022-06-30,AAPL,0.34665583792060095
2022-07-01,AAPL,0.3045937212028331
2022-07-05,AAPL,0.3322993236257824
2022-07-06,AAPL,0.37118033882725976
2022-07-07,AAPL,0.34049827942828587
2022-07-08,AAPL,0.3288438083806984
2022-07-11,AAPL,0.3295279347228682
2022-07-12,AAPL,0.3831158139236956
2022-07-13,AAPL,0.3635191585098387
2022-07-14,AAPL,0.35134327538250903
2022-07-15,AAPL,0.3581584133008135
2022-07-18,AAPL,0.440437938274273
2022-07-19,AAPL,0.30398960304720407
2022-07-20,AAPL,0.3579269678632299
2022-07-21,AAPL,0.2920277177938421
2022-07-22,AAPL,0.3695959088565307
2022-07-25,AAPL,0.3646608065747224
2022-07-26,AAPL,0.3679825863245014
2022-07-27,AAPL,0.3527956187516452
2022-07-28,AAPL,0.42099693608209804
2022-07-29,AAPL,0.31688946775891835
2022-08-01,AAPL,0.34908499770463836
2022-08-02,AAPL,0.40169335193885847
2022-08-03,AAPL,0.26401485510147377
2022-08-04,AAPL,0.3212493361834387
2022-08-05,AAPL,0.26735076683449993
2022-08-08,AAPL,0.28466998596298576
2022-08-09,AAPL,0.277197558550519
2022-08-10,AAPL,0.23339636538194633
2022-08-11,AAPL,0.2838191950851141
2022-08-12,AAPL,0.2438030992206086
2022-08-15,AAPL,0.2584358755385697
2022-08-16,AAPL,0.23453951360828934
2022-08-17,AAPL,0.24248956776404965
2022-08-18,AAPL,0.2309970658171874
2022-08-19,AAPL,0.21331828096371222
2022-08-22,AAPL,0.23449439626364835
2022-08-23,AAPL,0.20339014734221
2022-08-24,AAPL,0.22296503737872672
2022-08-25,AAPL,0.32048591772573287
2022-08-26,AAPL,0.14127925160917285
2022-08-29,AAPL,0.12969346601751122
2022-08-30,AAPL,0.16523405234934124
2022-08-31,AAPL,0.1670632993766953
2022-09-01,AAPL,0.12357327349761295
2022-09-02,AAPL,0.15018945299353276
2022-09-06,AAPL,0.1465406955126092
2022-09-07,AAPL,0.14636812170820304
2022-09-08,AAPL,0.12758822065861317
2022-09-09,AAPL,0.17598728044963372
2022-09-12,AAPL,0.31323220667081786
2022-09-13,AAPL,0.23057662115225294
2022-09-14,AAPL,0.31548005646311134
2022-09-15,AAPL,0.26871545822909015
2022-09-16,AAPL,0.2823217721942237
2022-09-19,AAPL,0.2963907203505968
2022-09-20,AAPL,0.3344539801213812
2022-09-21,AAPL,0.3333293623551766
2022-09-22,AAPL,0.35108498624654727
2022-09-23,AAPL,0.2914337501497932
2022-09-26,AAPL,0.26317989033654604
2022-09-27,AAPL,0.3584427236771191
2022-09-28,AAPL,0.2906871639343428
2022-09-29,AAPL,0.30949237052754847
2022-09-30,AAPL,0.200017633119036
2022-10-03,AAPL,0.2586484885903525
2022-10-04,AAPL,0.2547572994837634
2022-10-05,AAPL,0.3205016832621276
2022-10-06,AAPL,0.3240984521602761
2022-10-07,AAPL,0.27753765543567505
2022-10-10,AAPL,0.2871125619131465
2022-10-11,AAPL,0.2568883583652103
2022-10-12,AAPL,0.230988213018178
2022-10-13,AAPL,0.3450666842517557
2022-10-14,AAPL,0.27847399731198874
2022-10-17,AAPL,0.3161444336966754
2022-10-18,AAPL,0.36169749786622124
2022-10-19,AAPL,0.363980779044567
2022-10-20,AAPL,0.334540846393881
2022-10-21,AAPL,0.3501303628432194
2022-10-24,AAPL,0.3320255496673795
2022-10-25,AAPL,0.3259606889321081
2022-10-26,AAPL,0.3473959118786235
2022-10-27,AAPL,0.3492881163126908
2022-10-28,AAPL,0.2937907519754874
2022-10-31,AAPL,0.3695458765608464
2022-11-01,AAPL,0.35551979382412285
2022-11-02,AAPL,0.3561675629499162
2022-11-03,AAPL,0.2964791350167193
2022-11-04,AAPL,0.28948706363852833
2022-11-07,AAPL,0.2962390398758691
2022-11-08,AAPL,0.29224454513540843
2022-11-09,AAPL,0.26403940659520825
2022-11-10,AAPL,0.38803871078019764
2022-11-11,AAPL,0.42495173136432485
2022-11-14,AAPL,0.4254941225776865
2022-11-15,AAPL,0.4325836332094635
2022-11-16,AAPL,0.39071517784242743
2022-11-17,AAPL,0.3569379178081318
2022-11-18,AAPL,0.36526845887816844
2022-11-21,AAPL,0.38634910367352265
2022-11-22,AAPL,0.36362467070546195
2022-11-23,AAPL,0.34174371081061
2022-11-25,AAPL,0.38287291966234727
2022-11-28,AAPL,0.33881895976922216
2022-11-29,AAPL,0.29625219122624974
2022-11-30,AAPL,0.3253101163229203
2022-12-01,AAPL,0.3544154577624272
2022-12-02,AAPL,0.36927475388272896
2022-12-05,AAPL,0.38358678054460454
2022-12-06,AAPL,0.34366393601258016
2022-12-07,AAPL,0.2557294467056826
2022-12-08,AAPL,0.3021234198526152
2022-12-09,AAPL,0.2847170086321373
2022-12-12,AAPL,0.3363736881310055
2022-12-13,AAPL,0.34686633392235566
2022-12-14,AAPL,0.34431770388805066
2022-12-15,AAPL,0.27773529033347016
2022-12-16,AAPL,0.24639851318654915
2022-12-19,AAPL,0.2616193339794245
2022-12-20,AAPL,0.14898631307110433
2022-12-21,AAPL,0.22149155767007916
2022-12-22,AAPL,0.21029728576326556
2022-12-23,AAPL,0.24166988962983071
2022-12-27,AAPL,0.19378513802852615
2022-12-28,AAPL,0.20387604705270237
2022-12-29,AAPL,0.18462498778962444
2022-12-30,AAPL,0.24758144012052813
2023-01-03,AAPL,0.24276214373013044
2023-01-04,AAPL,0.23453500743604486
2023-01-05,AAPL,0.24367089411231843
2023-01-06,AAPL,0.25253288011084896
2023-01-09,AAPL,0.34876866239771953
2023-01-10,AAPL,0.34707135203746714
2023-01-11,AAPL,0.2838579709620559
2023-01-12,AAPL,0.31391859862567506
2023-01-13,AAPL,0.3357364077224616
2023-01-17,AAPL,0.3561633992058101
2023-01-18,AAPL,0.3503898824742632
2023-01-19,AAPL,0.35588559778929035
2023-01-20,AAPL,0.29863772602255684
2023-01-23,AAPL,0.3181482405674456
2023-01-24,AAPL,0.32116190800028704
2023-01-25,AAPL,0.34344052652578794
2023-01-26,AAPL,0.2613155313176994
2023-01-27,AAPL,0.2557755678686896
2023-01-30,AAPL,0.35833839315931565
2023-01-31,AAPL,0.27572484774807565
2023-02-01,AAPL,0.5300098643982158
2023-02-02,AAPL,0.3399318232417595
2023-02-03,AAPL,0.3078528055409082
2023-02-06,AAPL,0.4204717771546684
2023-02-07,AAPL,0.33767376636820023
2023-02-08,AAPL,0.3893818772028262
2023-02-09,AAPL,0.43130101678712174
2023-02-10,AAPL,0.35437804158659003
2023-02-13,AAPL,0.32552726651302627
2023-02-14,AAPL,0.3359794715965127
2023-02-15,AAPL,0.3316559458729976
2023-02-16,AAPL,0.34041961626942174
2023-02-17,AAPL,0.36744932260575053
2023-02-21,AAPL,0.41494350797187196
2023-02-22,AAPL,0.37710071287570657
2023-02-23,AAPL,0.3686303262558479
2023-02-24,AAPL,0.18440198530751994
2023-02-27,AAPL,0.19354656773788514
2023-02-28,AAPL,0.14769770867862073
2023-03-01,AAPL,0.1424317198753408
2023-03-02,AAPL,0.1235347050966876
2023-03-03,AAPL,0.28896143340709524
2023-03-06,AAPL,0.28605932240460097
2023-03-07,AAPL,0.25343072415106227
2023-03-08,AAPL,0.24462839459873542
2023-03-09,AAPL,0.26336137518343605
2023-03-10,AAPL,0.2152775579377468
2023-03-13,AAPL,0.22976685032804658
2023-03-14,AAPL,0.25368625510103754
2023-03-15,AAPL,0.250567440761667
2023-03-16,AAPL,0.3170579948112745
2023-03-17,AAPL,0.29430465050319
2023-03-20,AAPL,0.32323095772505656
2023-03-21,AAPL,0.33887710418786177
2023-03-22,AAPL,0.35387635630345254
2023-03-23,AAPL,0.35480477559928136
2023-03-24,AAPL,0.23731703618851904
2023-03-27,AAPL,0.2556296800745647
2023-03-28,AAPL,0.23142527573871038
2023-03-29,AAPL,0.24545022750069892
2023-03-30,AAPL,0.25176687397379854
2023-03-31,AAPL,0.24458376726196576
2023-04-03,AAPL,0.2405311181448716
2023-04-04,AAPL,0.2522960911707837
2023-04-05,AAPL,0.28633387790128595
2023-04-06,AAPL,0.2539410805683477
2023-04-10,AAPL,0.24243394208728333
2023-04-11,AAPL,0.1487236408046639
2023-04-12,AAPL,0.15173552550758312
2023-04-13,AAPL,0.23111058010602248
2023-04-14,AAPL,0.2267686317892004
2023-04-17,AAPL,0.23808161054601887
2023-04-18,AAPL,0.27254104830949344
2023-04-19,AAPL,0.23308834694036912
2023-04-20,AAPL,0.24867029935268462
2023-04-21,AAPL,0.25848898089734923
2023-04-24,AAPL,0.26105156313081423
2023-04-25,AAPL,0.22196372203328293
2023-04-26,AAPL,0.22514369410446125
2023-04-27,AAPL,0.22646120464715397
2023-04-28,AAPL,0.26292646353963756
2023-05-01,AAPL,0.2696594999551039
2023-05-02,AAPL,0.2634839993953167
2023-05-03,AAPL,0.1790469498580158
2023-05-04,AAPL,0.2631935728654037
2023-05-05,AAPL,0.26517182324100036
2023-05-08,AAPL,0.2678109929807273
2023-05-09,AAPL,0.22794868282118244
2023-05-10,AAPL,0.22159619150418403
2023-05-11,AAPL,0.20903984557704555
2023-05-12,AAPL,0.22090361619391638
2023-05-15,AAPL,0.21783410138218368
2023-05-16,AAPL,0.2267686317892004
2023-05-17,AAPL,0.22090361619391638
2023-05-18,AAPL,0.20888595248277012
2023-05-19,AAPL,0.18924108562838612
2023-05-22,AAPL,0.18561782152103798
2023-05-23,AAPL,0.253339295069686
2023-05-24,AAPL,0.253339295069686
2023-05-25,AAPL,0.16623983037502355
2023-05-26,AAPL,0.11975378790727707
2023-05-30,AAPL,0.12134961108835188
2023-05-31,AAPL,0.11368426279760087
2023-06-01,AAPL,0.12148411778051295
2023-06-02,AAPL,0.12466144819683667
2023-06-05,AAPL,0.13806626383997375
2023-06-06,AAPL,0.21674310379229417
2023-06-07,AAPL,0.16497440462884236
2023-06-08,AAPL,0.2165347930812846
2023-06-09,AAPL,0.21898058327581021
2023-06-12,AAPL,0.2593028880612658
2023-06-13,AAPL,0.2326414636974505
2023-06-14,AAPL,0.22433316209537377
2023-06-15,AAPL,0.27283443352123915
2023-06-16,AAPL,0.21697563853720925
2023-06-20,AAPL,0.18688964296501306
2023-06-21,AAPL,0.18587097485459378
2023-06-22,AAPL,0.12837231946037275
2023-06-23,AAPL,0.18688964296501306
2023-06-26,AAPL,0.18587097485459378
2023-06-27,AAPL,0.18471750589058367
2023-06-28,AAPL,0.18114383647934923
2023-06-29,AAPL,0.1783349832944407
2023-06-30,AAPL,0.21583142796587645
2023-07-03,AAPL,0.24632084015611497
2023-07-05,AAPL,0.1786971582065392
2023-07-06,AAPL,0.1786971582065392
2023-07-07,AAPL,0.1786971582065392
2023-07-10,AAPL,0.12141415033995825
2023-07-11,AAPL,0.1711042338996381
2023-07-12,AAPL,0.20725592708910806
2023-07-13,AAPL,0.18028772335627513
2023-07-14,AAPL,0.18718300034251376
2023-07-17,AAPL,0.17578019285590227
2023-07-18,AAPL,0.18110002808804812
2023-07-19,AAPL,0.1659990903796268
2023-07-20,AAPL,0.1887182430508832
2023-07-21,AAPL,0.17688618242445406
2023-07-24,AAPL,0.1711042338996381
2023-07-25,AAPL,0.18662901451222266
2023-07-26,AAPL,0.16757468952861349
2023-07-27,AAPL,0.1821369465027997
2023-07-28,AAPL,0.1789383012938461
2023-07-31,AAPL,0.09911425167584832
2023-08-01,AAPL,0.15304276389142973
2023-08-02,AAPL,0.19341411785333243
2023-08-03,AAPL,0.11973430102861977
2023-08-04,AAPL,0.10431937968944571
2023-08-07,AAPL,0.09838264822672078
2023-08-08,AAPL,0.06406255030424782
2023-08-09,AAPL,0.07158916195196877
2023-08-10,AAPL,0.07158916195196877
2023-08-11,AAPL,0.1001846326579159
2023-08-14,AAPL,0.07946224101386025
2023-08-15,AAPL,0.09832327297625382
2023-08-16,AAPL,0.09606648931572659
2023-08-17,AAPL,0.1905181230628368
2023-08-18,AAPL,0.11761087317225516
2023-08-21,AAPL,0.20186572965881616
2023-08-22,AAPL,0.11568261070268562
2023-08-23,AAPL,0.16371255802283205
2023-08-24,AAPL,0.1932888812876356
2023-08-25,AAPL,0.19952845732552582
2023-08-28,AAPL,0.22123970629601644
2023-08-29,AAPL,0.20891617321607223
2023-08-30,AAPL,0.26516928637538933
2023-08-31,AAPL,0.2379935743894579
2023-09-01,AAPL,0.24589919388469597
2023-09-05,AAPL,0.25234547660751155
2023-09-06,AAPL,0.20742123958747066
2023-09-07,AAPL,0.20927630358305177
2023-09-08,AAPL,0.20837683869262963
2023-09-11,AAPL,0.21824823714381236
2023-09-12,AAPL,0.27382858289193757
2023-09-13,AAPL,0.1943130586122251
2023-09-14,AAPL,0.132650761072909
2023-09-15,AAPL,0.13059708741603326
2023-09-18,AAPL,0.15057208867786456
2023-09-19,AAPL,0.1668218802983965
2023-09-20,AAPL,0.14735152269732907
2023-09-21,AAPL,0.1821588271444192
2023-09-22,AAPL,0.22358305956260224
2023-09-25,AAPL,0.26272512130588893
2023-09-26,AAPL,0.18448063150240337
2023-09-27,AAPL,0.13130669832935377
2023-09-28,AAPL,0.19352144742737773
2023-09-29,AAPL,0.19454704748018609
2023-10-02,AAPL,0.17354537144631976
2023-10-03,AAPL,0.15669942848737212
2023-10-04,AAPL,0.21485569759294426
2023-10-05,AAPL,0.28112499599065655
2023-10-06,AAPL,0.25703175285326524
2023-10-09,AAPL,0.26476719034823676
2023-10-10,AAPL,0.26474951580115724
2023-10-11,AAPL,0.2745611889870906
2023-10-12,AAPL,0.27012281366358176
2023-10-13,AAPL,0.2695929207515949
2023-10-16,AAPL,0.250740802011081
2023-10-17,AAPL,0.24239364517601533
2023-10-18,AAPL,0.2556603427394667
2023-10-19,AAPL,0.2857924803365234
2023-10-20,AAPL,0.240288944916431
2023-10-23,AAPL,0.21436232127330096
2023-10-24,AAPL,0.1673499831115381
2023-10-25,AAPL,0.11680697098195886
2023-10-26,AAPL,0.08099669561853219
2023-10-27,AAPL,0.08788562260936401
2023-10-30,AAPL,0.17817935251854394
2023-10-31,AAPL,0.1815684788040496
2023-11-01,AAPL,0.21181989345071525
2023-11-02,AAPL,0.22419593845031044
2023-11-03,AAPL,0.24845235318410885
2023-11-06,AAPL,0.2635667408759734
2023-11-07,AAPL,0.2557876480108109
2023-11-08,AAPL,0.2820769831523797
2023-11-09,AAPL,0.2915249271115331
2023-11-10,AAPL,0.33308611252761705
2023-11-13,AAPL,0.2545088106153147
2023-11-14,AAPL,0.24720732052210742
2023-11-15,AAPL,0.24053955949041433
2023-11-16,AAPL,0.2390027548637385
2023-11-17,AAPL,0.2966252946344632
2023-11-20,AAPL,0.2993487591477799
2023-11-21,AAPL,0.3742039072547249
2023-11-22,AAPL,0.34265312062441494
2023-11-24,AAPL,0.38920952539483333
2023-11-27,AAPL,0.32888079780816154
2023-11-28,AAPL,0.30376184034585074
2023-11-29,AAPL,0.29915942550642133
2023-11-30,AAPL,0.29915942550642133
2023-12-01,AAPL,0.37012914673823133
2023-12-04,AAPL,0.30689728913371384
2023-12-05,AAPL,0.32880193782243494
2023-12-06,AAPL,0.344142004724422
2023-12-07,AAPL,0.2871673575077282
2023-12-08,AAPL,0.28873288992106483
2023-12-11,AAPL,0.3113903558429296
2023-12-12,AAPL,0.32691369368948964
2023-12-13,AAPL,0.26095640969930445
2023-12-14,AAPL,0.29618383485441935
2023-12-15,AAPL,0.27276954865754327
2023-12-18,AAPL,0.2834487403663375
2023-12-19,AAPL,0.27861579635734707
2023-12-20,AAPL,0.27591295617391
2023-12-21,AAPL,0.2776438140461711
2023-12-22,AAPL,0.27849714673502834
2023-12-26,AAPL,0.26475179589399983
2023-12-27,AAPL,0.27286761895452527
2023-12-28,AAPL,0.2742898700136715
2023-12-29,AAPL,0.2595447751128833
2024-01-02,AAPL,0.2749447555357829
2024-01-03,AAPL,0.2684854347430359
2024-01-04,AAPL,0.2544213144441696
2024-01-05,AAPL,0.2521416812912783
2024-01-08,AAPL,0.26598719098358625
2024-01-09,AAPL,0.2748083087651381
2024-01-10,AAPL,0.27480210929955395
2024-01-11,AAPL,0.2777107179968572
2024-01-12,AAPL,0.2795012192506051
2024-01-16,AAPL,0.2709638811332038
2024-01-17,AAPL,0.2666539138421885
2024-01-18,AAPL,0.27214534841225946
2024-01-19,AAPL,0.27981344178566975
2024-01-22,AAPL,0.28669767223729836
2024-01-23,AAPL,0.3078798230673384
2024-01-24,AAPL,0.3082395939054986
2024-01-25,AAPL,0.3090637482372776
2024-01-26,AAPL,0.3053466449468143
2024-01-29,AAPL,0.2962104011365103
2024-01-30,AAPL,0.2852755129030822
2024-01-31,AAPL,0.27602449699793646
2024-02-01,AAPL,0.2823670451263802
2024-02-02,AAPL,0.2813166377360044
2024-02-05,AAPL,0.2936670629475657
2024-02-06,AAPL,0.30491834356144043
2024-02-07,AAPL,0.29825183033724145
2024-02-08,AAPL,0.29109288518005394
2024-02-09,AAPL,0.2850286726129312
2024-02-12,AAPL,0.2787784206474987
2024-02-13,AAPL,0.27019213172494577
2024-02-14,AAPL,0.2657358004917155
2024-02-15,AAPL,0.2665546241976436
2024-02-16,AAPL,0.26638139038253267
2024-02-20,AAPL,0.270027359620773
2024-02-21,AAPL,0.28182296966261855
2024-02-22,AAPL,0.2809039788873723
2024-02-23,AAPL,0.2800844853586246
2024-02-26,AAPL,0.27386826666555
2024-02-27,AAPL,0.27064100150652787
2024-02-28,AAPL,0.268667957191929
2024-02-29,AAPL,0.25465941514016366
2024-03-01,AAPL,0.26165375854298356
2024-03-04,AAPL,0.25780498529474877
2024-03-05,AAPL,0.25070736091196344
2024-03-06,AAPL,0.2531045271436355
2024-03-07,AAPL,0.254669827912027
2024-03-08,AAPL,0.2598229615214933
2024-03-11,AAPL,0.2708903869740613
2024-03-12,AAPL,0.2772725640402865
2024-03-13,AAPL,0.27238987935433784
2024-03-14,AAPL,0.27444366791863417
2024-03-15,AAPL,0.2689829178649303
2024-03-18,AAPL,0.269362022140683
2024-03-19,AAPL,0.2743419208107417
2024-03-20,AAPL,0.2823677615668492
2024-03-21,AAPL,0.27064335097633885
2024-03-22,AAPL,0.27839094750508947
2024-03-25,AAPL,0.28680689182286745
2024-03-26,AAPL,0.28416159958753257
2024-03-27,AAPL,0.2854979680331897
2024-03-28,AAPL,0.2887045926664575
2024-04-01,AAPL,0.2843254464783326
2024-04-02,AAPL,0.2831057988666071
2024-04-03,AAPL,0.2896189915697775
2024-04-04,AAPL,0.2855813332976117
2024-04-05,AAPL,0.2829963537584078
2024-04-08,AAPL,0.2820651247859853
2024-04-09,AAPL,0.2780341736062811
2024-04-10,AAPL,0.26933478626526514
2024-04-11,AAPL,0.2900416010206847
2024-04-12,AAPL,0.2924179891745337
2024-04-15,AAPL,0.2924913733527471
2024-04-16,AAPL,0.28554283871291647
2024-04-17,AAPL,0.2818587716469066
2024-04-18,AAPL,0.27717804743631363
2024-04-19,AAPL,0.2724001606193534
2024-04-22,AAPL,0.278471999433446
2024-04-23,AAPL,0.2832639508289141
2024-04-24,AAPL,0.28801373638000427
2024-04-25,AAPL,0.29692007295898865
2024-04-26,AAPL,0.3024656884604316
2024-04-29,AAPL,0.3000640955963706
2024-04-30,AAPL,0.2978639753258361
2024-05-01,AAPL,0.28345315546346844
2024-05-02,AAPL,0.27935363577022476
2024-05-03,AAPL,0.29218455828546197
2024-05-06,AAPL,0.3107269453022443
2024-05-07,AAPL,0.3164391924181727
2024-05-08,AAPL,0.3263888161416951
2024-05-09,AAPL,0.3273619950423427
2024-05-10,AAPL,0.31578949148546265
2024-05-13,AAPL,0.3196200339726451
2024-05-14,AAPL,0.3196203189376196
2024-05-15,AAPL,0.3170560064453227
2024-05-16,AAPL,0.32438967623136444
2024-05-17,AAPL,0.33433675619531006
2024-05-20,AAPL,0.3363059891199269
2024-05-21,AAPL,0.3392261232009922
2024-05-22,AAPL,0.3331428504389533
2024-05-23,AAPL,0.3085706093439895
2024-05-24,AAPL,0.31500168066055345
2024-05-28,AAPL,0.3147528578681545
2024-05-29,AAPL,0.3146132980613349
2024-05-30,AAPL,0.31693486501567925
2024-05-31,AAPL,0.3205510704977567
2024-06-03,AAPL,0.31711406086342364
2024-06-04,AAPL,0.3180411036933477
2024-06-05,AAPL,0.3162372099024917
2024-06-06,AAPL,0.3124264671244172
2024-06-07,AAPL,0.30831819156532786
2024-06-10,AAPL,0.2940424528163377
2024-06-11,AAPL,0.2994580876744222
2024-06-12,AAPL,0.3138313092441448
2024-06-13,AAPL,0.34038558470061053
2024-06-14,AAPL,0.33844945486903955
2024-06-17,AAPL,0.3409937942020691
2024-06-18,AAPL,0.33067508426485925
2024-06-20,AAPL,0.31875316963486316
2024-06-21,AAPL,0.29431013371507136
2024-06-24,AAPL,0.3139397849340122
2024-06-25,AAPL,0.31037158437174306
2024-06-26,AAPL,0.3260509633017564
2024-06-27,AAPL,0.33944321110410736
2024-06-28,AAPL,0.3322507436298629
2024-07-01,AAPL,0.33850470558747314
2024-07-02,AAPL,0.3374360635008848
2024-07-03,AAPL,0.3304726275120099
2024-07-05,AAPL,0.32623133275550165
2024-07-08,AAPL,0.33154737156136366
2024-07-09,AAPL,0.3256953112497876
2024-07-10,AAPL,0.3286806398862973
2024-07-11,AAPL,0.32697093104964375
2024-07-12,AAPL,0.326114357772666
2024-07-15,AAPL,0.3227919526310265
2024-07-16,AAPL,0.33108446790299656
2024-07-17,AAPL,0.31805263891267505
2024-07-18,AAPL,0.31173919803614825
2024-07-19,AAPL,0.31637853299056123
2024-07-22,AAPL,0.30875911348301094
2024-07-23,AAPL,0.30709653053671054
2024-07-24,AAPL,0.30183932797132734
2024-07-25,AAPL,0.2917995262965967
2024-07-26,AAPL,0.2929058142479263
2024-07-29,AAPL,0.2956874932925323
2024-07-30,AAPL,0.28782449186866105
2024-07-31,AAPL,0.2948144924471421
2024-08-01,AAPL,0.2834897078615489
2024-08-02,AAPL,0.270568674975647
2024-08-05,AAPL,0.2664647091753233
2024-08-06,AAPL,0.2705608060284161
2024-08-07,AAPL,0.2704899929733615
2024-08-08,AAPL,0.280857705393135
2024-08-09,AAPL,0.28660728262376667
2024-08-12,AAPL,0.29469009111344957
2024-08-13,AAPL,0.3059594054657751
2024-08-14,AAPL,0.3104594351909612
2024-08-15,AAPL,0.30730921307846715
2024-08-16,AAPL,0.3091823032009181
2024-08-19,AAPL,0.2994809637153872
2024-08-20,AAPL,0.29395467748394194
2024-08-21,AAPL,0.29897648018717826
2024-08-22,AAPL,0.29387219753354166
2024-08-23,AAPL,0.313509236177288
2024-08-26,AAPL,0.32205331414332744
2024-08-27,AAPL,0.32266787316432977
2024-08-28,AAPL,0.3153693738138196
2024-08-29,AAPL,0.3163103164597167
2024-08-30,AAPL,0.31278333508019607
2024-09-03,AAPL,0.29194200259267544
2024-09-04,AAPL,0.28602423072406713
2024-09-05,AAPL,0.28427442288895793
2024-09-06,AAPL,0.27452100530320767
2024-09-09,AAPL,0.27237341428324535
2024-09-10,AAPL,0.2770424814202053
2024-09-11,AAPL,0.2846824602300697
2024-09-12,AAPL,0.28801363000567615
2024-09-13,AAPL,0.2859568400508262
2024-09-16,AAPL,0.2740765297905192
2024-09-17,AAPL,0.269451146311321
2024-09-18,AAPL,0.27340327636525735
2024-09-19,AAPL,0.2838279524832569
2024-09-20,AAPL,0.25427118138450144
2024-09-23,AAPL,0.3002269431120705
2024-09-24,AAPL,0.30403021922547535
2024-09-25,AAPL,0.3008981939996859
2024-09-26,AAPL,0.3005797324854942
2024-09-27,AAPL,0.30110396476930806
2024-09-30,AAPL,0.30072210632661694
2024-10-01,AAPL,0.29092843712528416
2024-10-02,AAPL,0.296340809687482
2024-10-03,AAPL,0.30091421838258475
2024-10-04,AAPL,0.3076604470536134
2024-10-07,AAPL,0.2964812846426493
2024-10-08,AAPL,0.29965135634071344
2024-10-09,AAPL,0.2954501652823364
2024-10-10,AAPL,0.2991454447697076
2024-10-11,AAPL,0.2976118609443093
2024-10-14,AAPL,0.3058503677678009
2024-10-15,AAPL,0.3001553816844285
2024-10-16,AAPL,0.3000860906035146
2024-10-17,AAPL,0.2971293490387159
2024-10-18,AAPL,0.29190388031030867
2024-10-21,AAPL,0.29892069129350013
2024-10-22,AAPL,0.298841825754271
2024-10-23,AAPL,0.2940119869216354
2024-10-24,AAPL,0.2939582522786797
2024-10-25,AAPL,0.29760237402216916
2024-10-28,AAPL,0.297891302990967
2024-10-29,AAPL,0.29643279714262283
2024-10-30,AAPL,0.2898146719335928
2024-10-31,AAPL,0.28157697930172393
2024-11-01,AAPL,0.2726338552373147
2024-11-04,AAPL,0.27004446995092823
2024-11-05,AAPL,0.2765784351958972
2024-11-06,AAPL,0.26882912156498523
2024-11-07,AAPL,0.27746986964663617
2024-11-08,AAPL,0.27992920546851263
2024-11-11,AAPL,0.2786516057737824
2024-11-12,AAPL,0.28042758097586035
2024-11-13,AAPL,0.2792103806100437
2024-11-14,AAPL,0.2791668416928783
2024-11-15,AAPL,0.2744781480661126
2024-11-18,AAPL,0.2758992953549799
2024-11-19,AAPL,0.28436596608065023
2024-11-20,AAPL,0.2906729301100316
2024-11-21,AAPL,0.2961081186901642
2024-11-22,AAPL,0.301627749798254
2024-11-25,AAPL,0.29041415376615504
2024-11-26,AAPL,0.30395591338063227
2024-11-27,AAPL,0.3023046261237741
2024-11-29,AAPL,0.31010120748601167
2024-12-02,AAPL,0.31228304686992486
2024-12-03,AAPL,0.318077240956578
2024-12-04,AAPL,0.31658955376620096
2024-12-05,AAPL,0.3159670156193118
2024-12-06,AAPL,0.3239060250073839
2024-12-09,AAPL,0.3224990667731498
2024-12-10,AAPL,0.32665563940320863
2024-12-11,AAPL,0.3215941187007502
2024-12-12,AAPL,0.3249520589461167
2024-12-13,AAPL,0.32632387578259675
2024-12-16,AAPL,0.32193540079669797
2024-12-17,AAPL,0.3248949732006033
2024-12-18,AAPL,0.31129918332710793
2024-12-19,AAPL,0.3069428600637301
2024-12-20,AAPL,0.2956933235787955
2024-12-23,AAPL,0.31655701722161933
2024-12-24,AAPL,0.320861412009237
2024-12-26,AAPL,0.32299974919955526
2024-12-27,AAPL,0.31406559609990714
2024-12-30,AAPL,0.302063352260356
2024-12-31,AAPL,0.29735637153094896
2025-01-02,AAPL,0.11912624537944794
2025-01-03,AAPL,0.13392895460128784
2025-01-06,AAPL,0.1390741765499115
2025-01-07,AAPL,0.1393326222896576
2025-01-08,AAPL,0.12595248222351074
2025-01-10,AAPL,0.24193845689296722
2025-01-13,AAPL,0.25892648100852966
2025-01-14,AAPL,0.10015136003494263
2025-01-15,AAPL,0.11902253329753876
2025-01-16,AAPL,0.13339926302433014
2025-01-17,AAPL,0.1534639298915863
2025-01-21,AAPL,0.16948223114013672
2025-01-22,AAPL,0.1622106432914734
2025-01-23,AAPL,0.1648196280002594
2025-01-24,AAPL,0.15798845887184143
2025-01-27,AAPL,0.23689089715480804
2025-01-28,AAPL,0.3132665455341339
2025-01-29,AAPL,0.3191048800945282
2025-01-30,AAPL,0.3024536669254303
2025-01-31,AAPL,0.29761412739753723
2025-02-03,AAPL,0.28368714451789856
2025-02-04,AAPL,0.30070608854293823
2025-02-05,AAPL,0.2938026189804077
2025-02-06,AAPL,0.29651689529418945
2025-02-07,AAPL,0.31415432691574097
2025-02-10,AAPL,0.31585976481437683
2025-02-11,AAPL,0.31129977107048035
2025-02-12,AAPL,0.29052844643592834
2025-02-13,AAPL,0.30510592460632324
2025-02-14,AAPL,0.2907703220844269
2025-02-18,AAPL,0.29020288586616516
2025-02-19,AAPL,0.2992849349975586
2025-02-20,AAPL,0.292350709438324
2025-02-21,AAPL,0.22916097939014435
2025-02-24,AAPL,0.23502320051193237
2025-02-25,AAPL,0.2124725878238678
2025-02-26,AAPL,0.1932980716228485
2025-02-27,AAPL,0.21026372909545898
2025-02-28,AAPL,0.2358676642179489
2025-03-03,AAPL,0.28297415375709534
2025-03-04,AAPL,0.2627999186515808
2025-03-05,AAPL,0.23848947882652283
2025-03-06,AAPL,0.23848947882652283
2025-03-07,AAPL,0.23970969021320343
2025-03-10,AAPL,0.23012901842594147
2025-03-11,AAPL,0.1674906462430954
2025-03-12,AAPL,0.1882532238960266
2025-03-13,AAPL,0.19500498473644257
2025-03-14,AAPL,0.16657045483589172
2025-03-17,AAPL,0.18430009484291077
2025-03-18,AAPL,0.18431484699249268
2025-03-19,AAPL,0.24161316454410553
2025-03-20,AAPL,0.175025075674057
2025-03-21,AAPL,0.19155417382717133
2025-03-24,AAPL,0.31176993250846863
2025-03-25,AAPL,0.28687241673469543
2025-03-26,AAPL,0.3273547291755676
2025-03-27,AAPL,0.31302669644355774
2025-03-28,AAPL,0.32208630442619324
2025-03-31,AAPL,0.35335636138916016
2025-04-01,AAPL,0.3511931002140045
2025-04-02,AAPL,0.3084954619407654
2025-04-03,AAPL,0.2232619822025299
2025-04-04,AAPL,0.2377319633960724
2025-04-07,AAPL,0.21851280331611633
2025-04-08,AAPL,0.19597014784812927
2025-04-09,AAPL,0.2899167835712433
2025-04-10,AAPL,0.2921101748943329
2025-04-11,AAPL,0.3045363128185272
2025-04-14,AAPL,0.28634247183799744
2025-04-15,AAPL,0.34956708550453186
2025-04-16,AAPL,0.29288604855537415
2025-04-17,AAPL,0.28052809834480286
2025-04-21,AAPL,0.24008867144584656
2025-04-22,AAPL,0.2933652400970459
2025-04-23,AAPL,0.272640585899353
2025-04-24,AAPL,0.39928409457206726
2025-04-25,AAPL,0.48245400190353394
2025-04-28,AAPL,0.4821959137916565
2025-04-29,AAPL,0.40497881174087524
2025-04-30,AAPL,0.4215747117996216
2025-05-01,AAPL,0.40650808811187744
2025-05-02,AAPL,0.3931606709957123
2025-05-05,AAPL,0.33603793382644653
2025-05-06,AAPL,0.3650142252445221
2025-05-07,AAPL,0.30224287509918213
2025-05-08,AAPL,0.36020323634147644
2025-05-09,AAPL,0.37377670407295227
2025-05-12,AAPL,0.37108176946640015
2025-05-13,AAPL,0.39426201581954956
2025-05-14,AAPL,0.3768541216850281
2025-05-15,AAPL,0.4010618329048157
2025-05-16,AAPL,0.3903074562549591
2025-05-19,AAPL,0.3626081943511963
2025-05-20,AAPL,0.31735241413116455
2025-05-21,AAPL,0.314895361661911
2025-05-22,AAPL,0.3045373857021332
2025-05-23,AAPL,0.2625710964202881
2025-05-27,AAPL,0.3227420747280121
2025-05-28,AAPL,0.29102978110313416
2025-05-29,AAPL,0.30319127440452576
2025-05-30,AAPL,0.3666488826274872
2025-06-02,AAPL,0.22879710793495178
2025-06-03,AAPL,0.3144352436065674
2025-06-04,AAPL,0.302575021982193
2025-06-05,AAPL,0.30018287897109985
2025-06-06,AAPL,0.32142865657806396
2025-06-09,AAPL,0.3624531328678131
2025-06-10,AAPL,0.4901006519794464
2025-06-11,AAPL,0.33958572149276733
2025-06-12,AAPL,0.3544503152370453
2025-06-13,AAPL,0.21715447306632996
2025-06-16,AAPL,0.2288152277469635
2025-06-17,AAPL,0.2025395929813385
2025-06-18,AAPL,0.27786192297935486
2025-06-20,AAPL,0.5086408853530884
2025-06-23,AAPL,0.5064792633056641
2025-06-24,AAPL,0.49828895926475525
2025-06-25,AAPL,0.6066420674324036
2025-06-26,AAPL,0.5734013319015503
2025-06-27,AAPL,0.6112567782402039
2025-06-30,AAPL,0.5763200521469116
2025-07-01,AAPL,0.5184890031814575
2025-07-02,AAPL,0.29744914174079895
2025-07-03,AAPL,0.30730196833610535
2025-07-07,AAPL,0.2775730490684509
2025-07-08,AAPL,0.2914225459098816
2025-07-09,AAPL,0.30110809206962585
2025-07-10,AAPL,0.3266240358352661
2025-07-11,AAPL,0.3022404611110687
2025-07-14,AAPL,0.35428282618522644
2025-07-15,AAPL,0.32252371311187744
2025-07-16,AAPL,0.31753167510032654
2025-07-17,AAPL,0.3033657371997833
2025-07-18,AAPL,0.37213435769081116
2025-07-21,AAPL,0.3238697946071625
2025-07-22,AAPL,0.2808179259300232
2025-07-23,AAPL,0.2704937756061554
2025-07-24,AAPL,0.2923318147659302
2025-07-25,AAPL,0.4860597550868988
2025-07-28,AAPL,0.5795682072639465
2025-07-29,AAPL,0.5631930828094482
2025-07-30,AAPL,0.336214154958725
2025-07-31,AAPL,0.2363327443599701
2025-08-01,AAPL,0.09865427017211914
2025-08-04,AAPL,0.13526903092861176
2025-08-05,AAPL,0.12999284267425537
2025-08-06,AAPL,0.29634448885917664
2025-08-07,AAPL,0.30296364426612854
2025-08-08,AAPL,0.30529120564460754
2025-08-11,AAPL,0.33872342109680176
2025-08-12,AAPL,0.3247598111629486
2025-08-13,AAPL,0.2792185842990875
2025-08-14,AAPL,0.2993408441543579
2025-08-15,AAPL,0.27688324451446533
2025-08-18,AAPL,0.26609519124031067
2025-08-19,AAPL,0.2773785889148712
2025-08-20,AAPL,0.3471812903881073
2025-08-21,AAPL,0.3290470242500305
2025-08-22,AAPL,0.34253618121147156
2025-08-25,AAPL,0.35620102286338806
2025-08-26,AAPL,0.2509686350822449
2025-08-27,AAPL,0.2497132420539856
2025-08-28,AAPL,0.26098164916038513
2025-08-29,AAPL,0.23220083117485046
2025-09-02,AAPL,0.22581839561462402
2025-09-03,AAPL,0.22030337154865265
2025-09-04,AAPL,0.24920052289962769
2025-09-05,AAPL,0.202280193567276
2025-09-08,AAPL,0.22009192407131195
2025-09-09,AAPL,0.18998287618160248
2025-09-10,AAPL,0.252925306558609
2025-09-11,AAPL,0.27202579379081726
2025-09-12,AAPL,0.2401963323354721
2025-09-15,AAPL,0.21658536791801453
2025-09-16,AAPL,0.22035126388072968
2025-09-17,AAPL,0.23373718559741974
2025-09-18,AAPL,0.2139182686805725
2025-09-19,AAPL,0.2975007891654968
2025-09-22,AAPL,0.2571633458137512
2025-09-23,AAPL,0.24568000435829163
2025-09-24,AAPL,0.3793283998966217
2025-09-25,AAPL,0.19520655274391174
2025-09-26,AAPL,0.26856616139411926
2025-09-29,AAPL,0.2588558495044708
2025-09-30,AAPL,0.27711939811706543
2025-10-01,AAPL,0.2408589869737625
2025-10-02,AAPL,0.27035173773765564
2025-10-03,AAPL,0.2508486807346344
2025-10-06,AAPL,0.2616010010242462
2025-10-07,AAPL,0.23916077613830566
2025-10-08,AAPL,0.24272865056991577
2025-10-09,AAPL,0.18047355115413666
2025-10-10,AAPL,0.10108193010091782
2025-10-13,AAPL,0.12412773817777634
2025-10-14,AAPL,0.13084176182746887
2025-10-15,AAPL,0.11655957251787186
2025-10-16,AAPL,0.16597223281860352
2025-10-17,AAPL,0.20086684823036194
2025-10-20,AAPL,0.22205473482608795
2025-10-21,AAPL,0.21006900072097778
2025-10-22,AAPL,0.22500571608543396
2025-10-23,AAPL,0.2191174179315567
2025-10-24,AAPL,0.25496673583984375
2025-10-27,AAPL,0.25877222418785095
2025-10-28,AAPL,0.2528092563152313
2025-10-29,AAPL,0.25908714532852173
2025-10-30,AAPL,0.24422486126422882
2025-10-31,AAPL,0.25771212577819824
2025-11-03,AAPL,0.19790834188461304
2025-11-04,AAPL,0.23152533173561096
2025-11-05,AAPL,0.20071528851985931
2025-11-06,AAPL,0.16998085379600525
2025-11-07,AAPL,0.17294050753116608
2025-11-10,AAPL,0.19253455102443695
2025-11-11,AAPL,0.24400122463703156
2025-11-12,AAPL,0.1867554485797882
2025-11-13,AAPL,0.1977566033601761
2025-11-14,AAPL,0.2049972265958786
2025-11-17,AAPL,0.20248009264469147
2025-11-18,AAPL,0.19153495132923126
2025-11-19,AAPL,0.14885182678699493
2025-11-20,AAPL,0.1473333090543747
2025-11-21,AAPL,0.19788797199726105
2025-11-24,AAPL,0.15712524950504303
2025-11-25,AAPL,0.16662263870239258
2025-11-26,AAPL,0.15696756541728973
2025-11-28,AAPL,0.14942918717861176
2025-12-01,AAPL,0.23751120269298553
2025-12-02,AAPL,0.24939179420471191
2025-12-03,AAPL,0.2133714109659195
2025-12-04,AAPL,0.22417905926704407
2025-12-05,AAPL,0.2013547420501709
2025-12-08,AAPL,0.16171517968177795
2025-12-09,AAPL,0.10246998816728592
2025-12-10,AAPL,0.13077419996261597
2025-12-11,AAPL,0.12264654785394669
2025-12-12,AAPL,0.09793951362371445
2025-12-15,AAPL,0.142410010099411
2025-12-16,AAPL,0.09231086075305939
2025-12-17,AAPL,0.0958356261253357
2025-12-18,AAPL,0.11707714200019836
