date,ticker,probability
1985-01-02,AAPL,0.5544192436171201
1985-01-03,AAPL,0.6353880224008366
1985-01-04,AAPL,0.5819895532568878
1985-01-07,AAPL,0.5585586297176511
1985-01-08,AAPL,0.5225695029858713
1985-01-09,AAPL,0.5321965065284049
1985-01-10,AAPL,0.6742287437949926
1985-01-11,AAPL,0.6187999260654399
1985-01-14,AAPL,0.7012612665752278
1985-01-15,AAPL,0.6425835399631744
1985-01-16,AAPL,0.6010659672464269
1985-01-17,AAPL,0.6633004781757634
1985-01-18,AAPL,0.6168166250862108
1985-01-21,AAPL,0.5879093818595766
1985-01-22,AAPL,0.6767388369068609
1985-01-23,AAPL,0.6211815973687483
1985-01-24,AAPL,0.6180382669578834
1985-01-25,AAPL,0.6114153322336904
1985-01-28,AAPL,0.6307536130141086
1985-01-29,AAPL,0.5083733641448173
1985-01-30,AAPL,0.5862286922143561
1985-01-31,AAPL,0.481400743969786
1985-02-01,AAPL,0.4159422013683948
1985-02-04,AAPL,0.4884047248816197
1985-02-05,AAPL,0.4758721018005208
1985-02-06,AAPL,0.55153225057299
1985-02-07,AAPL,0.5175329795348947
1985-02-08,AAPL,0.4706772381849248
1985-02-11,AAPL,0.5105339186713939
1985-02-12,AAPL,0.449655029463894
1985-02-13,AAPL,0.5209725116574505
1985-02-14,AAPL,0.48536246358207114
1985-02-15,AAPL,0.4022125987467167
1985-02-19,AAPL,0.37718065244562443
1985-02-20,AAPL,0.3778459109214065
1985-02-21,AAPL,0.4929010465646308
1985-02-22,AAPL,0.5005835150798482
1985-02-25,AAPL,0.3849736073686697
1985-02-26,AAPL,0.3989150111203968
1985-02-27,AAPL,0.44428141127838244
1985-02-28,AAPL,0.4312504572503632
1985-03-01,AAPL,0.4068850995782226
1985-03-04,AAPL,0.3569570377687294
1985-03-05,AAPL,0.3599477999388754
1985-03-06,AAPL,0.3673643722405517
1985-03-07,AAPL,0.5623858166076258
1985-03-08,AAPL,0.4989022060721019
1985-03-11,AAPL,0.4594852977930227
1985-03-12,AAPL,0.42230475588402705
1985-03-13,AAPL,0.3687059434173505
1985-03-14,AAPL,0.39265908550263384
1985-03-15,AAPL,0.4085219871485738
1985-03-18,AAPL,0.3526586457151422
1985-03-19,AAPL,0.36690985196324494
1985-03-20,AAPL,0.4911219867179729
1985-03-21,AAPL,0.3638512181962687
1985-03-22,AAPL,0.2786279351833149
1985-03-25,AAPL,0.27042367492306935
1985-03-26,AAPL,0.3385564646138477
1985-03-27,AAPL,0.3562702586811251
1985-03-28,AAPL,0.3984224602278101
1985-03-29,AAPL,0.3652757223183641
1985-04-01,AAPL,0.3234613856494588
1985-04-02,AAPL,0.3735315948604197
1985-04-03,AAPL,0.40871581872312696
1985-04-04,AAPL,0.35856812661128334
1985-04-08,AAPL,0.3543647734128216
1985-04-09,AAPL,0.43260234156517957
1985-04-10,AAPL,0.4700636087457032
1985-04-11,AAPL,0.388720297024384
1985-04-12,AAPL,0.34433695793965113
1985-04-15,AAPL,0.39324110778943716
1985-04-16,AAPL,0.34365876308968785
1985-04-17,AAPL,0.42141174475904325
1985-04-18,AAPL,0.45049832585893185
1985-04-19,AAPL,0.35843250491505396
1985-04-22,AAPL,0.3588155493570999
1985-04-23,AAPL,0.44369222312145123
1985-04-24,AAPL,0.3923261372890724
1985-04-25,AAPL,0.422301767308647
1985-04-26,AAPL,0.5069036399937594
1985-04-29,AAPL,0.44946401549260845
1985-04-30,AAPL,0.45404406946543463
1985-05-01,AAPL,0.41612179447385494
1985-05-02,AAPL,0.6003067446009845
1985-05-03,AAPL,0.5421170876622845
1985-05-06,AAPL,0.445038567713775
1985-05-07,AAPL,0.46477412041185684
1985-05-08,AAPL,0.44624617999892385
1985-05-09,AAPL,0.46419290645872224
1985-05-10,AAPL,0.5057567883295863
1985-05-13,AAPL,0.3975123470793345
1985-05-14,AAPL,0.41970364682183087
1985-05-15,AAPL,0.4258954048471991
1985-05-16,AAPL,0.5445128786535132
1985-05-17,AAPL,0.5262980267428253
1985-05-20,AAPL,0.4893771782388017
1985-05-21,AAPL,0.4571278654802237
1985-05-22,AAPL,0.5251550932800088
1985-05-23,AAPL,0.5080795360713317
1985-05-24,AAPL,0.6677970141146541
1985-05-28,AAPL,0.6130994530348249
1985-05-29,AAPL,0.5264266331593161
1985-05-30,AAPL,0.5533298834281907
1985-05-31,AAPL,0.5751964926376809
1985-06-03,AAPL,0.6371331594903749
1985-06-04,AAPL,0.6724466546207946
1985-06-05,AAPL,0.5377463038745856
1985-06-06,AAPL,0.48075662735635605
1985-06-07,AAPL,0.498629687277019
1985-06-10,AAPL,0.4539561456679123
1985-06-11,AAPL,0.42425230098821487
1985-06-12,AAPL,0.4025986209093116
1985-06-13,AAPL,0.4444924166916917
1985-06-14,AAPL,0.5170155471307066
1985-06-17,AAPL,0.4211988850264321
1985-06-18,AAPL,0.42041649310808654
1985-06-19,AAPL,0.35403070388969443
1985-06-20,AAPL,0.3498013188373791
1985-06-21,AAPL,0.39735579827689893
1985-06-24,AAPL,0.3876603642319169
1985-06-25,AAPL,0.41584209474706396
1985-06-26,AAPL,0.36173148250696213
1985-06-27,AAPL,0.3815091925815707
1985-06-28,AAPL,0.35935848703108064
1985-07-01,AAPL,0.39004886839849406
1985-07-02,AAPL,0.3418729898027612
1985-07-03,AAPL,0.4440359453078242
1985-07-05,AAPL,0.43569488926943806
1985-07-08,AAPL,0.4866164228451927
1985-07-09,AAPL,0.5360549394202625
1985-07-10,AAPL,0.5413659066239823
1985-07-11,AAPL,0.5305140580664548
1985-07-12,AAPL,0.5380995424433846
1985-07-15,AAPL,0.5165628280677316
1985-07-16,AAPL,0.5464058477440444
1985-07-17,AAPL,0.4831967504474112
1985-07-18,AAPL,0.4767248651560657
1985-07-19,AAPL,0.4959543197879906
1985-07-22,AAPL,0.5051316185608725
1985-07-23,AAPL,0.5161563876950711
1985-07-24,AAPL,0.4832245984754572
1985-07-25,AAPL,0.614075886818567
1985-07-26,AAPL,0.44695321619898865
1985-07-29,AAPL,0.38739790524942525
1985-07-30,AAPL,0.40286368402424544
1985-07-31,AAPL,0.38780507287142146
1985-08-01,AAPL,0.3679132795166
1985-08-02,AAPL,0.3957278488837964
1985-08-05,AAPL,0.3906474667261068
1985-08-06,AAPL,0.3533986983717595
1985-08-07,AAPL,0.4091999618682728
1985-08-08,AAPL,0.4249401269618828
1985-08-09,AAPL,0.3714762772732008
1985-08-12,AAPL,0.3571665176727449
1985-08-13,AAPL,0.39532343682333
1985-08-14,AAPL,0.4895380149380519
1985-08-15,AAPL,0.3695076351333019
1985-08-16,AAPL,0.3795602659336204
1985-08-19,AAPL,0.35823360452440345
1985-08-20,AAPL,0.3970987901398391
1985-08-21,AAPL,0.4004088184238222
1985-08-22,AAPL,0.430461957267541
1985-08-23,AAPL,0.378261970159067
1985-08-26,AAPL,0.4093774189060725
1985-08-27,AAPL,0.4276516354752603
1985-08-28,AAPL,0.3946141343575179
1985-08-29,AAPL,0.3744571910735835
1985-08-30,AAPL,0.4092786996658117
1985-09-03,AAPL,0.3647136481970607
1985-09-04,AAPL,0.4580997356909108
1985-09-05,AAPL,0.4611411895506473
1985-09-06,AAPL,0.5393163985884494
1985-09-09,AAPL,0.5594418544817175
1985-09-10,AAPL,0.5312665933543536
1985-09-11,AAPL,0.4883722003677438
1985-09-12,AAPL,0.6416993556405792
1985-09-13,AAPL,0.5399821902201279
1985-09-16,AAPL,0.4373182567537651
1985-09-17,AAPL,0.6220219200022306
1985-09-18,AAPL,0.6012740570597526
1985-09-19,AAPL,0.677537908687366
1985-09-20,AAPL,0.5955256424832829
1985-09-23,AAPL,0.6334517549295553
1985-09-24,AAPL,0.5628226262389433
1985-09-25,AAPL,0.5455886396752102
1985-09-26,AAPL,0.5165599047679533
1985-09-30,AAPL,0.49249970596251624
1985-10-01,AAPL,0.5378599911709913
1985-10-02,AAPL,0.4716582146408629
1985-10-03,AAPL,0.48259478152249463
1985-10-04,AAPL,0.5165620923770375
1985-10-07,AAPL,0.5883675370852818
1985-10-08,AAPL,0.5901250482906854
1985-10-09,AAPL,0.47545705328574533
1985-10-10,AAPL,0.6513891465763562
1985-10-11,AAPL,0.49368315295219545
1985-10-14,AAPL,0.5703546905443747
1985-10-15,AAPL,0.7013801760170578
1985-10-16,AAPL,0.768212712182118
1985-10-17,AAPL,0.7307547377406399
1985-10-18,AAPL,0.5954181955777119
1985-10-21,AAPL,0.5016789667713536
1985-10-22,AAPL,0.7193959537102355
1985-10-23,AAPL,0.52899325915786
1985-10-24,AAPL,0.669487576927426
1985-10-25,AAPL,0.5296874235142524
1985-10-28,AAPL,0.5664127965344904
1985-10-29,AAPL,0.611660579684185
1985-10-30,AAPL,0.6884587701059701
1985-10-31,AAPL,0.6016988060804428
1985-11-01,AAPL,0.5905783751415357
1985-11-04,AAPL,0.6218459979665407
1985-11-05,AAPL,0.5654901281846496
1985-11-06,AAPL,0.6352885793484832
1985-11-07,AAPL,0.7073321972163553
1985-11-08,AAPL,0.7401404058286041
1985-11-11,AAPL,0.6094448496296506
1985-11-12,AAPL,0.6183393662926662
1985-11-13,AAPL,0.5305302114602245
1985-11-14,AAPL,0.6056507456305641
1985-11-15,AAPL,0.5513322048012551
1985-11-18,AAPL,0.5792845177546453
1985-11-19,AAPL,0.5038464172885352
1985-11-20,AAPL,0.553638372504687
1985-11-21,AAPL,0.5580567179497509
1985-11-22,AAPL,0.584929886095935
1985-11-25,AAPL,0.5741389513093189
1985-11-26,AAPL,0.600286963536649
1985-11-27,AAPL,0.5937529655914806
1985-11-29,AAPL,0.47670015495835744
1985-12-02,AAPL,0.5229501903454798
1985-12-03,AAPL,0.5554835823262397
1985-12-04,AAPL,0.6310626856058793
1985-12-05,AAPL,0.4933288048896377
1985-12-06,AAPL,0.44026593491591304
1985-12-09,AAPL,0.4636541446025576
1985-12-10,AAPL,0.5861947739061696
1985-12-11,AAPL,0.6413348201543746
1985-12-12,AAPL,0.5799425493875305
1985-12-13,AAPL,0.6437877713031964
1985-12-16,AAPL,0.6901961501618066
1985-12-17,AAPL,0.5114541238406201
1985-12-18,AAPL,0.7827085747068059
1985-12-19,AAPL,0.5978642496142128
1985-12-20,AAPL,0.5474934242838913
1985-12-23,AAPL,0.49196592618672996
1985-12-24,AAPL,0.45626830870558716
1985-12-26,AAPL,0.4640408834044041
1985-12-27,AAPL,0.54590686434817
1985-12-30,AAPL,0.5444832897188127
1985-12-31,AAPL,0.5337430439822386
1986-01-02,AAPL,0.5786300270912957
1986-01-03,AAPL,0.6191721378023328
1986-01-06,AAPL,0.6033044534676432
1986-01-07,AAPL,0.6669656325873468
1986-01-08,AAPL,0.6832785976428302
1986-01-09,AAPL,0.5737501830921722
1986-01-10,AAPL,0.5144342676620282
1986-01-13,AAPL,0.5579879671031611
1986-01-14,AAPL,0.617975720022613
1986-01-15,AAPL,0.654467996131858
1986-01-16,AAPL,0.6790276829670772
1986-01-17,AAPL,0.5653197206426303
1986-01-20,AAPL,0.5318888004210747
1986-01-21,AAPL,0.5749606524800898
1986-01-22,AAPL,0.5262877195831284
1986-01-23,AAPL,0.5140031485660381
1986-01-24,AAPL,0.5079538737760058
1986-01-27,AAPL,0.4978427083316857
1986-01-28,AAPL,0.49330232915719086
1986-01-29,AAPL,0.6220600762483658
1986-01-30,AAPL,0.5142019042671833
1986-01-31,AAPL,0.5028704218492479
1986-02-03,AAPL,0.5465118617340161
1986-02-04,AAPL,0.47940304575228615
1986-02-05,AAPL,0.43197192220071606
1986-02-06,AAPL,0.45926358533176853
1986-02-07,AAPL,0.44364270245316106
1986-02-10,AAPL,0.4191263767574372
1986-02-11,AAPL,0.4567340221182843
1986-02-12,AAPL,0.4880763559173674
1986-02-13,AAPL,0.476880814716481
1986-02-14,AAPL,0.5222552412464198
1986-02-18,AAPL,0.5356527611664408
1986-02-19,AAPL,0.5521386563379196
1986-02-20,AAPL,0.5536027501659703
1986-02-21,AAPL,0.5748643404922502
1986-02-24,AAPL,0.5816857494783054
1986-02-25,AAPL,0.6074287162405874
1986-02-26,AAPL,0.5467791600432709
1986-02-27,AAPL,0.4870386914111538
1986-02-28,AAPL,0.47890866967789775
1986-03-03,AAPL,0.472521007327079
1986-03-04,AAPL,0.4667391302050905
1986-03-05,AAPL,0.527831224586344
1986-03-06,AAPL,0.5099318301572469
1986-03-07,AAPL,0.48360538715900164
1986-03-10,AAPL,0.49031982819500547
1986-03-11,AAPL,0.47105147695364985
1986-03-12,AAPL,0.44321046371628087
1986-03-13,AAPL,0.4430280120494728
1986-03-14,AAPL,0.5505984931959522
1986-03-17,AAPL,0.4137386409683193
1986-03-18,AAPL,0.5030462046635518
1986-03-19,AAPL,0.4712503280288979
1986-03-20,AAPL,0.6976638058785115
1986-03-21,AAPL,0.49788888337981124
1986-03-24,AAPL,0.4804380438647204
1986-03-25,AAPL,0.48503734334977633
1986-03-26,AAPL,0.4585409598897803
1986-03-27,AAPL,0.4767939355883566
1986-03-31,AAPL,0.5132318208517506
1986-04-01,AAPL,0.498205380511802
1986-04-02,AAPL,0.5511302004224129
1986-04-03,AAPL,0.5103981511566901
1986-04-04,AAPL,0.4764092975610159
1986-04-07,AAPL,0.50182035977044
1986-04-08,AAPL,0.4908861368746504
1986-04-09,AAPL,0.4837568075224654
1986-04-10,AAPL,0.43685881738603277
1986-04-11,AAPL,0.4482001209139741
1986-04-14,AAPL,0.4699652926638772
1986-04-15,AAPL,0.43401944584855484
1986-04-16,AAPL,0.4558857629449409
1986-04-17,AAPL,0.4825451167851097
1986-04-18,AAPL,0.47008592054426346
1986-04-21,AAPL,0.5462474833362291
1986-04-22,AAPL,0.5415521524536742
1986-04-23,AAPL,0.5152230546928569
1986-04-24,AAPL,0.5833285679381975
1986-04-25,AAPL,0.5036365737234035
1986-04-28,AAPL,0.451555827566933
1986-04-29,AAPL,0.4806213324019319
1986-04-30,AAPL,0.479878678189385
1986-05-01,AAPL,0.5436982413958459
1986-05-02,AAPL,0.527726806543742
1986-05-05,AAPL,0.550737333926702
1986-05-06,AAPL,0.5321967771679719
1986-05-07,AAPL,0.4964735729086532
1986-05-08,AAPL,0.5518300559534871
1986-05-09,AAPL,0.5399338728303312
1986-05-12,AAPL,0.6076841827472091
1986-05-13,AAPL,0.5667480789410941
1986-05-14,AAPL,0.5509609559019769
1986-05-15,AAPL,0.4596133741211805
1986-05-16,AAPL,0.49664917394502905
1986-05-19,AAPL,0.49429462980329625
1986-05-20,AAPL,0.5511332787334348
1986-05-21,AAPL,0.5776928246343082
1986-05-22,AAPL,0.5302425550354454
1986-05-23,AAPL,0.5007730796647842
1986-05-27,AAPL,0.5149038059702526
1986-05-28,AAPL,0.5936791709226701
1986-05-29,AAPL,0.5660075282658313
1986-05-30,AAPL,0.572707145821368
1986-06-02,AAPL,0.5207794566410151
1986-06-03,AAPL,0.5660248301966273
1986-06-04,AAPL,0.5432201343363207
1986-06-05,AAPL,0.5972278987154656
1986-06-06,AAPL,0.5297628721499795
1986-06-09,AAPL,0.511565795655726
1986-06-10,AAPL,0.5133283276628949
1986-06-11,AAPL,0.44798551287701194
1986-06-12,AAPL,0.4263614663217327
1986-06-13,AAPL,0.4434415516927253
1986-06-16,AAPL,0.4395247053340415
1986-06-17,AAPL,0.4131672530604715
1986-06-18,AAPL,0.4895176023754146
1986-06-19,AAPL,0.47981929831471526
1986-06-20,AAPL,0.43921970233267926
1986-06-23,AAPL,0.35488646162820947
1986-06-24,AAPL,0.35112026994259504
1986-06-25,AAPL,0.3637230656408815
1986-06-26,AAPL,0.3696053331652425
1986-06-27,AAPL,0.38186971871315745
1986-06-30,AAPL,0.38731827329744895
1986-07-01,AAPL,0.35329271197099016
1986-07-02,AAPL,0.37798925324885563
1986-07-03,AAPL,0.38922980791338985
1986-07-07,AAPL,0.3631762043100107
1986-07-08,AAPL,0.4284315500531176
1986-07-09,AAPL,0.473939398148537
1986-07-10,AAPL,0.4245981968281705
1986-07-11,AAPL,0.4158237299608601
1986-07-14,AAPL,0.40593481554672073
1986-07-15,AAPL,0.41699893543115124
1986-07-16,AAPL,0.4586288363131471
1986-07-17,AAPL,0.4042693128915566
1986-07-18,AAPL,0.4320261839255617
1986-07-21,AAPL,0.42027147760482103
1986-07-22,AAPL,0.4127856994363458
1986-07-23,AAPL,0.3764574913599511
1986-07-24,AAPL,0.34690324264163896
1986-07-25,AAPL,0.41841987058181374
1986-07-28,AAPL,0.40130177891455443
1986-07-29,AAPL,0.449204776052419
1986-07-30,AAPL,0.3777494230790462
1986-07-31,AAPL,0.3486351864319776
1986-08-01,AAPL,0.3026453196839041
1986-08-04,AAPL,0.34162771058589597
1986-08-05,AAPL,0.38869208979507297
1986-08-06,AAPL,0.39473639523651916
1986-08-07,AAPL,0.40509983985518594
1986-08-08,AAPL,0.3308389311993464
1986-08-11,AAPL,0.33615341786135194
1986-08-12,AAPL,0.3351671640390513
1986-08-13,AAPL,0.4150573257073418
1986-08-14,AAPL,0.3631256910732937
1986-08-15,AAPL,0.40545845888150633
1986-08-18,AAPL,0.4236113929107933
1986-08-19,AAPL,0.45509025898706196
1986-08-20,AAPL,0.44865673599275935
1986-08-21,AAPL,0.44633970639427406
1986-08-22,AAPL,0.4352810598352764
1986-08-25,AAPL,0.47178717142120247
1986-08-26,AAPL,0.5554906622746191
1986-08-27,AAPL,0.5877789559762869
1986-08-28,AAPL,0.6166779536747748
1986-08-29,AAPL,0.5368888286048895
1986-09-02,AAPL,0.4843347259613792
1986-09-03,AAPL,0.42829986682020643
1986-09-04,AAPL,0.4997777436521918
1986-09-05,AAPL,0.4560662951080307
1986-09-08,AAPL,0.48665118278473146
1986-09-09,AAPL,0.5209612653340466
1986-09-10,AAPL,0.44297522335724415
1986-09-11,AAPL,0.42969531049813703
1986-09-12,AAPL,0.4707318650512764
1986-09-15,AAPL,0.5069041130840775
1986-09-16,AAPL,0.4958682157078691
1986-09-17,AAPL,0.41884172628710903
1986-09-18,AAPL,0.41038653789585483
1986-09-19,AAPL,0.43176295708097373
1986-09-22,AAPL,0.5181590546301104
1986-09-23,AAPL,0.5258369456117346
1986-09-24,AAPL,0.43453851114806374
1986-09-25,AAPL,0.42284370760130746
1986-09-26,AAPL,0.3857820954534876
1986-09-29,AAPL,0.39685911648451183
1986-09-30,AAPL,0.46839870772946246
1986-10-01,AAPL,0.48620743037434205
1986-10-02,AAPL,0.4759823850262718
1986-10-03,AAPL,0.4544118243305702
1986-10-06,AAPL,0.436184542429378
1986-10-07,AAPL,0.4248955998844358
1986-10-08,AAPL,0.42963769330932927
1986-10-09,AAPL,0.4548441086803095
1986-10-10,AAPL,0.41538942232874276
1986-10-13,AAPL,0.4047142615634632
1986-10-14,AAPL,0.42305200626526684
1986-10-15,AAPL,0.44619408435325636
1986-10-16,AAPL,0.44559606351717646
1986-10-17,AAPL,0.499494644699263
1986-10-20,AAPL,0.423606158920197
1986-10-21,AAPL,0.37837464008011834
1986-10-22,AAPL,0.37343219060674726
1986-10-23,AAPL,0.42486104197230734
1986-10-24,AAPL,0.3840582286984793
1986-10-27,AAPL,0.522099091378999
1986-10-28,AAPL,0.47910091778150904
1986-10-29,AAPL,0.44973261006248905
1986-10-30,AAPL,0.5357577128580375
1986-10-31,AAPL,0.4322603577589524
1986-11-03,AAPL,0.4617472070754886
1986-11-04,AAPL,0.553997026418821
1986-11-05,AAPL,0.6541907663699449
1986-11-06,AAPL,0.5271435547855644
1986-11-07,AAPL,0.5104082909671026
1986-11-10,AAPL,0.49702897530550016
1986-11-11,AAPL,0.5021400828472101
1986-11-12,AAPL,0.5330104773481652
1986-11-13,AAPL,0.5012944463475233
1986-11-14,AAPL,0.4972327866333604
1986-11-17,AAPL,0.5622201087605959
1986-11-18,AAPL,0.5392198263856569
1986-11-19,AAPL,0.5708297209635276
1986-11-20,AAPL,0.5618974555470627
1986-11-21,AAPL,0.5617416519472188
1986-11-24,AAPL,0.5698633244341843
1986-11-25,AAPL,0.6423912143327122
1986-11-26,AAPL,0.5948736587330096
1986-11-28,AAPL,0.5321240367060681
1986-12-01,AAPL,0.5699456117674683
1986-12-02,AAPL,0.5871309348080617
1986-12-03,AAPL,0.5443583180579636
1986-12-04,AAPL,0.5405165827751987
1986-12-05,AAPL,0.5783284296764477
1986-12-08,AAPL,0.5576085936457577
1986-12-09,AAPL,0.6167557096898547
1986-12-10,AAPL,0.647022296462198
1986-12-11,AAPL,0.6139266588064827
1986-12-12,AAPL,0.5838515277023387
1986-12-15,AAPL,0.6035737080690259
1986-12-16,AAPL,0.5711742250397702
1986-12-17,AAPL,0.5539426609208128
1986-12-18,AAPL,0.598112574363293
1986-12-19,AAPL,0.6282262885195501
1986-12-22,AAPL,0.5791140826744093
1986-12-23,AAPL,0.5454169380616194
1986-12-24,AAPL,0.5174932009491184
1986-12-26,AAPL,0.4574404710965198
1986-12-29,AAPL,0.47908574977262125
1986-12-30,AAPL,0.5124490540419026
1986-12-31,AAPL,0.4447035557431758
1987-01-02,AAPL,0.4948712420540598
1987-01-05,AAPL,0.6013822606625041
1987-01-06,AAPL,0.5940565044555745
1987-01-07,AAPL,0.6071004860335086
1987-01-08,AAPL,0.6384960406723471
1987-01-09,AAPL,0.6247370324010514
1987-01-12,AAPL,0.5953095511234212
1987-01-13,AAPL,0.578265092027047
1987-01-14,AAPL,0.604209737664454
1987-01-15,AAPL,0.5830910238442932
1987-01-16,AAPL,0.5908744329025403
1987-01-19,AAPL,0.5821174915304534
1987-01-20,AAPL,0.5904768530232086
1987-01-21,AAPL,0.5530907343848414
1987-01-22,AAPL,0.5313611363400329
1987-01-23,AAPL,0.49170590094767364
1987-01-26,AAPL,0.49500418026087467
1987-01-27,AAPL,0.4887358262257699
1987-01-28,AAPL,0.5125729412698061
1987-01-29,AAPL,0.532754466816188
1987-01-30,AAPL,0.5383049250333799
1987-02-02,AAPL,0.568034111719758
1987-02-03,AAPL,0.5093579688670775
1987-02-04,AAPL,0.4621321711324647
1987-02-05,AAPL,0.5251263829169132
1987-02-06,AAPL,0.44386697081405324
1987-02-09,AAPL,0.4394904747432758
1987-02-10,AAPL,0.5315960492904289
1987-02-11,AAPL,0.5081558474512122
1987-02-12,AAPL,0.553707059113526
1987-02-13,AAPL,0.5590994434276414
1987-02-17,AAPL,0.4936394778508941
1987-02-18,AAPL,0.4504495035514783
1987-02-19,AAPL,0.494598054916913
1987-02-20,AAPL,0.4497359209776707
1987-02-23,AAPL,0.5040949659829929
1987-02-24,AAPL,0.49400229188926364
1987-02-25,AAPL,0.49135924305196976
1987-02-26,AAPL,0.534236432069873
1987-02-27,AAPL,0.5755926938085163
1987-03-02,AAPL,0.592826071897711
1987-03-03,AAPL,0.6148548631781319
1987-03-04,AAPL,0.5716528464665068
1987-03-05,AAPL,0.53468117909422
1987-03-06,AAPL,0.4872909543729473
1987-03-09,AAPL,0.45425730028924804
1987-03-10,AAPL,0.5443001482052846
1987-03-11,AAPL,0.5651020685509921
1987-03-12,AAPL,0.5827572721788534
1987-03-13,AAPL,0.5394977158784537
1987-03-16,AAPL,0.5147915230234877
1987-03-17,AAPL,0.43404077081445025
1987-03-18,AAPL,0.46524688227389327
1987-03-19,AAPL,0.467552887343031
1987-03-20,AAPL,0.5048293014270254
1987-03-23,AAPL,0.5015044943142438
1987-03-24,AAPL,0.4550148241811709
1987-03-25,AAPL,0.4489687305306997
1987-03-26,AAPL,0.43862176018214155
1987-03-27,AAPL,0.44017235667324733
1987-03-30,AAPL,0.42628437907234845
1987-03-31,AAPL,0.4884942061901789
1987-04-01,AAPL,0.48608692600559833
1987-04-02,AAPL,0.5428501158873155
1987-04-03,AAPL,0.48266704909180996
1987-04-06,AAPL,0.451552339629011
1987-04-07,AAPL,0.4356990826157962
1987-04-08,AAPL,0.4124871651111329
1987-04-09,AAPL,0.41623859128838564
1987-04-10,AAPL,0.4181307278874603
1987-04-13,AAPL,0.3997599382524328
1987-04-14,AAPL,0.4504409083295119
1987-04-15,AAPL,0.44750493492321547
1987-04-16,AAPL,0.4794479506704616
1987-04-20,AAPL,0.496007262203637
1987-04-21,AAPL,0.49951038073643234
1987-04-22,AAPL,0.45352912039991744
1987-04-23,AAPL,0.39085615701067705
1987-04-24,AAPL,0.3821375789324855
1987-04-27,AAPL,0.45063367511921004
1987-04-28,AAPL,0.5069529085821711
1987-04-29,AAPL,0.4930793679969545
1987-04-30,AAPL,0.480189541910812
1987-05-01,AAPL,0.5022864343350394
1987-05-04,AAPL,0.5727731742834228
1987-05-05,AAPL,0.6168101837210432
1987-05-06,AAPL,0.6268725797992049
1987-05-07,AAPL,0.6217583013618133
1987-05-08,AAPL,0.5954982177650752
1987-05-11,AAPL,0.5076960967632494
1987-05-12,AAPL,0.5503728471214825
1987-05-13,AAPL,0.5598488005391463
1987-05-14,AAPL,0.5773051108411245
1987-05-15,AAPL,0.5589527611251084
1987-05-18,AAPL,0.5043548854597689
1987-05-19,AAPL,0.4848278667211325
1987-05-20,AAPL,0.4791439175055928
1987-05-21,AAPL,0.43865584933795004
1987-05-22,AAPL,0.43466714059735917
1987-05-26,AAPL,0.4530231159882578
1987-05-27,AAPL,0.44728872683738385
1987-05-28,AAPL,0.4477670490437419
1987-05-29,AAPL,0.4464369009623507
1987-06-01,AAPL,0.45947589599685884
1987-06-02,AAPL,0.4694203452564176
1987-06-03,AAPL,0.40897934662162805
1987-06-04,AAPL,0.4015252012155294
1987-06-05,AAPL,0.4026931410057793
1987-06-08,AAPL,0.46894309309068666
1987-06-09,AAPL,0.5637466338052356
1987-06-10,AAPL,0.5609715959673754
1987-06-11,AAPL,0.5666230124950152
1987-06-12,AAPL,0.56546056128399
1987-06-15,AAPL,0.4822075127778009
1987-06-16,AAPL,0.5391806328672685
1987-06-17,AAPL,0.49236002856969163
1987-06-18,AAPL,0.5452810805487993
1987-06-19,AAPL,0.5371964512932794
1987-06-22,AAPL,0.5849546394217496
1987-06-23,AAPL,0.5293530126281047
1987-06-24,AAPL,0.5478644942645475
1987-06-25,AAPL,0.5126560668890517
1987-06-26,AAPL,0.5383892554461294
1987-06-29,AAPL,0.5284762736548889
1987-06-30,AAPL,0.5584989860875824
1987-07-01,AAPL,0.5236685521406287
1987-07-02,AAPL,0.547706520489528
1987-07-06,AAPL,0.5577275653186414
1987-07-07,AAPL,0.4774522511491508
1987-07-08,AAPL,0.4976268491851789
1987-07-09,AAPL,0.4653907936468108
1987-07-10,AAPL,0.4450184753128895
1987-07-13,AAPL,0.44308300062582284
1987-07-14,AAPL,0.45970726963770914
1987-07-15,AAPL,0.43780344875860344
1987-07-16,AAPL,0.45229123434225676
1987-07-17,AAPL,0.4461916809197936
1987-07-20,AAPL,0.4342366306258051
1987-07-21,AAPL,0.4199414135718956
1987-07-22,AAPL,0.40827698165615256
1987-07-23,AAPL,0.39550818130843257
1987-07-24,AAPL,0.4330332599096311
1987-07-27,AAPL,0.4783465556691472
1987-07-28,AAPL,0.5550611729752963
1987-07-29,AAPL,0.5460997248735451
1987-07-30,AAPL,0.5549928054217103
1987-07-31,AAPL,0.4655776526253037
1987-08-03,AAPL,0.35106416265513074
1987-08-04,AAPL,0.3815395531359574
1987-08-05,AAPL,0.4472469701946022
1987-08-06,AAPL,0.49471026426687514
1987-08-07,AAPL,0.5148444704893422
1987-08-10,AAPL,0.51808683242502
1987-08-11,AAPL,0.5316130363688815
1987-08-12,AAPL,0.48893246339551116
1987-08-13,AAPL,0.49408771089990106
1987-08-14,AAPL,0.49669736299934464
1987-08-17,AAPL,0.5393669653473607
1987-08-18,AAPL,0.6011353129442478
1987-08-19,AAPL,0.5696121795846242
1987-08-20,AAPL,0.634334873449063
1987-08-21,AAPL,0.6499657642036925
1987-08-24,AAPL,0.636022910914054
1987-08-25,AAPL,0.6590405727483417
1987-08-26,AAPL,0.6531567506170723
1987-08-27,AAPL,0.6418676849229362
1987-08-28,AAPL,0.6174246073464806
1987-08-31,AAPL,0.6567331411091577
1987-09-01,AAPL,0.6229917886950325
1987-09-02,AAPL,0.6425155293130255
1987-09-03,AAPL,0.6484633015134903
1987-09-04,AAPL,0.6231144243617434
1987-09-08,AAPL,0.6419830161816845
1987-09-09,AAPL,0.6241072940486299
1987-09-10,AAPL,0.5830013222686363
1987-09-11,AAPL,0.5598738835294846
1987-09-14,AAPL,0.546417458307142
1987-09-15,AAPL,0.5605144377102658
1987-09-16,AAPL,0.5717234415345699
1987-09-17,AAPL,0.5419338477006573
1987-09-18,AAPL,0.5276585600852916
1987-09-21,AAPL,0.4648094696201991
1987-09-22,AAPL,0.5069093959076794
1987-09-23,AAPL,0.53831044300858
1987-09-24,AAPL,0.542910881335306
1987-09-25,AAPL,0.5458991623645681
1987-09-28,AAPL,0.549612271616166
1987-09-29,AAPL,0.4651838522955329
1987-09-30,AAPL,0.4599151943169875
1987-10-01,AAPL,0.43989283176253824
1987-10-02,AAPL,0.46413280390531364
1987-10-05,AAPL,0.5125877759402009
1987-10-06,AAPL,0.5192491922288577
1987-10-07,AAPL,0.5416105652542693
1987-10-08,AAPL,0.5301469290769499
1987-10-09,AAPL,0.554575212777502
1987-10-12,AAPL,0.49149195432887643
1987-10-13,AAPL,0.48141876291629665
1987-10-14,AAPL,0.47073699249606704
1987-10-15,AAPL,0.47820207256735403
1987-10-16,AAPL,0.4964384902455497
1987-10-19,AAPL,0.4586553676595526
1987-10-20,AAPL,0.5498375053752054
1987-10-21,AAPL,0.4378812697153617
1987-10-22,AAPL,0.3911769838361911
1987-10-23,AAPL,0.39856500390249555
1987-10-26,AAPL,0.5339392050951903
1987-10-27,AAPL,0.5797560566460299
1987-10-28,AAPL,0.43806440296535915
1987-10-29,AAPL,0.2690361343498481
1987-10-30,AAPL,0.22188042813789774
1987-11-02,AAPL,0.1584571176191473
1987-11-03,AAPL,0.1773284265465168
1987-11-04,AAPL,0.19969237792228067
1987-11-05,AAPL,0.1311520540516151
1987-11-06,AAPL,0.11768316468958587
1987-11-09,AAPL,0.0719565057841843
1987-11-10,AAPL,0.06006424361867674
1987-11-11,AAPL,0.0663781499651946
1987-11-12,AAPL,0.06993250385612139
1987-11-13,AAPL,0.09409791378477156
1987-11-16,AAPL,0.17970633972766495
1987-11-17,AAPL,0.16710753485699892
1987-11-18,AAPL,0.10688800770566746
1987-11-19,AAPL,0.1299585577787245
1987-11-20,AAPL,0.15096474594286455
1987-11-23,AAPL,0.3166195882053052
1987-11-24,AAPL,0.32495493707575757
1987-11-25,AAPL,0.27668131595487183
1987-11-27,AAPL,0.3805937822179638
1987-11-30,AAPL,0.45280646347633324
1987-12-01,AAPL,0.43635657764841645
1987-12-02,AAPL,0.41981722153992956
1987-12-03,AAPL,0.43521327114060965
1987-12-04,AAPL,0.44780521460393535
1987-12-07,AAPL,0.43424952167942
1987-12-08,AAPL,0.4394461894060288
1987-12-09,AAPL,0.4128305367089197
1987-12-10,AAPL,0.4634501841739917
1987-12-11,AAPL,0.39479326639087403
1987-12-14,AAPL,0.36353794679985657
1987-12-15,AAPL,0.32240022667162216
1987-12-16,AAPL,0.35135549631555274
1987-12-17,AAPL,0.3484142787475791
1987-12-18,AAPL,0.4274401193990987
1987-12-21,AAPL,0.41388141682661594
1987-12-22,AAPL,0.4481894745007933
1987-12-23,AAPL,0.5181931684258118
1987-12-24,AAPL,0.5147311900082808
1987-12-28,AAPL,0.49141863693177773
1987-12-29,AAPL,0.5604687462162617
1987-12-30,AAPL,0.5525172607348371
1987-12-31,AAPL,0.5621726966603061
1988-01-04,AAPL,0.5988261542229992
1988-01-05,AAPL,0.6081239823666849
1988-01-06,AAPL,0.6076754423211019
1988-01-07,AAPL,0.5876531666619842
1988-01-08,AAPL,0.5926956421885847
1988-01-11,AAPL,0.5627143652746172
1988-01-12,AAPL,0.5706002397109191
1988-01-13,AAPL,0.5857213207679905
1988-01-14,AAPL,0.5746296442223875
1988-01-15,AAPL,0.6137601298384596
1988-01-18,AAPL,0.6091538035809547
1988-01-19,AAPL,0.6068987830228257
1988-01-20,AAPL,0.6194014200793175
1988-01-21,AAPL,0.613884784129329
1988-01-22,AAPL,0.546344167554532
1988-01-25,AAPL,0.5231873154390813
1988-01-26,AAPL,0.5462470022071976
1988-01-27,AAPL,0.5536269841335696
1988-01-28,AAPL,0.5825359072733222
1988-01-29,AAPL,0.5418690716329994
1988-02-01,AAPL,0.5315932722803385
1988-02-02,AAPL,0.5155163229077412
1988-02-03,AAPL,0.5046674443481239
1988-02-04,AAPL,0.4698119101719797
1988-02-05,AAPL,0.5243259040007007
1988-02-08,AAPL,0.5428756425281066
1988-02-09,AAPL,0.5589605968936718
1988-02-10,AAPL,0.5584246091611054
1988-02-11,AAPL,0.5528985300539067
1988-02-12,AAPL,0.5163088015881004
1988-02-16,AAPL,0.5340097117705987
1988-02-17,AAPL,0.5283004504630523
1988-02-18,AAPL,0.517946621797265
1988-02-19,AAPL,0.504775401816999
1988-02-22,AAPL,0.5271253755361549
1988-02-23,AAPL,0.5375408601788387
1988-02-24,AAPL,0.5803770370655718
1988-02-25,AAPL,0.5782531636068342
1988-02-26,AAPL,0.6056872599681292
1988-02-29,AAPL,0.5955145428512225
1988-03-01,AAPL,0.591343788273188
1988-03-02,AAPL,0.5922857288840394
1988-03-03,AAPL,0.6508703518080113
1988-03-04,AAPL,0.6215056375534255
1988-03-07,AAPL,0.6465572428201417
1988-03-08,AAPL,0.6277969873337219
1988-03-09,AAPL,0.631661946110333
1988-03-10,AAPL,0.6086715397805912
1988-03-11,AAPL,0.5959344831435472
1988-03-14,AAPL,0.6084750797367139
1988-03-15,AAPL,0.6196680165108008
1988-03-16,AAPL,0.6299285255264756
1988-03-17,AAPL,0.6478291993858766
1988-03-18,AAPL,0.6342360435594155
1988-03-21,AAPL,0.620278559691186
1988-03-22,AAPL,0.5887067682375192
1988-03-23,AAPL,0.5463779815983685
1988-03-24,AAPL,0.5549679040078138
1988-03-25,AAPL,0.5355946526038231
1988-03-28,AAPL,0.5606035573442419
1988-03-29,AAPL,0.5489566109595102
1988-03-30,AAPL,0.5900292735619629
1988-03-31,AAPL,0.5689688540676288
1988-04-04,AAPL,0.5509271650952032
1988-04-05,AAPL,0.5366934807925579
1988-04-06,AAPL,0.49608127466554447
1988-04-07,AAPL,0.49438188648430315
1988-04-08,AAPL,0.49972433623161155
1988-04-11,AAPL,0.49420953368018933
1988-04-12,AAPL,0.48345001230469326
1988-04-13,AAPL,0.4835831554654706
1988-04-14,AAPL,0.5015931009621962
1988-04-15,AAPL,0.5160897135230522
1988-04-18,AAPL,0.46448592330922894
1988-04-19,AAPL,0.47280903218498604
1988-04-20,AAPL,0.49250940289543843
1988-04-21,AAPL,0.4883387939001082
1988-04-22,AAPL,0.515811451698973
1988-04-25,AAPL,0.5143670721065482
1988-04-26,AAPL,0.4584027826132452
1988-04-27,AAPL,0.48387287833284187
1988-04-28,AAPL,0.4812868528044218
1988-04-29,AAPL,0.45999507678388213
1988-05-02,AAPL,0.46671656102868647
1988-05-03,AAPL,0.5009816522344589
1988-05-04,AAPL,0.6072535680274681
1988-05-05,AAPL,0.5849972773606599
1988-05-06,AAPL,0.5634873940404911
1988-05-09,AAPL,0.5369393642228772
1988-05-10,AAPL,0.5582980912723052
1988-05-11,AAPL,0.5437016367742187
1988-05-12,AAPL,0.5413404912411629
1988-05-13,AAPL,0.5286059687048844
1988-05-16,AAPL,0.5252461294942797
1988-05-17,AAPL,0.5362390578941314
1988-05-18,AAPL,0.5490475831373807
1988-05-19,AAPL,0.5684530001816723
1988-05-20,AAPL,0.5319760506968081
1988-05-23,AAPL,0.5198078439906857
1988-05-24,AAPL,0.515520619659456
1988-05-25,AAPL,0.5148226863040802
1988-05-26,AAPL,0.5240741387167221
1988-05-27,AAPL,0.5386886826470322
1988-05-31,AAPL,0.545252799259844
1988-06-01,AAPL,0.5837012028679581
1988-06-02,AAPL,0.5535898277385065
1988-06-03,AAPL,0.5423052616189871
1988-06-06,AAPL,0.5258818571818404
1988-06-07,AAPL,0.5635975986115196
1988-06-08,AAPL,0.5696123140686437
1988-06-09,AAPL,0.591483931921653
1988-06-10,AAPL,0.582670691837619
1988-06-13,AAPL,0.5911781693578626
1988-06-14,AAPL,0.6072508477543885
1988-06-15,AAPL,0.6008212161086313
1988-06-16,AAPL,0.5926567458389411
1988-06-17,AAPL,0.6032876523972268
1988-06-20,AAPL,0.5802831361924083
1988-06-21,AAPL,0.5932087936460999
1988-06-22,AAPL,0.62871392706888
1988-06-23,AAPL,0.5967389280874065
1988-06-24,AAPL,0.586904518873325
1988-06-27,AAPL,0.5869423831025012
1988-06-28,AAPL,0.5906793329093071
1988-06-29,AAPL,0.6221100166351115
1988-06-30,AAPL,0.6075453889866217
1988-07-01,AAPL,0.6002456339957261
1988-07-05,AAPL,0.6041538007387731
1988-07-06,AAPL,0.5874594479975405
1988-07-07,AAPL,0.6039602270382404
1988-07-08,AAPL,0.6075602399618196
1988-07-11,AAPL,0.6169215184806311
1988-07-12,AAPL,0.5910955138862108
1988-07-13,AAPL,0.5751774856605464
1988-07-14,AAPL,0.5855356490275754
1988-07-15,AAPL,0.6021759357784217
1988-07-18,AAPL,0.6324382928816571
1988-07-19,AAPL,0.5574495608385548
1988-07-20,AAPL,0.5412615759790037
1988-07-21,AAPL,0.5337127246598503
1988-07-22,AAPL,0.5086127016993575
1988-07-25,AAPL,0.4723131984010625
1988-07-26,AAPL,0.4775566340296316
1988-07-27,AAPL,0.5001695873461623
1988-07-28,AAPL,0.5020947489370894
1988-07-29,AAPL,0.5598410512065538
1988-08-01,AAPL,0.5559755385408394
1988-08-02,AAPL,0.5494867946278235
1988-08-03,AAPL,0.5389904566804329
1988-08-04,AAPL,0.5239088995429534
1988-08-05,AAPL,0.4888789521489659
1988-08-08,AAPL,0.49250556662495004
1988-08-09,AAPL,0.5342401728698434
1988-08-10,AAPL,0.5274902214338004
1988-08-11,AAPL,0.5399318615994766
1988-08-12,AAPL,0.5134929644883859
1988-08-15,AAPL,0.5215419260623968
1988-08-16,AAPL,0.5190078255486033
1988-08-17,AAPL,0.5227513618100742
1988-08-18,AAPL,0.4778118503929999
1988-08-19,AAPL,0.4916814549170549
1988-08-22,AAPL,0.4884153595940693
1988-08-23,AAPL,0.477487341675255
1988-08-24,AAPL,0.46982726779137785
1988-08-25,AAPL,0.47520317507794296
1988-08-26,AAPL,0.4696554054786154
1988-08-29,AAPL,0.4727742525459951
1988-08-30,AAPL,0.48898886613958636
1988-08-31,AAPL,0.48581562676559986
1988-09-01,AAPL,0.4944729164463079
1988-09-02,AAPL,0.4862616650432134
1988-09-06,AAPL,0.4300498758710868
1988-09-07,AAPL,0.4430875325573856
1988-09-08,AAPL,0.45463320799797896
1988-09-09,AAPL,0.48533295571859664
1988-09-12,AAPL,0.48637917345359
1988-09-13,AAPL,0.5048510930914712
1988-09-14,AAPL,0.5044538445515228
1988-09-15,AAPL,0.501272687877189
1988-09-16,AAPL,0.48274822010565643
1988-09-19,AAPL,0.48533559156471107
1988-09-20,AAPL,0.4995201610019785
1988-09-21,AAPL,0.5195203984019235
1988-09-22,AAPL,0.5541366174805851
1988-09-23,AAPL,0.5454403025588572
1988-09-26,AAPL,0.5616192831473915
1988-09-27,AAPL,0.5936266411404562
1988-09-28,AAPL,0.5741912732789817
1988-09-29,AAPL,0.5601247539059809
1988-09-30,AAPL,0.5540144926735959
1988-10-03,AAPL,0.5510346136460124
1988-10-04,AAPL,0.5236987612107773
1988-10-05,AAPL,0.555661585072794
1988-10-06,AAPL,0.5453910739978118
1988-10-07,AAPL,0.6191243460514277
1988-10-10,AAPL,0.593583635324549
1988-10-11,AAPL,0.5443921710755271
1988-10-12,AAPL,0.4947582134140362
1988-10-13,AAPL,0.5140042759973485
1988-10-14,AAPL,0.5197231050656435
1988-10-17,AAPL,0.48591422320058775
1988-10-18,AAPL,0.5007434576268335
1988-10-19,AAPL,0.5145561675033856
1988-10-20,AAPL,0.5141146909882434
1988-10-21,AAPL,0.51158134073205
1988-10-24,AAPL,0.5271669506583276
1988-10-25,AAPL,0.522062784634005
1988-10-26,AAPL,0.5478217630458273
1988-10-27,AAPL,0.5249582144687279
1988-10-28,AAPL,0.5352084757317326
1988-10-31,AAPL,0.5453163205013247
1988-11-01,AAPL,0.5318377320661721
1988-11-02,AAPL,0.529818228528972
1988-11-03,AAPL,0.546481253882642
1988-11-04,AAPL,0.5451244500506754
1988-11-07,AAPL,0.5276767795290982
1988-11-08,AAPL,0.515481491999643
1988-11-09,AAPL,0.48305890773846505
1988-11-10,AAPL,0.48070080170982143
1988-11-11,AAPL,0.4885801587255466
1988-11-14,AAPL,0.4999028213849406
1988-11-15,AAPL,0.5076352164022125
1988-11-16,AAPL,0.5056178911668916
1988-11-17,AAPL,0.5115822249136984
1988-11-18,AAPL,0.5013439751129817
1988-11-21,AAPL,0.5310613741686926
1988-11-22,AAPL,0.5274992669744777
1988-11-23,AAPL,0.5481722498492878
1988-11-25,AAPL,0.49953357399328363
1988-11-28,AAPL,0.521610104445871
1988-11-29,AAPL,0.48760383162600107
1988-11-30,AAPL,0.4908760457331187
1988-12-01,AAPL,0.5048081609812396
1988-12-02,AAPL,0.5647502471685575
1988-12-05,AAPL,0.5310591350662616
1988-12-06,AAPL,0.5235235288683524
1988-12-07,AAPL,0.5508327572107754
1988-12-08,AAPL,0.5325103462985928
1988-12-09,AAPL,0.5382557088153435
1988-12-12,AAPL,0.6009851192935257
1988-12-13,AAPL,0.6285507760418081
1988-12-14,AAPL,0.6261288381302386
1988-12-15,AAPL,0.6390502263478802
1988-12-16,AAPL,0.6534988057138126
1988-12-19,AAPL,0.662811536690259
1988-12-20,AAPL,0.6825920106467568
1988-12-21,AAPL,0.669469543517706
1988-12-22,AAPL,0.6129916625694654
1988-12-23,AAPL,0.6067034023631332
1988-12-27,AAPL,0.5942784698702862
1988-12-28,AAPL,0.5981061748501364
1988-12-29,AAPL,0.6264632075036436
1988-12-30,AAPL,0.6251492060996204
1989-01-03,AAPL,0.5992579073385433
1989-01-04,AAPL,0.6369182464087895
1989-01-05,AAPL,0.6422109108338696
1989-01-06,AAPL,0.6245124182102852
1989-01-09,AAPL,0.5947226978805379
1989-01-10,AAPL,0.5874600930134911
1989-01-11,AAPL,0.5887347847703247
1989-01-12,AAPL,0.5823673518659646
1989-01-13,AAPL,0.6202797950206261
1989-01-16,AAPL,0.6194435988014746
1989-01-17,AAPL,0.6710469999168873
1989-01-18,AAPL,0.6187328423690359
1989-01-19,AAPL,0.5728123994197292
1989-01-20,AAPL,0.5586435967959513
1989-01-23,AAPL,0.5564823844896849
1989-01-24,AAPL,0.5517174135265829
1989-01-25,AAPL,0.5276627856953463
1989-01-26,AAPL,0.5504521461434259
1989-01-27,AAPL,0.7038773777751577
1989-01-30,AAPL,0.5318673052359186
1989-01-31,AAPL,0.5152570034691778
1989-02-01,AAPL,0.5108872730438447
1989-02-02,AAPL,0.4924257513837067
1989-02-03,AAPL,0.469238239291556
1989-02-06,AAPL,0.47979740875959137
1989-02-07,AAPL,0.4827055316433435
1989-02-08,AAPL,0.45551301151299756
1989-02-09,AAPL,0.43693528847246793
1989-02-10,AAPL,0.45319515293770773
1989-02-13,AAPL,0.42457689592150055
1989-02-14,AAPL,0.5050283791579468
1989-02-15,AAPL,0.4479942363214489
1989-02-16,AAPL,0.4620582039672183
1989-02-17,AAPL,0.45384234792651
1989-02-21,AAPL,0.45134193580262594
1989-02-22,AAPL,0.4155142941737875
1989-02-23,AAPL,0.3802581009014378
1989-02-24,AAPL,0.38111721747146066
1989-02-27,AAPL,0.43822364990432316
1989-02-28,AAPL,0.4287946124354922
1989-03-01,AAPL,0.44078221825981356
1989-03-02,AAPL,0.4754712860404809
1989-03-03,AAPL,0.49074988293700456
1989-03-06,AAPL,0.46289025526250394
1989-03-07,AAPL,0.49763780003763947
1989-03-08,AAPL,0.4726716635651446
1989-03-09,AAPL,0.45574092018185836
1989-03-10,AAPL,0.4441757237561227
1989-03-13,AAPL,0.42453539025399134
1989-03-14,AAPL,0.4420828992822433
1989-03-15,AAPL,0.44423401030251647
1989-03-16,AAPL,0.49051239991350015
1989-03-17,AAPL,0.4817538453108819
1989-03-20,AAPL,0.4749533895811165
1989-03-21,AAPL,0.46936265961841545
1989-03-22,AAPL,0.48364002747012763
1989-03-23,AAPL,0.4882755135138122
1989-03-27,AAPL,0.4641498988099657
1989-03-28,AAPL,0.45780652666558674
1989-03-29,AAPL,0.458197109569443
1989-03-30,AAPL,0.49831343958663665
1989-03-31,AAPL,0.5187068976232424
1989-04-03,AAPL,0.5139942245232056
1989-04-04,AAPL,0.4936387761114413
1989-04-05,AAPL,0.5078930999576269
1989-04-06,AAPL,0.5208548235188516
1989-04-07,AAPL,0.5755080761748844
1989-04-10,AAPL,0.527649407482259
1989-04-11,AAPL,0.5375694370269835
1989-04-12,AAPL,0.6109009254859487
1989-04-13,AAPL,0.5639765435069671
1989-04-14,AAPL,0.5682391252360615
1989-04-17,AAPL,0.5834501502182449
1989-04-18,AAPL,0.6626242127066577
1989-04-19,AAPL,0.6324697074648729
1989-04-20,AAPL,0.602881709004835
1989-04-21,AAPL,0.6015289315301587
1989-04-24,AAPL,0.6298384526373436
1989-04-25,AAPL,0.6293347731371935
1989-04-26,AAPL,0.6301662316604081
1989-04-27,AAPL,0.5998198007973283
1989-04-28,AAPL,0.6043351428095388
1989-05-01,AAPL,0.5956573806741624
1989-05-02,AAPL,0.6225800746016872
1989-05-03,AAPL,0.6322408374838521
1989-05-04,AAPL,0.6372262139827601
1989-05-05,AAPL,0.6880228781785074
1989-05-08,AAPL,0.6444990482267304
1989-05-09,AAPL,0.6529163110619048
1989-05-10,AAPL,0.6482962353565287
1989-05-11,AAPL,0.6819138909399418
1989-05-12,AAPL,0.7010208085065066
1989-05-15,AAPL,0.6821110847124452
1989-05-16,AAPL,0.6664152320114806
1989-05-17,AAPL,0.6770605677149093
1989-05-18,AAPL,0.669321865743813
1989-05-19,AAPL,0.6846620408666735
1989-05-22,AAPL,0.659110239893691
1989-05-23,AAPL,0.6439318032751752
1989-05-24,AAPL,0.6569981726125103
1989-05-25,AAPL,0.65414492720848
1989-05-26,AAPL,0.641475432190636
1989-05-30,AAPL,0.6282739859335382
1989-05-31,AAPL,0.633212519318686
1989-06-01,AAPL,0.636078972041363
1989-06-02,AAPL,0.6219711565303272
1989-06-05,AAPL,0.5814570230809524
1989-06-06,AAPL,0.5970045109799286
1989-06-07,AAPL,0.6108726086378236
1989-06-08,AAPL,0.6097489034555463
1989-06-09,AAPL,0.5778412340766731
1989-06-12,AAPL,0.58420413581448
1989-06-13,AAPL,0.6247643301349874
1989-06-14,AAPL,0.6005371422734166
1989-06-15,AAPL,0.5562995693606783
1989-06-16,AAPL,0.6143401585964011
1989-06-19,AAPL,0.5521462413607763
1989-06-20,AAPL,0.5325985142481002
1989-06-21,AAPL,0.5094119480238771
1989-06-22,AAPL,0.5216914681242643
1989-06-23,AAPL,0.5325080988812587
1989-06-26,AAPL,0.5395998372604839
1989-06-27,AAPL,0.4998065792824644
1989-06-28,AAPL,0.5300194136598063
1989-06-29,AAPL,0.5231043295186821
1989-06-30,AAPL,0.4931797225760449
1989-07-03,AAPL,0.45221496873680017
1989-07-05,AAPL,0.4399896114369296
1989-07-06,AAPL,0.46103588087690967
1989-07-07,AAPL,0.45650001814937874
1989-07-10,AAPL,0.4683856252891848
1989-07-11,AAPL,0.4756095983872784
1989-07-12,AAPL,0.45049004092960665
1989-07-13,AAPL,0.4436898645608621
1989-07-14,AAPL,0.43156068708975587
1989-07-17,AAPL,0.43579881502464446
1989-07-18,AAPL,0.5083098903728029
1989-07-19,AAPL,0.47394073257888975
1989-07-20,AAPL,0.48011130834264254
1989-07-21,AAPL,0.4404414127827607
1989-07-24,AAPL,0.43541007621228395
1989-07-25,AAPL,0.4617839043855433
1989-07-26,AAPL,0.4361860679319709
1989-07-27,AAPL,0.43372795861268865
1989-07-28,AAPL,0.4379857596453666
1989-07-31,AAPL,0.454975373642958
1989-08-01,AAPL,0.46130077844193396
1989-08-02,AAPL,0.4463698734237303
1989-08-03,AAPL,0.4573415674876942
1989-08-04,AAPL,0.45763944519873717
1989-08-07,AAPL,0.490092561890471
1989-08-08,AAPL,0.4969178565689346
1989-08-09,AAPL,0.5129215996614321
1989-08-10,AAPL,0.49519150473861007
1989-08-11,AAPL,0.5128233844670258
1989-08-14,AAPL,0.48505833781770663
1989-08-15,AAPL,0.5231816198085117
1989-08-16,AAPL,0.49908978647873203
1989-08-17,AAPL,0.5165009034278313
1989-08-18,AAPL,0.5028944432257109
1989-08-21,AAPL,0.5290480788689077
1989-08-22,AAPL,0.5248267052563231
1989-08-23,AAPL,0.552287877939718
1989-08-24,AAPL,0.539642827321449
1989-08-25,AAPL,0.5313896263067297
1989-08-28,AAPL,0.5143299133521722
1989-08-29,AAPL,0.5360173056850434
1989-08-30,AAPL,0.5373555589725593
1989-08-31,AAPL,0.5484027273429762
1989-09-01,AAPL,0.5860635856115897
1989-09-05,AAPL,0.594255473831577
1989-09-06,AAPL,0.6263874377739012
1989-09-07,AAPL,0.6278343734711748
1989-09-08,AAPL,0.6033705895793109
1989-09-11,AAPL,0.6300318971747163
1989-09-12,AAPL,0.6430175018484716
1989-09-13,AAPL,0.5963254982557155
1989-09-14,AAPL,0.5924353303244418
1989-09-15,AAPL,0.5813613343318548
1989-09-18,AAPL,0.5370533288595201
1989-09-19,AAPL,0.5454904251664924
1989-09-20,AAPL,0.5749893815410367
1989-09-21,AAPL,0.6067516814346502
1989-09-22,AAPL,0.5648727877841991
1989-09-25,AAPL,0.5919382890017892
1989-09-26,AAPL,0.5730984261614801
1989-09-27,AAPL,0.5687022537173504
1989-09-28,AAPL,0.566632892601023
1989-09-29,AAPL,0.5295000574844827
1989-10-02,AAPL,0.541916730877251
1989-10-03,AAPL,0.5575475144542325
1989-10-04,AAPL,0.5622115315533447
1989-10-05,AAPL,0.5849226822322068
1989-10-06,AAPL,0.6230239289366905
1989-10-09,AAPL,0.5865404745126072
1989-10-10,AAPL,0.6007124617432218
1989-10-11,AAPL,0.5621826798011078
1989-10-12,AAPL,0.5393731250145187
1989-10-13,AAPL,0.5271852658863283
1989-10-16,AAPL,0.5846466100576735
1989-10-17,AAPL,0.5636042857656818
1989-10-18,AAPL,0.5423719477239974
1989-10-19,AAPL,0.5524124409731194
1989-10-20,AAPL,0.5928126911865138
1989-10-23,AAPL,0.5655776315687583
1989-10-24,AAPL,0.5813176700704897
1989-10-25,AAPL,0.5430243756830542
1989-10-26,AAPL,0.5132397270310147
1989-10-27,AAPL,0.4894828767013318
1989-10-30,AAPL,0.4864884282787529
1989-10-31,AAPL,0.4959594853280837
1989-11-01,AAPL,0.49621944675469737
1989-11-02,AAPL,0.5908599695721702
1989-11-03,AAPL,0.5242405607836682
1989-11-06,AAPL,0.4924390764577692
1989-11-07,AAPL,0.47046729011372584
1989-11-08,AAPL,0.4598954443744815
1989-11-09,AAPL,0.4612602904415704
1989-11-10,AAPL,0.4953030562470711
1989-11-13,AAPL,0.47610331091013464
1989-11-14,AAPL,0.47984449039238924
1989-11-15,AAPL,0.49114770916438577
1989-11-16,AAPL,0.48369787416394633
1989-11-17,AAPL,0.4684730124987519
1989-11-20,AAPL,0.46688800184995116
1989-11-21,AAPL,0.48679513655271295
1989-11-22,AAPL,0.5032972734037728
1989-11-24,AAPL,0.49872850815758785
1989-11-27,AAPL,0.5130478546298662
1989-11-28,AAPL,0.5067936407868288
1989-11-29,AAPL,0.48728724955780534
1989-11-30,AAPL,0.43439975926324825
1989-12-01,AAPL,0.4528773475278785
1989-12-04,AAPL,0.47754239173494123
1989-12-05,AAPL,0.5229926136735091
1989-12-06,AAPL,0.5668853748185145
1989-12-07,AAPL,0.5021432831020916
1989-12-08,AAPL,0.517569834202539
1989-12-11,AAPL,0.5754754367676503
1989-12-12,AAPL,0.6123432633797419
1989-12-13,AAPL,0.49651674444533284
1989-12-14,AAPL,0.4843975259154
1989-12-15,AAPL,0.5244998628560257
1989-12-18,AAPL,0.4852812694469037
1989-12-19,AAPL,0.47719488216330186
1989-12-20,AAPL,0.4525335641902633
1989-12-21,AAPL,0.46168118375007033
1989-12-22,AAPL,0.42010969903071116
1989-12-26,AAPL,0.41071666360152614
1989-12-27,AAPL,0.4171384878888756
1989-12-28,AAPL,0.39393858065561843
1989-12-29,AAPL,0.385069860632737
1990-01-02,AAPL,0.395260882817075
1990-01-03,AAPL,0.4085344450510002
1990-01-04,AAPL,0.4015104351625585
1990-01-05,AAPL,0.4307934320835132
1990-01-08,AAPL,0.43525927790901997
1990-01-09,AAPL,0.40095768137151255
1990-01-10,AAPL,0.41998129686676217
1990-01-11,AAPL,0.46740721276621744
1990-01-12,AAPL,0.4582267764482623
1990-01-15,AAPL,0.46590815812040637
1990-01-16,AAPL,0.5128675138652505
1990-01-17,AAPL,0.5118708562712434
1990-01-18,AAPL,0.5343969680610247
1990-01-19,AAPL,0.5038945626220567
1990-01-22,AAPL,0.4358693307985489
1990-01-23,AAPL,0.42895304665005934
1990-01-24,AAPL,0.4633071390127384
1990-01-25,AAPL,0.46890216066523804
1990-01-26,AAPL,0.46670956727950597
1990-01-29,AAPL,0.4707091776964709
1990-01-30,AAPL,0.4809923651456986
1990-01-31,AAPL,0.5063264246546028
1990-02-01,AAPL,0.5013371217904445
1990-02-02,AAPL,0.49811060813108815
1990-02-05,AAPL,0.4706127151466408
1990-02-06,AAPL,0.47966945968141333
1990-02-07,AAPL,0.5386980394828436
1990-02-08,AAPL,0.5038755564164774
1990-02-09,AAPL,0.523669497630585
1990-02-12,AAPL,0.4908541220884391
1990-02-13,AAPL,0.483289378369091
1990-02-14,AAPL,0.5257040632238155
1990-02-15,AAPL,0.5767953380500905
1990-02-16,AAPL,0.5594936387324717
1990-02-20,AAPL,0.5511323521997599
1990-02-21,AAPL,0.5619005328419083
1990-02-22,AAPL,0.5666732408899225
1990-02-23,AAPL,0.5408826749834114
1990-02-26,AAPL,0.5420582109384949
1990-02-27,AAPL,0.53935941947093
1990-02-28,AAPL,0.5652677552639035
1990-03-01,AAPL,0.5998425376533038
1990-03-02,AAPL,0.5453113781211614
1990-03-05,AAPL,0.5702223625725258
1990-03-06,AAPL,0.5566686136309028
1990-03-07,AAPL,0.5683050279838985
1990-03-08,AAPL,0.6183770784551372
1990-03-09,AAPL,0.647729583682366
1990-03-12,AAPL,0.6369362249704456
1990-03-13,AAPL,0.630144455406538
1990-03-14,AAPL,0.6507816540132879
1990-03-15,AAPL,0.6457826789681635
1990-03-16,AAPL,0.6542368713282668
1990-03-19,AAPL,0.6386748797848224
1990-03-20,AAPL,0.6284200302676793
1990-03-21,AAPL,0.6063308585675049
1990-03-22,AAPL,0.6387968256245886
1990-03-23,AAPL,0.6187016537064602
1990-03-26,AAPL,0.6012816682499548
1990-03-27,AAPL,0.6198703926331536
1990-03-28,AAPL,0.6000188043037019
1990-03-29,AAPL,0.608950629701327
1990-03-30,AAPL,0.606769843270488
1990-04-02,AAPL,0.5916010672585919
1990-04-03,AAPL,0.5951581461965805
1990-04-04,AAPL,0.6027038764255762
1990-04-05,AAPL,0.5352051880505103
1990-04-06,AAPL,0.4898472018105132
1990-04-09,AAPL,0.5218937872532577
1990-04-10,AAPL,0.515625405300639
1990-04-11,AAPL,0.5613280790482176
1990-04-12,AAPL,0.5562542740080851
1990-04-16,AAPL,0.5963126103109142
1990-04-17,AAPL,0.5796684814275591
1990-04-18,AAPL,0.6132653347539045
1990-04-19,AAPL,0.5921906546555352
1990-04-20,AAPL,0.5941967145814848
1990-04-23,AAPL,0.5595867972393502
1990-04-24,AAPL,0.543935563817628
1990-04-25,AAPL,0.5192730455391534
1990-04-26,AAPL,0.5484851416603915
1990-04-27,AAPL,0.5415782860448201
1990-04-30,AAPL,0.5195076002378952
1990-05-01,AAPL,0.5260450886262007
1990-05-02,AAPL,0.48097106398919054
1990-05-03,AAPL,0.47051257714971273
1990-05-04,AAPL,0.4612634593006288
1990-05-07,AAPL,0.5003117488969167
1990-05-08,AAPL,0.4991821354836765
1990-05-09,AAPL,0.5717232023363056
1990-05-10,AAPL,0.5560555009322011
1990-05-11,AAPL,0.5828162803152369
1990-05-14,AAPL,0.574324383161674
1990-05-15,AAPL,0.5632142976235216
1990-05-16,AAPL,0.5405469511782923
1990-05-17,AAPL,0.6184545171159453
1990-05-18,AAPL,0.5705971854353035
1990-05-21,AAPL,0.5682148715353145
1990-05-22,AAPL,0.5883499225726517
1990-05-23,AAPL,0.5788092507010921
1990-05-24,AAPL,0.5720991369766779
1990-05-25,AAPL,0.5419270450667746
1990-05-29,AAPL,0.5419427450777765
1990-05-30,AAPL,0.5338544930201982
1990-05-31,AAPL,0.5127007484487172
1990-06-01,AAPL,0.48944032511241536
1990-06-04,AAPL,0.5255960551821699
1990-06-05,AAPL,0.5261873999426951
1990-06-06,AAPL,0.5033926141692541
1990-06-07,AAPL,0.49370550802270774
1990-06-08,AAPL,0.5296305932972122
1990-06-11,AAPL,0.5199906385136113
1990-06-12,AAPL,0.48935658131703236
1990-06-13,AAPL,0.4609792430803473
1990-06-14,AAPL,0.46459876261685457
1990-06-15,AAPL,0.48927555260399314
1990-06-18,AAPL,0.46940322357410097
1990-06-19,AAPL,0.47261638848212445
1990-06-20,AAPL,0.4910365198750307
1990-06-21,AAPL,0.5101485189812813
1990-06-22,AAPL,0.5174534568391754
1990-06-25,AAPL,0.5574659178408425
1990-06-26,AAPL,0.5429617575809252
1990-06-27,AAPL,0.5526333107359781
1990-06-28,AAPL,0.5717074626930094
1990-06-29,AAPL,0.5748073560838219
1990-07-02,AAPL,0.5279722694406337
1990-07-03,AAPL,0.571722221020132
1990-07-05,AAPL,0.5629944264662216
1990-07-06,AAPL,0.5799685422095758
1990-07-09,AAPL,0.6089537037693491
1990-07-10,AAPL,0.617167382014706
1990-07-11,AAPL,0.6098497422977488
1990-07-12,AAPL,0.6071464608566661
1990-07-13,AAPL,0.6040157397163222
1990-07-16,AAPL,0.5798559758788803
1990-07-17,AAPL,0.5778480849949165
1990-07-18,AAPL,0.5932297483745865
1990-07-19,AAPL,0.5717089958851027
1990-07-20,AAPL,0.49884194874240256
1990-07-23,AAPL,0.5238797918045855
1990-07-24,AAPL,0.5285092710143587
1990-07-25,AAPL,0.53453628131035
1990-07-26,AAPL,0.5168477737209485
1990-07-27,AAPL,0.4741089489773466
1990-07-30,AAPL,0.4808118318157411
1990-07-31,AAPL,0.4855485403977707
1990-08-01,AAPL,0.4764122998458516
1990-08-02,AAPL,0.5298738777781278
1990-08-03,AAPL,0.5368582917463097
1990-08-06,AAPL,0.5293691864059156
1990-08-07,AAPL,0.5141684014991972
1990-08-08,AAPL,0.5003795618009355
1990-08-09,AAPL,0.4907664083573418
1990-08-10,AAPL,0.4823012783058741
1990-08-13,AAPL,0.4854649021820466
1990-08-14,AAPL,0.4761554139181341
1990-08-15,AAPL,0.46883666245511374
1990-08-16,AAPL,0.5155663746608503
1990-08-17,AAPL,0.5249990361780107
1990-08-20,AAPL,0.4945224971542577
1990-08-21,AAPL,0.49834577454535783
1990-08-22,AAPL,0.46066272762607097
1990-08-23,AAPL,0.46884001072851283
1990-08-24,AAPL,0.46953074490915886
1990-08-27,AAPL,0.4445404323378179
1990-08-28,AAPL,0.4239320188766711
1990-08-29,AAPL,0.4431598318492372
1990-08-30,AAPL,0.4466059162704048
1990-08-31,AAPL,0.43906995734292276
1990-09-04,AAPL,0.43995989983917183
1990-09-05,AAPL,0.4399728601589938
1990-09-06,AAPL,0.4550094813633147
1990-09-07,AAPL,0.47597930904878766
1990-09-10,AAPL,0.46604417208278975
1990-09-11,AAPL,0.47374680701262417
1990-09-12,AAPL,0.46194788317994584
1990-09-13,AAPL,0.4713985146743501
1990-09-14,AAPL,0.45304027302796457
1990-09-17,AAPL,0.41486871101081974
1990-09-18,AAPL,0.4194547411293561
1990-09-19,AAPL,0.4485833809123551
1990-09-20,AAPL,0.4530606059326559
1990-09-21,AAPL,0.44033383365377327
1990-09-24,AAPL,0.4461665797189916
1990-09-25,AAPL,0.48938263718423897
1990-09-26,AAPL,0.47581129011850154
1990-09-27,AAPL,0.47674748590930976
1990-09-28,AAPL,0.48720599549115706
1990-10-01,AAPL,0.48365378876332804
1990-10-02,AAPL,0.5079036493538085
1990-10-03,AAPL,0.5053299446076022
1990-10-04,AAPL,0.4904168119985819
1990-10-05,AAPL,0.45166174774880186
1990-10-08,AAPL,0.4228148873566734
1990-10-09,AAPL,0.46280642636284935
1990-10-10,AAPL,0.501449306737781
1990-10-11,AAPL,0.48698927328305963
1990-10-12,AAPL,0.47496397394876944
1990-10-15,AAPL,0.454913161629642
1990-10-16,AAPL,0.5001794773745077
1990-10-17,AAPL,0.4899050607263438
1990-10-18,AAPL,0.4166904463290474
1990-10-19,AAPL,0.3915356290713288
1990-10-22,AAPL,0.3386090217590806
1990-10-23,AAPL,0.3890661904660015
1990-10-24,AAPL,0.3769120217381966
1990-10-25,AAPL,0.38441754089453684
1990-10-26,AAPL,0.34896085488893924
1990-10-29,AAPL,0.357264990101539
1990-10-30,AAPL,0.4047119652792499
1990-10-31,AAPL,0.45518043848382383
1990-11-01,AAPL,0.4314499806659251
1990-11-02,AAPL,0.42316545202704076
1990-11-05,AAPL,0.4517487752013373
1990-11-06,AAPL,0.47341215798865627
1990-11-07,AAPL,0.5065919038639743
1990-11-08,AAPL,0.47315304870751573
1990-11-09,AAPL,0.48020080857907327
1990-11-12,AAPL,0.4978174023147503
1990-11-13,AAPL,0.6348986414060364
1990-11-14,AAPL,0.6613068959209901
1990-11-15,AAPL,0.6358765148663185
1990-11-16,AAPL,0.652948185647932
1990-11-19,AAPL,0.6426053967512018
1990-11-20,AAPL,0.6257804899063331
1990-11-21,AAPL,0.6414188598542477
1990-11-23,AAPL,0.6390213285529144
1990-11-26,AAPL,0.639924777791696
1990-11-27,AAPL,0.6555332802086544
1990-11-28,AAPL,0.6632032300453136
1990-11-29,AAPL,0.6347188588414924
1990-11-30,AAPL,0.6366473836979121
1990-12-03,AAPL,0.6398769481637863
1990-12-04,AAPL,0.6400965763241742
1990-12-05,AAPL,0.6526374841306056
1990-12-06,AAPL,0.7171183442384822
1990-12-07,AAPL,0.7100601000816137
1990-12-10,AAPL,0.6672553280717228
1990-12-11,AAPL,0.6524080594119492
1990-12-12,AAPL,0.6284265361050272
1990-12-13,AAPL,0.6070886452875733
1990-12-14,AAPL,0.5962896556969592
1990-12-17,AAPL,0.6125759150130934
1990-12-18,AAPL,0.6319854293084902
1990-12-19,AAPL,0.6366337746903252
1990-12-20,AAPL,0.6491613424716907
1990-12-21,AAPL,0.636799716500834
1990-12-24,AAPL,0.5971515588257366
1990-12-26,AAPL,0.578106456015938
1990-12-27,AAPL,0.5834384022305764
1990-12-28,AAPL,0.5452970240634417
1990-12-31,AAPL,0.557339369028417
1991-01-02,AAPL,0.6094084140217462
1991-01-03,AAPL,0.6040942401268999
1991-01-04,AAPL,0.588319469722965
1991-01-07,AAPL,0.6108514243623936
1991-01-08,AAPL,0.5930838894529807
1991-01-09,AAPL,0.5901407050657359
1991-01-10,AAPL,0.6325389546811235
1991-01-11,AAPL,0.6085440934220165
1991-01-14,AAPL,0.5676825822622278
1991-01-15,AAPL,0.6091160601992696
1991-01-16,AAPL,0.6184931753780454
1991-01-17,AAPL,0.6355373797190126
1991-01-18,AAPL,0.6569416952458603
1991-01-21,AAPL,0.6353300104568788
1991-01-22,AAPL,0.6321561687535773
1991-01-23,AAPL,0.6376022653738896
1991-01-24,AAPL,0.6364625957715342
1991-01-25,AAPL,0.6421269391509147
1991-01-28,AAPL,0.6610000243037479
1991-01-29,AAPL,0.6466170815230468
1991-01-30,AAPL,0.634601529163955
1991-01-31,AAPL,0.6478068293540385
1991-02-01,AAPL,0.6754063640032533
1991-02-04,AAPL,0.6665835259085431
1991-02-05,AAPL,0.6607157864084682
1991-02-06,AAPL,0.6210468037479677
1991-02-07,AAPL,0.6454035091789199
1991-02-08,AAPL,0.6406793417502168
1991-02-11,AAPL,0.6585379297629155
1991-02-12,AAPL,0.6343143784159535
1991-02-13,AAPL,0.6360964594801454
1991-02-14,AAPL,0.5891324710198782
1991-02-15,AAPL,0.5887962623321695
1991-02-19,AAPL,0.586931262468175
1991-02-20,AAPL,0.579347052689028
1991-02-21,AAPL,0.5687588699697063
1991-02-22,AAPL,0.5764020059874251
1991-02-25,AAPL,0.5697863545718015
1991-02-26,AAPL,0.5300186403450841
1991-02-27,AAPL,0.5395614212822696
1991-02-28,AAPL,0.5250341377248908
1991-03-01,AAPL,0.5010624399605899
1991-03-04,AAPL,0.48731306972273797
1991-03-05,AAPL,0.5062303184469221
1991-03-06,AAPL,0.5068897959078492
1991-03-07,AAPL,0.5277476925956233
1991-03-08,AAPL,0.5129513443880332
1991-03-11,AAPL,0.4787133784622633
1991-03-12,AAPL,0.44811394499794915
1991-03-13,AAPL,0.4596106443980579
1991-03-14,AAPL,0.4504451677431542
1991-03-15,AAPL,0.49791120846732206
1991-03-18,AAPL,0.4996808822241633
1991-03-19,AAPL,0.5015776533620336
1991-03-20,AAPL,0.48903539142662417
1991-03-21,AAPL,0.4936246705073682
1991-03-22,AAPL,0.48776604013034836
1991-03-25,AAPL,0.46011123723458686
1991-03-26,AAPL,0.44543171421014177
1991-03-27,AAPL,0.420535477961919
1991-03-28,AAPL,0.44723527724476797
1991-04-01,AAPL,0.4611358583892292
1991-04-02,AAPL,0.4639546379139486
1991-04-03,AAPL,0.4188538863400907
1991-04-04,AAPL,0.4250869392311578
1991-04-05,AAPL,0.4240315515554392
1991-04-08,AAPL,0.4280423382317278
1991-04-09,AAPL,0.41640573842954437
1991-04-10,AAPL,0.4290071266278538
1991-04-11,AAPL,0.42149633898536687
1991-04-12,AAPL,0.4522056596677545
1991-04-15,AAPL,0.4580776061833741
1991-04-16,AAPL,0.35386156100501487
1991-04-17,AAPL,0.35183491366724545
1991-04-18,AAPL,0.3529632554868908
1991-04-19,AAPL,0.37033681346585223
1991-04-22,AAPL,0.36034483461255323
1991-04-23,AAPL,0.36033623888468846
1991-04-24,AAPL,0.3496262394116542
1991-04-25,AAPL,0.3617662156274543
1991-04-26,AAPL,0.35007883293845204
1991-04-29,AAPL,0.3590943881760342
1991-04-30,AAPL,0.38283146880140606
1991-05-01,AAPL,0.3922073992881816
1991-05-02,AAPL,0.3273634073661341
1991-05-03,AAPL,0.2905137281389306
1991-05-06,AAPL,0.25793246516095725
1991-05-07,AAPL,0.253745259403243
1991-05-08,AAPL,0.272411614694991
1991-05-09,AAPL,0.2630520890133189
1991-05-10,AAPL,0.2330681788667591
1991-05-13,AAPL,0.28954693212719457
1991-05-14,AAPL,0.2849167089360819
1991-05-15,AAPL,0.3264751397942528
1991-05-16,AAPL,0.3271428861699384
1991-05-17,AAPL,0.3365922462617586
1991-05-20,AAPL,0.33252500640822613
1991-05-21,AAPL,0.3227568199182729
1991-05-22,AAPL,0.2965103692630875
1991-05-23,AAPL,0.3065941428267558
1991-05-24,AAPL,0.2802340713595332
1991-05-28,AAPL,0.2773565905282933
1991-05-29,AAPL,0.29620451070756004
1991-05-30,AAPL,0.40610820973738637
1991-05-31,AAPL,0.406244234830714
1991-06-03,AAPL,0.3858110806665101
1991-06-04,AAPL,0.38212619756212945
1991-06-05,AAPL,0.380162786194268
1991-06-06,AAPL,0.3884129050599462
1991-06-07,AAPL,0.39849401170730536
1991-06-10,AAPL,0.40838266568237275
1991-06-11,AAPL,0.3831267013823132
1991-06-12,AAPL,0.3757524468524102
1991-06-13,AAPL,0.3933880254987034
1991-06-14,AAPL,0.3981769060607272
1991-06-17,AAPL,0.40603944630614835
1991-06-18,AAPL,0.4392913120565327
1991-06-19,AAPL,0.43308267058780486
1991-06-20,AAPL,0.4361303549272778
1991-06-21,AAPL,0.39981303768632104
1991-06-24,AAPL,0.39725718729215664
1991-06-25,AAPL,0.4105764399661558
1991-06-26,AAPL,0.4326371776639234
1991-06-27,AAPL,0.42738833134801213
1991-06-28,AAPL,0.4383001233796889
1991-07-01,AAPL,0.4561184311637508
1991-07-02,AAPL,0.4684172254971921
1991-07-03,AAPL,0.49336623452299433
1991-07-05,AAPL,0.5183180343645559
1991-07-08,AAPL,0.5234071708965052
1991-07-09,AAPL,0.52102199075762
1991-07-10,AAPL,0.5507426340008935
1991-07-11,AAPL,0.5841319865483822
1991-07-12,AAPL,0.5863748193687149
1991-07-15,AAPL,0.590800953719768
1991-07-16,AAPL,0.5608846136269662
1991-07-17,AAPL,0.5449447816324918
1991-07-18,AAPL,0.5584612246469794
1991-07-19,AAPL,0.5498118612806258
1991-07-22,AAPL,0.5473332034764563
1991-07-23,AAPL,0.5612039637223071
1991-07-24,AAPL,0.5546530697596381
1991-07-25,AAPL,0.5060010563665597
1991-07-26,AAPL,0.4879911506272321
1991-07-29,AAPL,0.507954657108247
1991-07-30,AAPL,0.5177121562435847
1991-07-31,AAPL,0.5374089485946973
1991-08-01,AAPL,0.5574751438184935
1991-08-02,AAPL,0.5653873574181807
1991-08-05,AAPL,0.5538203370983302
1991-08-06,AAPL,0.5793737610204235
1991-08-07,AAPL,0.561339149790859
1991-08-08,AAPL,0.5533418989929368
1991-08-09,AAPL,0.556372850442677
1991-08-12,AAPL,0.5991445344472699
1991-08-13,AAPL,0.6400411191681025
1991-08-14,AAPL,0.6672588319447847
1991-08-15,AAPL,0.6431987544403096
1991-08-16,AAPL,0.6407737159349873
1991-08-19,AAPL,0.6235379071521022
1991-08-20,AAPL,0.6242694592701133
1991-08-21,AAPL,0.598343973019118
1991-08-22,AAPL,0.6008744900369088
1991-08-23,AAPL,0.6233779808642977
1991-08-26,AAPL,0.6076884068311041
1991-08-27,AAPL,0.5951419820319439
1991-08-28,AAPL,0.5839723739384788
1991-08-29,AAPL,0.5823340195858654
1991-08-30,AAPL,0.5674504656401813
1991-09-03,AAPL,0.5680645178659939
1991-09-04,AAPL,0.5375594351175684
1991-09-05,AAPL,0.5334482667997058
1991-09-06,AAPL,0.5322688581376313
1991-09-09,AAPL,0.5667457182082497
1991-09-10,AAPL,0.5273861203551677
1991-09-11,AAPL,0.47649045318891325
1991-09-12,AAPL,0.4615658196292842
1991-09-13,AAPL,0.4683046870213832
1991-09-16,AAPL,0.4625977936987195
1991-09-17,AAPL,0.48749120330005125
1991-09-18,AAPL,0.49899346691462676
1991-09-19,AAPL,0.5055718679362501
1991-09-20,AAPL,0.5079557230650006
1991-09-23,AAPL,0.5083590264968906
1991-09-24,AAPL,0.5174904061491362
1991-09-25,AAPL,0.5074320714124594
1991-09-26,AAPL,0.5053992264791971
1991-09-27,AAPL,0.4799284147153067
1991-09-30,AAPL,0.49887631855217696
1991-10-01,AAPL,0.4996821992770922
1991-10-02,AAPL,0.48815809502481916
1991-10-03,AAPL,0.5119734297275255
1991-10-04,AAPL,0.5041835104426594
1991-10-07,AAPL,0.47153619580017747
1991-10-08,AAPL,0.4984129766846467
1991-10-09,AAPL,0.49577294011612394
1991-10-10,AAPL,0.4871102140608418
1991-10-11,AAPL,0.5319028123772972
1991-10-14,AAPL,0.5445109318208776
1991-10-15,AAPL,0.5568860966319148
1991-10-16,AAPL,0.5600120756400142
1991-10-17,AAPL,0.5696804918510289
1991-10-18,AAPL,0.5801041015435645
1991-10-21,AAPL,0.5549901202279329
1991-10-22,AAPL,0.563630047423744
1991-10-23,AAPL,0.5722948985481828
1991-10-24,AAPL,0.5691896112116476
1991-10-25,AAPL,0.5614246272379675
1991-10-28,AAPL,0.5506651897029746
1991-10-29,AAPL,0.5485967873151391
1991-10-30,AAPL,0.5507473350316131
1991-10-31,AAPL,0.5760826172630171
1991-11-01,AAPL,0.5585669716418128
1991-11-04,AAPL,0.525483270992727
1991-11-05,AAPL,0.5093036143475796
1991-11-06,AAPL,0.525258082665665
1991-11-07,AAPL,0.49483073874403843
1991-11-08,AAPL,0.5105990325950581
1991-11-11,AAPL,0.5037605382533141
1991-11-12,AAPL,0.5131360464856421
1991-11-13,AAPL,0.5232685577875276
1991-11-14,AAPL,0.5343135261818045
1991-11-15,AAPL,0.4871230526249618
1991-11-18,AAPL,0.4734758102232813
1991-11-19,AAPL,0.48640513586798817
1991-11-20,AAPL,0.4743157530662165
1991-11-21,AAPL,0.4726879162368435
1991-11-22,AAPL,0.4905385688830782
1991-11-25,AAPL,0.4868160896384458
1991-11-26,AAPL,0.4974662542873288
1991-11-27,AAPL,0.49637787739731287
1991-11-29,AAPL,0.4342552130231601
1991-12-02,AAPL,0.4536194333171407
1991-12-03,AAPL,0.44851300225937296
1991-12-04,AAPL,0.45972424599405903
1991-12-05,AAPL,0.46465939058991007
1991-12-06,AAPL,0.4896147974101792
1991-12-09,AAPL,0.43836869981581844
1991-12-10,AAPL,0.44350597674530523
1991-12-11,AAPL,0.44148469251608385
1991-12-12,AAPL,0.4324463923190998
1991-12-13,AAPL,0.4392779292098451
1991-12-16,AAPL,0.5218405864453511
1991-12-17,AAPL,0.5216121428105102
1991-12-18,AAPL,0.5647387893191228
1991-12-19,AAPL,0.5525414373404847
1991-12-20,AAPL,0.5200531510261048
1991-12-23,AAPL,0.5452333892866206
1991-12-24,AAPL,0.5656280054767748
1991-12-26,AAPL,0.5599763902086831
1991-12-27,AAPL,0.603007984211389
1991-12-30,AAPL,0.6041473413350882
1991-12-31,AAPL,0.5932899914048771
1992-01-02,AAPL,0.5974129461101273
1992-01-03,AAPL,0.6075929869462968
1992-01-06,AAPL,0.5945465875195931
1992-01-07,AAPL,0.6191707743676365
1992-01-08,AAPL,0.6384914398214993
1992-01-09,AAPL,0.6345241422586839
1992-01-10,AAPL,0.6614574442925258
1992-01-13,AAPL,0.6606884519418366
1992-01-14,AAPL,0.6583595414684879
1992-01-15,AAPL,0.6608805864511978
1992-01-16,AAPL,0.6405153713460083
1992-01-17,AAPL,0.6783605161886851
1992-01-20,AAPL,0.6485623425394459
1992-01-21,AAPL,0.6318586228000743
1992-01-22,AAPL,0.5898741413768002
1992-01-23,AAPL,0.598549684035167
1992-01-24,AAPL,0.6125012147063509
1992-01-27,AAPL,0.6008080668269161
1992-01-28,AAPL,0.5966283858077422
1992-01-29,AAPL,0.5766872622863686
1992-01-30,AAPL,0.5672608842947174
1992-01-31,AAPL,0.580011627452607
1992-02-03,AAPL,0.5757090388416644
1992-02-04,AAPL,0.5815581788564647
1992-02-05,AAPL,0.5832841520634745
1992-02-06,AAPL,0.5276693751257102
1992-02-07,AAPL,0.5313334921550334
1992-02-10,AAPL,0.5393096813140096
1992-02-11,AAPL,0.5085270078804051
1992-02-12,AAPL,0.5040193901117732
1992-02-13,AAPL,0.5040230943644226
1992-02-14,AAPL,0.49937329907810313
1992-02-18,AAPL,0.48341871585679463
1992-02-19,AAPL,0.5224768753552208
1992-02-20,AAPL,0.5160310420397084
1992-02-21,AAPL,0.5118493749182313
1992-02-24,AAPL,0.5020979179590547
1992-02-25,AAPL,0.5102628709005033
1992-02-26,AAPL,0.5093771409882077
1992-02-27,AAPL,0.5304705393453968
1992-02-28,AAPL,0.5143483227008364
1992-03-02,AAPL,0.5126020341127699
1992-03-03,AAPL,0.5056986177639146
1992-03-04,AAPL,0.47718818251405143
1992-03-05,AAPL,0.4890261418632792
1992-03-06,AAPL,0.4877961633363006
1992-03-09,AAPL,0.49180784410080414
1992-03-10,AAPL,0.5033283284660169
1992-03-11,AAPL,0.47548134568773703
1992-03-12,AAPL,0.47982495719233076
1992-03-13,AAPL,0.4642159196249438
1992-03-16,AAPL,0.42343096951709097
1992-03-17,AAPL,0.40862386804593903
1992-03-18,AAPL,0.4259059170076002
1992-03-19,AAPL,0.44241305227537375
1992-03-20,AAPL,0.4310619597848473
1992-03-23,AAPL,0.43210613775925694
1992-03-24,AAPL,0.47981119783950416
1992-03-25,AAPL,0.4870714930644958
1992-03-26,AAPL,0.4827090736472753
1992-03-27,AAPL,0.47480036443955265
1992-03-30,AAPL,0.4615141692250559
1992-03-31,AAPL,0.4398852417703443
1992-04-01,AAPL,0.44102826120046734
1992-04-02,AAPL,0.44349407978685945
1992-04-03,AAPL,0.4328286085996181
1992-04-06,AAPL,0.4360894944527783
1992-04-07,AAPL,0.43868018579525253
1992-04-08,AAPL,0.4495616635947561
1992-04-09,AAPL,0.4313647428658867
1992-04-10,AAPL,0.4521612327452711
1992-04-13,AAPL,0.4029385776306593
1992-04-14,AAPL,0.4062217238220599
1992-04-15,AAPL,0.41795722711826006
1992-04-16,AAPL,0.43991786677309
1992-04-20,AAPL,0.44076366991579813
1992-04-21,AAPL,0.4259393634747317
1992-04-22,AAPL,0.40276412512326
1992-04-23,AAPL,0.41458976340311576
1992-04-24,AAPL,0.41388323408940136
1992-04-27,AAPL,0.4295108714628997
1992-04-28,AAPL,0.47083782743890584
1992-04-29,AAPL,0.44580378637370616
1992-04-30,AAPL,0.4245813068703411
1992-05-01,AAPL,0.4423447901575269
1992-05-04,AAPL,0.4297696061549176
1992-05-05,AAPL,0.4189022350953048
1992-05-06,AAPL,0.44065202298030537
1992-05-07,AAPL,0.46924478630620875
1992-05-08,AAPL,0.4785713017473773
1992-05-11,AAPL,0.5046801204203314
1992-05-12,AAPL,0.4962681210909483
1992-05-13,AAPL,0.4987366841972719
1992-05-14,AAPL,0.5048411239809423
1992-05-15,AAPL,0.5132200224496873
1992-05-18,AAPL,0.5506517566731223
1992-05-19,AAPL,0.5291915071571996
1992-05-20,AAPL,0.4871813237863262
1992-05-21,AAPL,0.4937104676963185
1992-05-22,AAPL,0.4691504272168223
1992-05-26,AAPL,0.48401341112600493
1992-05-27,AAPL,0.4998864298111154
1992-05-28,AAPL,0.5127441351372071
1992-05-29,AAPL,0.5148435037591887
1992-06-01,AAPL,0.5151537712815533
1992-06-02,AAPL,0.4956498810161368
1992-06-03,AAPL,0.49341065635986664
1992-06-04,AAPL,0.4707978469061555
1992-06-05,AAPL,0.47449501656501863
1992-06-08,AAPL,0.4772668242219431
1992-06-09,AAPL,0.47198216755933103
1992-06-10,AAPL,0.46282493298380056
1992-06-11,AAPL,0.4589113381818643
1992-06-12,AAPL,0.4564523209052127
1992-06-15,AAPL,0.4700128823631428
1992-06-16,AAPL,0.4586004463861681
1992-06-17,AAPL,0.4509264783039856
1992-06-18,AAPL,0.4710976341154514
1992-06-19,AAPL,0.45122559814556495
1992-06-22,AAPL,0.45039275622910974
1992-06-23,AAPL,0.4260630039694093
1992-06-24,AAPL,0.4075288102005507
1992-06-25,AAPL,0.4044364382704402
1992-06-26,AAPL,0.40153940616857076
1992-06-29,AAPL,0.4054078641991511
1992-06-30,AAPL,0.4041018639703752
1992-07-01,AAPL,0.421085568364949
1992-07-02,AAPL,0.43506309948585387
1992-07-06,AAPL,0.41087595727709414
1992-07-07,AAPL,0.426924912071868
1992-07-08,AAPL,0.40127149320733435
1992-07-09,AAPL,0.3969607697286408
1992-07-10,AAPL,0.39319088690248877
1992-07-13,AAPL,0.37791731830842956
1992-07-14,AAPL,0.3868314563477491
1992-07-15,AAPL,0.43379494098304466
1992-07-16,AAPL,0.4606637543657824
1992-07-17,AAPL,0.5025298015778098
1992-07-20,AAPL,0.4615857033506885
1992-07-21,AAPL,0.4474277001126563
1992-07-22,AAPL,0.445533129754101
1992-07-23,AAPL,0.4399421890592498
1992-07-24,AAPL,0.4493275970664022
1992-07-27,AAPL,0.45852028545906326
1992-07-28,AAPL,0.44360592569983176
1992-07-29,AAPL,0.45920485620600365
1992-07-30,AAPL,0.4485026616150756
1992-07-31,AAPL,0.4688860154798899
1992-08-03,AAPL,0.46574109631860955
1992-08-04,AAPL,0.48818525407156277
1992-08-05,AAPL,0.47680128557566664
1992-08-06,AAPL,0.5017000355857371
1992-08-07,AAPL,0.5060013693100015
1992-08-10,AAPL,0.47880434474370737
1992-08-11,AAPL,0.4972711840564524
1992-08-12,AAPL,0.485843330139415
1992-08-13,AAPL,0.4703261697752875
1992-08-14,AAPL,0.5563015952560479
1992-08-17,AAPL,0.5364777263983873
1992-08-18,AAPL,0.5164635346910399
1992-08-19,AAPL,0.5473814894851916
1992-08-20,AAPL,0.5490998836626384
1992-08-21,AAPL,0.5646012330674095
1992-08-24,AAPL,0.5626969990475839
1992-08-25,AAPL,0.5716350151939285
1992-08-26,AAPL,0.5830350312000351
1992-08-27,AAPL,0.5799578316393381
1992-08-28,AAPL,0.5685641644587547
1992-08-31,AAPL,0.6037428550936238
1992-09-01,AAPL,0.59513008897165
1992-09-02,AAPL,0.6051397499984622
1992-09-03,AAPL,0.6202343258580681
1992-09-04,AAPL,0.6079014262034184
1992-09-08,AAPL,0.6092166651638024
1992-09-09,AAPL,0.6364257340877122
1992-09-10,AAPL,0.652468482896694
1992-09-11,AAPL,0.6280808231297924
1992-09-14,AAPL,0.6346485706186357
1992-09-15,AAPL,0.6268924601496321
1992-09-16,AAPL,0.6100243809576908
1992-09-17,AAPL,0.605160861575569
1992-09-18,AAPL,0.5931892953241755
1992-09-21,AAPL,0.586050915565338
1992-09-22,AAPL,0.6082824911661457
1992-09-23,AAPL,0.5774444852756334
1992-09-24,AAPL,0.5892342863311584
1992-09-25,AAPL,0.5842693978463205
1992-09-28,AAPL,0.5746061296792366
1992-09-29,AAPL,0.555680712717673
1992-09-30,AAPL,0.5369404083431559
1992-10-01,AAPL,0.5501792745663996
1992-10-02,AAPL,0.518707050353318
1992-10-05,AAPL,0.5426270119285238
1992-10-06,AAPL,0.5336557755206349
1992-10-07,AAPL,0.5433629505377122
1992-10-08,AAPL,0.5266379901284856
1992-10-09,AAPL,0.5296520454595327
1992-10-12,AAPL,0.5397707481262334
1992-10-13,AAPL,0.5264914161423955
1992-10-14,AAPL,0.5547365760883682
1992-10-15,AAPL,0.5696459338848537
1992-10-16,AAPL,0.5774300260542222
1992-10-19,AAPL,0.561547770564341
1992-10-20,AAPL,0.5785623799652359
1992-10-21,AAPL,0.5709694603776776
1992-10-22,AAPL,0.5847266201415533
1992-10-23,AAPL,0.5920183345751838
1992-10-26,AAPL,0.5878469778106098
1992-10-27,AAPL,0.6146452508535998
1992-10-28,AAPL,0.6204098686477002
1992-10-29,AAPL,0.6462002813778376
1992-10-30,AAPL,0.6462449826062323
1992-11-02,AAPL,0.6409227542745053
1992-11-03,AAPL,0.6251812894744212
1992-11-04,AAPL,0.6531974372532413
1992-11-05,AAPL,0.6396722348660375
1992-11-06,AAPL,0.6597989978357481
1992-11-09,AAPL,0.6427773006572988
1992-11-10,AAPL,0.6494702256630965
1992-11-11,AAPL,0.6578943541812805
1992-11-12,AAPL,0.6680416214412402
1992-11-13,AAPL,0.6573960892655281
1992-11-16,AAPL,0.6575389412099816
1992-11-17,AAPL,0.635290921911072
1992-11-18,AAPL,0.6346425322128842
1992-11-19,AAPL,0.6504616334763527
1992-11-20,AAPL,0.6480575105398316
1992-11-23,AAPL,0.6476171734301854
1992-11-24,AAPL,0.6466276431345145
1992-11-25,AAPL,0.6124082943840135
1992-11-27,AAPL,0.5883038882402553
1992-11-30,AAPL,0.6153749355016752
1992-12-01,AAPL,0.6162146848058512
1992-12-02,AAPL,0.6034797936581129
1992-12-03,AAPL,0.6080083248262459
1992-12-04,AAPL,0.6057780720667122
1992-12-07,AAPL,0.590207068512593
1992-12-08,AAPL,0.6161050735063626
1992-12-09,AAPL,0.5696117430881135
1992-12-10,AAPL,0.5476559226871925
1992-12-11,AAPL,0.5483516727735925
1992-12-14,AAPL,0.5568925058237384
1992-12-15,AAPL,0.539367747627173
1992-12-16,AAPL,0.5670283656827476
1992-12-17,AAPL,0.5769668377312951
1992-12-18,AAPL,0.5679388756555005
1992-12-21,AAPL,0.5672315985223807
1992-12-22,AAPL,0.5919407914069524
1992-12-23,AAPL,0.5662405425112789
1992-12-24,AAPL,0.5652052915762216
1992-12-28,AAPL,0.5542160507073943
1992-12-29,AAPL,0.5539803213993459
1992-12-30,AAPL,0.547346965190185
1992-12-31,AAPL,0.555497611400773
1993-01-04,AAPL,0.5501346457030449
1993-01-05,AAPL,0.557644082001311
1993-01-06,AAPL,0.557692786452972
1993-01-07,AAPL,0.5698352730608347
1993-01-08,AAPL,0.5620822385993155
1993-01-11,AAPL,0.5563979898559417
1993-01-12,AAPL,0.5238088849450052
1993-01-13,AAPL,0.5012024699676293
1993-01-14,AAPL,0.5373846703937576
1993-01-15,AAPL,0.5444361508312211
1993-01-18,AAPL,0.5095671904554051
1993-01-19,AAPL,0.5029987821591766
1993-01-20,AAPL,0.4943049453828149
1993-01-21,AAPL,0.4854803226980088
1993-01-22,AAPL,0.49942312783591103
1993-01-25,AAPL,0.49173018799749363
1993-01-26,AAPL,0.4712903280356994
1993-01-27,AAPL,0.47904198951866556
1993-01-28,AAPL,0.45657431003865506
1993-01-29,AAPL,0.43658901389495375
1993-02-01,AAPL,0.46801755674304046
1993-02-02,AAPL,0.43073285927812627
1993-02-03,AAPL,0.41362550013967775
1993-02-04,AAPL,0.4434275126825412
1993-02-05,AAPL,0.4345232738970284
1993-02-08,AAPL,0.4157843307031619
1993-02-09,AAPL,0.42952109346515327
1993-02-10,AAPL,0.4335993952871482
1993-02-11,AAPL,0.4288405524208594
1993-02-12,AAPL,0.4975898785517553
1993-02-16,AAPL,0.4867712071782155
1993-02-17,AAPL,0.4713774111807487
1993-02-18,AAPL,0.4790821454201469
1993-02-19,AAPL,0.4699817445452366
1993-02-22,AAPL,0.4352010312146678
1993-02-23,AAPL,0.4438636760680616
1993-02-24,AAPL,0.43921602033795154
1993-02-25,AAPL,0.43496607439497564
1993-02-26,AAPL,0.44677189901809916
1993-03-01,AAPL,0.43120828182099913
1993-03-02,AAPL,0.4344285170705155
1993-03-03,AAPL,0.44983590144356733
1993-03-04,AAPL,0.45544720611880857
1993-03-05,AAPL,0.47033667251207656
1993-03-08,AAPL,0.5043160130604545
1993-03-09,AAPL,0.49961768709906845
1993-03-10,AAPL,0.4821153030036291
1993-03-11,AAPL,0.49598117706565614
1993-03-12,AAPL,0.495016796171406
1993-03-15,AAPL,0.5333417960188958
1993-03-16,AAPL,0.5471780288562619
1993-03-17,AAPL,0.5116734448541197
1993-03-18,AAPL,0.5225656415597472
1993-03-19,AAPL,0.5158355047034224
1993-03-22,AAPL,0.4843301956881606
1993-03-23,AAPL,0.4737867333881207
1993-03-24,AAPL,0.48321072994230496
1993-03-25,AAPL,0.4977262126197364
1993-03-26,AAPL,0.48831679950827656
1993-03-29,AAPL,0.47226795662028204
1993-03-30,AAPL,0.47231126886769276
1993-03-31,AAPL,0.47361875740784015
1993-04-01,AAPL,0.4648246186625027
1993-04-02,AAPL,0.46225282115617833
1993-04-05,AAPL,0.45892525120407635
1993-04-06,AAPL,0.45965457697826156
1993-04-07,AAPL,0.4505427155297063
1993-04-08,AAPL,0.4562849821415257
1993-04-12,AAPL,0.45926563400703335
1993-04-13,AAPL,0.4762538032625837
1993-04-14,AAPL,0.451058676615937
1993-04-15,AAPL,0.44978190260320966
1993-04-16,AAPL,0.46533436320284277
1993-04-19,AAPL,0.4592619072005971
1993-04-20,AAPL,0.4412348520598636
1993-04-21,AAPL,0.454869390179067
1993-04-22,AAPL,0.4495551439907197
1993-04-23,AAPL,0.4566317151822415
1993-04-26,AAPL,0.4637851624258691
1993-04-27,AAPL,0.502333759223416
1993-04-28,AAPL,0.4841205309590867
1993-04-29,AAPL,0.4995607324345744
1993-04-30,AAPL,0.49792672108741
1993-05-03,AAPL,0.5312398025799855
1993-05-04,AAPL,0.5367906427536098
1993-05-05,AAPL,0.5940556803657122
1993-05-06,AAPL,0.5753484192511357
1993-05-07,AAPL,0.5804257706969165
1993-05-10,AAPL,0.5744424606974516
1993-05-11,AAPL,0.600694836065728
1993-05-12,AAPL,0.5740980759367827
1993-05-13,AAPL,0.6205421055599075
1993-05-14,AAPL,0.6201645545826064
1993-05-17,AAPL,0.6113331160606719
1993-05-18,AAPL,0.6040706542443005
1993-05-19,AAPL,0.6275635642869102
1993-05-20,AAPL,0.6340666930336735
1993-05-21,AAPL,0.6315993053334545
1993-05-24,AAPL,0.627495609334696
1993-05-25,AAPL,0.602020330985955
1993-05-26,AAPL,0.611830805528604
1993-05-27,AAPL,0.6175453299800936
1993-05-28,AAPL,0.6080418402465357
1993-06-01,AAPL,0.6106810432380874
1993-06-02,AAPL,0.6391670286193651
1993-06-03,AAPL,0.5940505467674141
1993-06-04,AAPL,0.5875328178630302
1993-06-07,AAPL,0.5559337138625954
1993-06-08,AAPL,0.5529141628119882
1993-06-09,AAPL,0.5168332243174258
1993-06-10,AAPL,0.45575332619647746
1993-06-11,AAPL,0.45491889824617593
1993-06-14,AAPL,0.4402878623630636
1993-06-15,AAPL,0.46734493445221664
1993-06-16,AAPL,0.42959845844804123
1993-06-17,AAPL,0.4441969795907331
1993-06-18,AAPL,0.44620874271533273
1993-06-21,AAPL,0.4503443060097597
1993-06-22,AAPL,0.41378525509306224
1993-06-23,AAPL,0.4302400320178787
1993-06-24,AAPL,0.40424200782926206
1993-06-25,AAPL,0.40864727875901835
1993-06-28,AAPL,0.38692644139258064
1993-06-29,AAPL,0.37759073328227805
1993-06-30,AAPL,0.3424947704800265
1993-07-01,AAPL,0.3439517598084831
1993-07-02,AAPL,0.3118883178812685
1993-07-06,AAPL,0.3444472807151114
1993-07-07,AAPL,0.3413589203728087
1993-07-08,AAPL,0.41063474562918584
1993-07-09,AAPL,0.3925884407839515
1993-07-12,AAPL,0.39459320578828283
1993-07-13,AAPL,0.37060910257178825
1993-07-14,AAPL,0.4150925876733277
1993-07-15,AAPL,0.4005842856200451
1993-07-16,AAPL,0.3990673521777813
1993-07-19,AAPL,0.3637132856975633
1993-07-20,AAPL,0.3193156162850442
1993-07-21,AAPL,0.3327021975425168
1993-07-22,AAPL,0.311502892594239
1993-07-23,AAPL,0.3278892976695756
1993-07-26,AAPL,0.314889624352185
1993-07-27,AAPL,0.31540882610974613
1993-07-28,AAPL,0.29528176603164613
1993-07-29,AAPL,0.27998769312762345
1993-07-30,AAPL,0.26983254867447537
1993-08-02,AAPL,0.25545407944172926
1993-08-03,AAPL,0.23828488056480018
1993-08-04,AAPL,0.22493545006438515
1993-08-05,AAPL,0.23260063872794365
1993-08-06,AAPL,0.23433944224889103
1993-08-09,AAPL,0.20420860176962938
1993-08-10,AAPL,0.2096938627618011
1993-08-11,AAPL,0.19624859518467405
1993-08-12,AAPL,0.20608849071973678
1993-08-13,AAPL,0.4451780762143011
1993-08-16,AAPL,0.5175835608985855
1993-08-17,AAPL,0.5243737632139182
1993-08-18,AAPL,0.564154974858048
1993-08-19,AAPL,0.5585451756681834
1993-08-20,AAPL,0.5400963632049576
1993-08-23,AAPL,0.5430893881843847
1993-08-24,AAPL,0.5339746689999668
1993-08-25,AAPL,0.5439628151756856
1993-08-26,AAPL,0.5504747174253395
1993-08-27,AAPL,0.5314450517530541
1993-08-30,AAPL,0.5394066197319701
1993-08-31,AAPL,0.5293082103783212
1993-09-01,AAPL,0.5577449961763796
1993-09-02,AAPL,0.541625478767791
1993-09-03,AAPL,0.5305495347814764
1993-09-07,AAPL,0.5034429349390322
1993-09-08,AAPL,0.5285257917844942
1993-09-09,AAPL,0.5608050825014761
1993-09-10,AAPL,0.5713991014290181
1993-09-13,AAPL,0.5694270465274756
1993-09-14,AAPL,0.564710588869561
1993-09-15,AAPL,0.5681596864660081
1993-09-16,AAPL,0.5676794281441255
1993-09-17,AAPL,0.6027431259878611
1993-09-20,AAPL,0.6160169658229014
1993-09-21,AAPL,0.6117945747586766
1993-09-22,AAPL,0.6037795498478842
1993-09-23,AAPL,0.6256113040681477
1993-09-24,AAPL,0.620497066595155
1993-09-27,AAPL,0.6161272314186722
1993-09-28,AAPL,0.6070548438218488
1993-09-29,AAPL,0.6121359214601482
1993-09-30,AAPL,0.6051822287026027
1993-10-01,AAPL,0.6026567352986398
1993-10-04,AAPL,0.5992361658430886
1993-10-05,AAPL,0.5781045806100141
1993-10-06,AAPL,0.5709924012398035
1993-10-07,AAPL,0.5600331781387813
1993-10-08,AAPL,0.5618343006645954
1993-10-11,AAPL,0.5649193264670946
1993-10-12,AAPL,0.5787896998469075
1993-10-13,AAPL,0.586290301983246
1993-10-14,AAPL,0.5831213644345674
1993-10-15,AAPL,0.4611685709726672
1993-10-18,AAPL,0.4784210402545792
1993-10-19,AAPL,0.49951136848586936
1993-10-20,AAPL,0.5016012036020352
1993-10-21,AAPL,0.5459822346756668
1993-10-22,AAPL,0.5504329513043981
1993-10-25,AAPL,0.5448875429837887
1993-10-26,AAPL,0.5560317376721673
1993-10-27,AAPL,0.5976541920683582
1993-10-28,AAPL,0.6229666907140528
1993-10-29,AAPL,0.625087595239365
1993-11-01,AAPL,0.6342068340757258
1993-11-02,AAPL,0.6515072308593178
1993-11-03,AAPL,0.6610956433884918
1993-11-04,AAPL,0.6235334685689872
1993-11-05,AAPL,0.6555097760299917
1993-11-08,AAPL,0.639307160620221
1993-11-09,AAPL,0.6337582135067665
1993-11-10,AAPL,0.5739883469717141
1993-11-11,AAPL,0.5954860118599683
1993-11-12,AAPL,0.7101157198023861
1993-11-15,AAPL,0.7195777701211022
1993-11-16,AAPL,0.7086452548668245
1993-11-17,AAPL,0.7341860171640638
1993-11-18,AAPL,0.7389995641504843
1993-11-19,AAPL,0.7251288483483429
1993-11-22,AAPL,0.6977473313509426
1993-11-23,AAPL,0.7123281965447813
1993-11-24,AAPL,0.7050002895270322
1993-11-26,AAPL,0.7055973562663233
1993-11-29,AAPL,0.7083857504153948
1993-11-30,AAPL,0.7055705663417083
1993-12-01,AAPL,0.6903520428207963
1993-12-02,AAPL,0.6905535704338125
1993-12-03,AAPL,0.671973757461052
1993-12-06,AAPL,0.6737929781063227
1993-12-07,AAPL,0.6226435687421894
1993-12-08,AAPL,0.6188148009299625
1993-12-09,AAPL,0.5917148901330168
1993-12-10,AAPL,0.5957365282305627
1993-12-13,AAPL,0.5742304227990087
1993-12-14,AAPL,0.5523157257553244
1993-12-15,AAPL,0.5525187493466731
1993-12-16,AAPL,0.5600161764197256
1993-12-17,AAPL,0.5587893509182414
1993-12-20,AAPL,0.5533683728673393
1993-12-21,AAPL,0.5509718149689701
1993-12-22,AAPL,0.5258625066885081
1993-12-23,AAPL,0.5367466020381462
1993-12-27,AAPL,0.4899599642815331
1993-12-28,AAPL,0.49867278960869066
1993-12-29,AAPL,0.5061442956072254
1993-12-30,AAPL,0.49842336389856456
1993-12-31,AAPL,0.4991806050936722
1994-01-03,AAPL,0.4706264607397434
1994-01-04,AAPL,0.4707796473131977
1994-01-05,AAPL,0.472216924726386
1994-01-06,AAPL,0.470295773079074
1994-01-07,AAPL,0.509587249151614
1994-01-10,AAPL,0.5559594088964427
1994-01-11,AAPL,0.5540381938592606
1994-01-12,AAPL,0.5397090218533476
1994-01-13,AAPL,0.5411424667875046
1994-01-14,AAPL,0.5205647186775648
1994-01-17,AAPL,0.5140647393441125
1994-01-18,AAPL,0.5462268185093501
1994-01-19,AAPL,0.5379468485135691
1994-01-20,AAPL,0.5449926712116199
1994-01-21,AAPL,0.541705361378146
1994-01-24,AAPL,0.528229957691027
1994-01-25,AAPL,0.5024632983183935
1994-01-26,AAPL,0.5127988863133497
1994-01-27,AAPL,0.49934918032691145
1994-01-28,AAPL,0.4969769028889489
1994-01-31,AAPL,0.5020081316135474
1994-02-01,AAPL,0.5131663158167487
1994-02-02,AAPL,0.5144874310626872
1994-02-03,AAPL,0.5154430552873369
1994-02-04,AAPL,0.5293201206761339
1994-02-07,AAPL,0.5322310196254504
1994-02-08,AAPL,0.5557793448796613
1994-02-09,AAPL,0.5717838126966389
1994-02-10,AAPL,0.5398268903462401
1994-02-11,AAPL,0.5182233519772084
1994-02-14,AAPL,0.5504262676359916
1994-02-15,AAPL,0.586469115254495
1994-02-16,AAPL,0.5780308392914238
1994-02-17,AAPL,0.5867079628615346
1994-02-18,AAPL,0.6278654066332822
1994-02-22,AAPL,0.620906598150046
1994-02-23,AAPL,0.6505925715352073
1994-02-24,AAPL,0.6336219707883461
1994-02-25,AAPL,0.6173019124240142
1994-02-28,AAPL,0.5484132519823691
1994-03-01,AAPL,0.5833669546472462
1994-03-02,AAPL,0.5578342730374789
1994-03-03,AAPL,0.5443766141674993
1994-03-04,AAPL,0.548814021571917
1994-03-07,AAPL,0.5659566801265784
1994-03-08,AAPL,0.5780977899641357
1994-03-09,AAPL,0.6008658524859811
1994-03-10,AAPL,0.5801231853426042
1994-03-11,AAPL,0.5900176102080822
1994-03-14,AAPL,0.5763364365196335
1994-03-15,AAPL,0.557290613923126
1994-03-16,AAPL,0.547847965904534
1994-03-17,AAPL,0.548564222679961
1994-03-18,AAPL,0.5346383581175415
1994-03-21,AAPL,0.5310245300987075
1994-03-22,AAPL,0.5300976348811066
1994-03-23,AAPL,0.526225844473
1994-03-24,AAPL,0.4961883230472134
1994-03-25,AAPL,0.45408075067024917
1994-03-28,AAPL,0.4528575671407009
1994-03-29,AAPL,0.43495966195431834
1994-03-30,AAPL,0.43835707669239754
1994-03-31,AAPL,0.44892712181900823
1994-04-04,AAPL,0.42876824304064054
1994-04-05,AAPL,0.43104131519666566
1994-04-06,AAPL,0.4463180342749137
1994-04-07,AAPL,0.4442547088125385
1994-04-08,AAPL,0.4440781356368768
1994-04-11,AAPL,0.44855882646923845
1994-04-12,AAPL,0.4440507671181895
1994-04-13,AAPL,0.4353900954061381
1994-04-14,AAPL,0.4438220174116196
1994-04-15,AAPL,0.44743018166012
1994-04-18,AAPL,0.4200602956463197
1994-04-19,AAPL,0.42403183313209414
1994-04-20,AAPL,0.43467741760770795
1994-04-21,AAPL,0.41954542115400173
1994-04-22,AAPL,0.4547954803181823
1994-04-25,AAPL,0.4628329855291654
1994-04-26,AAPL,0.4559255290280374
1994-04-28,AAPL,0.46434170559123383
1994-04-29,AAPL,0.45523285707583483
1994-05-02,AAPL,0.4514310084224632
1994-05-03,AAPL,0.46953623514128007
1994-05-04,AAPL,0.4386167214816927
1994-05-05,AAPL,0.4527690785428724
1994-05-06,AAPL,0.4665327178403551
1994-05-09,AAPL,0.46805682504567114
1994-05-10,AAPL,0.4689458148561688
1994-05-11,AAPL,0.48578604583270557
1994-05-12,AAPL,0.4490017378226463
1994-05-13,AAPL,0.4275133839079504
1994-05-16,AAPL,0.4272468016635938
1994-05-17,AAPL,0.43856944478048393
1994-05-18,AAPL,0.45315480297013794
1994-05-19,AAPL,0.48803662646616025
1994-05-20,AAPL,0.47114301655158985
1994-05-23,AAPL,0.48022757231287216
1994-05-24,AAPL,0.42158392919758353
1994-05-25,AAPL,0.42718368510007504
1994-05-26,AAPL,0.43922372110515834
1994-05-27,AAPL,0.4550530784455691
1994-05-31,AAPL,0.4691714668744389
1994-06-01,AAPL,0.48312315001331857
1994-06-02,AAPL,0.5156860102186164
1994-06-03,AAPL,0.49909696583872254
1994-06-06,AAPL,0.49404928553937527
1994-06-07,AAPL,0.5006625525887725
1994-06-08,AAPL,0.48011555350341206
1994-06-09,AAPL,0.43774563258475585
1994-06-10,AAPL,0.4444208850216516
1994-06-13,AAPL,0.44049854878877337
1994-06-14,AAPL,0.4411382358164092
1994-06-15,AAPL,0.43269828827435514
1994-06-16,AAPL,0.4441441164526367
1994-06-17,AAPL,0.4464841894962588
1994-06-20,AAPL,0.45385281901484004
1994-06-21,AAPL,0.4682528881218862
1994-06-22,AAPL,0.4570899937831385
1994-06-23,AAPL,0.4528189492648245
1994-06-24,AAPL,0.45682278088801215
1994-06-27,AAPL,0.4572145765479896
1994-06-28,AAPL,0.47952740926278464
1994-06-29,AAPL,0.4695659055332842
1994-06-30,AAPL,0.4866463538309197
1994-07-01,AAPL,0.4784334354690916
1994-07-05,AAPL,0.4662785801826198
1994-07-06,AAPL,0.44997886393680697
1994-07-07,AAPL,0.5002304022475719
1994-07-08,AAPL,0.507752298267555
1994-07-11,AAPL,0.49845401500924813
1994-07-12,AAPL,0.5176926739602934
1994-07-13,AAPL,0.5329160539381698
1994-07-14,AAPL,0.5320962078638106
1994-07-15,AAPL,0.5455031368094833
1994-07-18,AAPL,0.5363334494732058
1994-07-19,AAPL,0.5188849556763645
1994-07-20,AAPL,0.5416108408438194
1994-07-21,AAPL,0.5376047931356543
1994-07-22,AAPL,0.5756991796646816
1994-07-25,AAPL,0.5679676670382967
1994-07-26,AAPL,0.5713640512414906
1994-07-27,AAPL,0.5601423953383379
1994-07-28,AAPL,0.5749043260106012
1994-07-29,AAPL,0.582436123580072
1994-08-01,AAPL,0.5834272591602525
1994-08-02,AAPL,0.5661788927819464
1994-08-03,AAPL,0.5939993571765078
1994-08-04,AAPL,0.5961752685067022
1994-08-05,AAPL,0.5864428494169817
1994-08-08,AAPL,0.6079862345729299
1994-08-09,AAPL,0.6260419725811839
1994-08-10,AAPL,0.6176291088919207
1994-08-11,AAPL,0.5976325099227366
1994-08-12,AAPL,0.5968479721202316
1994-08-15,AAPL,0.6041701387918045
1994-08-16,AAPL,0.6341347692083482
1994-08-17,AAPL,0.6560071873299149
1994-08-18,AAPL,0.6041918596611201
1994-08-19,AAPL,0.6501047360005827
1994-08-22,AAPL,0.6764313635852932
1994-08-23,AAPL,0.6759307637022401
1994-08-24,AAPL,0.6693914601988196
1994-08-25,AAPL,0.686823455817774
1994-08-26,AAPL,0.6933641121390418
1994-08-29,AAPL,0.6853238466997096
1994-08-30,AAPL,0.6851282231153513
1994-08-31,AAPL,0.705154214471649
1994-09-01,AAPL,0.6361341459724369
1994-09-02,AAPL,0.6312545322370351
1994-09-06,AAPL,0.6277944572057843
1994-09-07,AAPL,0.6351294300942122
1994-09-08,AAPL,0.6455948492374329
1994-09-09,AAPL,0.6324116764827056
1994-09-12,AAPL,0.6217365395803629
1994-09-13,AAPL,0.6147191160528976
1994-09-14,AAPL,0.593613266979751
1994-09-15,AAPL,0.5891604725095426
1994-09-16,AAPL,0.5956135722341972
1994-09-19,AAPL,0.5723157084010467
1994-09-20,AAPL,0.5262340044470131
1994-09-21,AAPL,0.5128831156059313
1994-09-22,AAPL,0.5128289922063995
1994-09-23,AAPL,0.49696068571393126
1994-09-26,AAPL,0.49109965583415993
1994-09-27,AAPL,0.46428017565384466
1994-09-28,AAPL,0.4622134198628072
1994-09-29,AAPL,0.4736023293245255
1994-09-30,AAPL,0.483625401571689
1994-10-03,AAPL,0.4799912426761291
1994-10-04,AAPL,0.49932484800446725
1994-10-05,AAPL,0.4726669071755411
1994-10-06,AAPL,0.4477718926338595
1994-10-07,AAPL,0.45316101937482095
1994-10-10,AAPL,0.4809330476681827
1994-10-11,AAPL,0.5159233126959173
1994-10-12,AAPL,0.5056967887288069
1994-10-13,AAPL,0.5137473652645139
1994-10-14,AAPL,0.5008433412645917
1994-10-17,AAPL,0.516299688271652
1994-10-18,AAPL,0.5278571910452026
1994-10-19,AAPL,0.5298966773364163
1994-10-20,AAPL,0.5472552505179337
1994-10-21,AAPL,0.5562856019689084
1994-10-24,AAPL,0.5646457631688914
1994-10-25,AAPL,0.5268066286526346
1994-10-26,AAPL,0.5490573407643436
1994-10-27,AAPL,0.5454953026400672
1994-10-28,AAPL,0.5264814771163301
1994-10-31,AAPL,0.5341995069852515
1994-11-01,AAPL,0.4920896097552131
1994-11-02,AAPL,0.5121617604968436
1994-11-03,AAPL,0.533406860586509
1994-11-04,AAPL,0.5348421166617469
1994-11-07,AAPL,0.5042018810578963
1994-11-08,AAPL,0.5227852330680729
1994-11-09,AAPL,0.5430530001610607
1994-11-10,AAPL,0.5061072390618752
1994-11-11,AAPL,0.5015957175527422
1994-11-14,AAPL,0.5203946601905238
1994-11-15,AAPL,0.5079186979790267
1994-11-16,AAPL,0.5082922315946854
1994-11-17,AAPL,0.5059867527324534
1994-11-18,AAPL,0.4800438164732276
1994-11-21,AAPL,0.47162900863915036
1994-11-22,AAPL,0.47551916151646373
1994-11-23,AAPL,0.4740246349308109
1994-11-25,AAPL,0.4642225708834113
1994-11-28,AAPL,0.4603007810520914
1994-11-29,AAPL,0.42167215983824796
1994-11-30,AAPL,0.4335247446232351
1994-12-01,AAPL,0.4475855371771463
1994-12-02,AAPL,0.43575284185503954
1994-12-05,AAPL,0.4128374145423842
1994-12-06,AAPL,0.42200538269065613
1994-12-07,AAPL,0.4288622401217125
1994-12-08,AAPL,0.4364430423562533
1994-12-09,AAPL,0.4373300967656024
1994-12-12,AAPL,0.4434038034312285
1994-12-13,AAPL,0.4376509245924548
1994-12-14,AAPL,0.45332269257886176
1994-12-15,AAPL,0.4381505786204797
1994-12-16,AAPL,0.43464441018950606
1994-12-19,AAPL,0.4277062675189897
1994-12-20,AAPL,0.4538384635108071
1994-12-21,AAPL,0.47223211041530394
1994-12-22,AAPL,0.4744558872302168
1994-12-23,AAPL,0.4629730305872099
1994-12-27,AAPL,0.45179016431659796
1994-12-28,AAPL,0.4720149429656044
1994-12-29,AAPL,0.5079644954165453
1994-12-30,AAPL,0.5070726992083456
1995-01-03,AAPL,0.4884879753272327
1995-01-04,AAPL,0.49389355477965163
1995-01-05,AAPL,0.46138480316612623
1995-01-06,AAPL,0.5433645867194807
1995-01-09,AAPL,0.5161351620725476
1995-01-10,AAPL,0.5145964023336279
1995-01-11,AAPL,0.5527071999066292
1995-01-12,AAPL,0.5524133728792503
1995-01-13,AAPL,0.5244360657973126
1995-01-16,AAPL,0.5294843567163354
1995-01-17,AAPL,0.5335667683527238
1995-01-18,AAPL,0.5144032011667533
1995-01-19,AAPL,0.540730622655033
1995-01-20,AAPL,0.5611096193763662
1995-01-23,AAPL,0.5308316656091929
1995-01-24,AAPL,0.5128941484833415
1995-01-25,AAPL,0.5297500282583493
1995-01-26,AAPL,0.4807760078119344
1995-01-27,AAPL,0.4873427719319153
1995-01-30,AAPL,0.45810772132678973
1995-01-31,AAPL,0.40305603254898154
1995-02-01,AAPL,0.4022650995047231
1995-02-02,AAPL,0.42831205930857297
1995-02-03,AAPL,0.4401268973452199
1995-02-06,AAPL,0.42737312341342154
1995-02-07,AAPL,0.4147633676645565
1995-02-08,AAPL,0.43030778479633186
1995-02-09,AAPL,0.4695597118706667
1995-02-10,AAPL,0.4774770930819624
1995-02-13,AAPL,0.48637817267448485
1995-02-14,AAPL,0.47232638899336155
1995-02-15,AAPL,0.4771643955000683
1995-02-16,AAPL,0.4617755716487646
1995-02-17,AAPL,0.49138153348169084
1995-02-21,AAPL,0.47893547325518915
1995-02-22,AAPL,0.477716799643081
1995-02-23,AAPL,0.45774405267181006
1995-02-24,AAPL,0.48404122992729576
1995-02-27,AAPL,0.4564083786290218
1995-02-28,AAPL,0.45312957463625925
1995-03-01,AAPL,0.4352047262240991
1995-03-02,AAPL,0.4155463711965288
1995-03-03,AAPL,0.41202196734619173
1995-03-06,AAPL,0.42146042279081586
1995-03-07,AAPL,0.415475967956709
1995-03-08,AAPL,0.4284959797584173
1995-03-09,AAPL,0.417479086717865
1995-03-10,AAPL,0.4186346706882082
1995-03-13,AAPL,0.43071083161530066
1995-03-14,AAPL,0.43600650779948075
1995-03-15,AAPL,0.411648541260957
1995-03-16,AAPL,0.39428023884063906
1995-03-17,AAPL,0.3907319015989408
1995-03-20,AAPL,0.3639158957537052
1995-03-21,AAPL,0.3839364774655021
1995-03-22,AAPL,0.40615972763920766
1995-03-23,AAPL,0.4041799400128551
1995-03-24,AAPL,0.4141500873691676
1995-03-27,AAPL,0.43608661854170605
1995-03-28,AAPL,0.42137654198699886
1995-03-29,AAPL,0.3859718953015244
1995-03-30,AAPL,0.3789919426466474
1995-03-31,AAPL,0.38386132642812854
1995-04-03,AAPL,0.4008060468885979
1995-04-04,AAPL,0.42570412816944575
1995-04-05,AAPL,0.40024014343099734
1995-04-06,AAPL,0.41761821719389175
1995-04-07,AAPL,0.41526304121230656
1995-04-10,AAPL,0.4082509952102349
1995-04-11,AAPL,0.43690353941811805
1995-04-12,AAPL,0.47275616521435776
1995-04-13,AAPL,0.4567068800940385
1995-04-17,AAPL,0.46870711696147327
1995-04-18,AAPL,0.4958258418120706
1995-04-19,AAPL,0.4796053324412313
1995-04-20,AAPL,0.4607388506398648
1995-04-21,AAPL,0.49807323611646015
1995-04-24,AAPL,0.4901065542116251
1995-04-25,AAPL,0.5111416879293452
1995-04-26,AAPL,0.5532095928211247
1995-04-27,AAPL,0.5206352107034227
1995-04-28,AAPL,0.5169666496062484
1995-05-01,AAPL,0.52629168822731
1995-05-02,AAPL,0.5135784469554396
1995-05-03,AAPL,0.5180661860453515
1995-05-04,AAPL,0.5419861453032873
1995-05-05,AAPL,0.5394481385921474
1995-05-08,AAPL,0.5755816443221704
1995-05-09,AAPL,0.6082670502733895
1995-05-10,AAPL,0.594372020743492
1995-05-11,AAPL,0.5716666896010061
1995-05-12,AAPL,0.5897372669978683
1995-05-15,AAPL,0.61825196383059
1995-05-16,AAPL,0.6295152761382495
1995-05-17,AAPL,0.6598242067147502
1995-05-18,AAPL,0.6448440941257862
1995-05-19,AAPL,0.6189308631717728
1995-05-22,AAPL,0.6261876941438795
1995-05-23,AAPL,0.6461247028075144
1995-05-24,AAPL,0.6313509642976064
1995-05-25,AAPL,0.6294776321594789
1995-05-26,AAPL,0.5953489143880605
1995-05-30,AAPL,0.5729453942631453
1995-05-31,AAPL,0.5621482979589632
1995-06-01,AAPL,0.5738354322664058
1995-06-02,AAPL,0.514417198605369
1995-06-05,AAPL,0.5404232878804585
1995-06-06,AAPL,0.5474369693229321
1995-06-07,AAPL,0.5232408875548921
1995-06-08,AAPL,0.5238840817814269
1995-06-09,AAPL,0.5432703567981829
1995-06-12,AAPL,0.5297727305211928
1995-06-13,AAPL,0.5269111073792238
1995-06-14,AAPL,0.5227497385897021
1995-06-15,AAPL,0.5148008596849054
1995-06-16,AAPL,0.5306408077904126
1995-06-19,AAPL,0.5812972602747739
1995-06-20,AAPL,0.595021514711911
1995-06-21,AAPL,0.6025120165696938
1995-06-22,AAPL,0.6050033938481431
1995-06-23,AAPL,0.580710564337417
1995-06-26,AAPL,0.5695376562423372
1995-06-27,AAPL,0.5603569856954416
1995-06-28,AAPL,0.5638938943505735
1995-06-29,AAPL,0.5629454441913884
1995-06-30,AAPL,0.5518692056396187
1995-07-03,AAPL,0.5428795646781152
1995-07-05,AAPL,0.5569465312861172
1995-07-06,AAPL,0.5682752428068851
1995-07-07,AAPL,0.5862571689886427
1995-07-10,AAPL,0.5851441559902426
1995-07-11,AAPL,0.5252948872543348
1995-07-12,AAPL,0.4880473721868721
1995-07-13,AAPL,0.5050003313420441
1995-07-14,AAPL,0.5169346429777765
1995-07-17,AAPL,0.5292483926063233
1995-07-18,AAPL,0.5480594162445497
1995-07-19,AAPL,0.52468867821175
1995-07-20,AAPL,0.4940744868389113
1995-07-21,AAPL,0.5060938055953361
1995-07-24,AAPL,0.4587633939502568
1995-07-25,AAPL,0.4739444195848661
1995-07-26,AAPL,0.4843985621174597
1995-07-27,AAPL,0.4669067179415852
1995-07-28,AAPL,0.47312122741154
1995-07-31,AAPL,0.469514875335632
1995-08-01,AAPL,0.46010620433388105
1995-08-02,AAPL,0.4499115192224572
1995-08-03,AAPL,0.4337687793995919
1995-08-04,AAPL,0.43170242974236434
1995-08-07,AAPL,0.4299356182931836
1995-08-08,AAPL,0.44575943971182985
1995-08-09,AAPL,0.4219184996703145
1995-08-10,AAPL,0.4197180927415761
1995-08-11,AAPL,0.39292528519719105
1995-08-14,AAPL,0.3850023042023812
1995-08-15,AAPL,0.4033489763920768
1995-08-16,AAPL,0.40552190099525237
1995-08-17,AAPL,0.41324072717466587
1995-08-18,AAPL,0.4696923655482407
1995-08-21,AAPL,0.4836697102482432
1995-08-22,AAPL,0.46109595828025535
1995-08-23,AAPL,0.4602244246231832
1995-08-24,AAPL,0.4764808622695671
1995-08-25,AAPL,0.48095909060538133
1995-08-28,AAPL,0.47478521130948526
1995-08-29,AAPL,0.4729405909067174
1995-08-30,AAPL,0.4701612638383417
1995-08-31,AAPL,0.45297713180036525
1995-09-01,AAPL,0.45325475552290395
1995-09-05,AAPL,0.46260802390833516
1995-09-06,AAPL,0.47150371872898994
1995-09-07,AAPL,0.4821412792998986
1995-09-08,AAPL,0.48037993954589114
1995-09-11,AAPL,0.48682365085229473
1995-09-12,AAPL,0.46655105718064327
1995-09-13,AAPL,0.43843562653888885
1995-09-14,AAPL,0.42658296927039696
1995-09-15,AAPL,0.4298563992399821
1995-09-18,AAPL,0.3815194650924924
1995-09-19,AAPL,0.3833930619765404
1995-09-20,AAPL,0.3714394494916329
1995-09-21,AAPL,0.37749376287112124
1995-09-22,AAPL,0.3886479002981945
1995-09-25,AAPL,0.38075575042755344
1995-09-26,AAPL,0.3886156167873729
1995-09-27,AAPL,0.38464187996374655
1995-09-28,AAPL,0.37722801899450725
1995-09-29,AAPL,0.388462641380732
1995-10-02,AAPL,0.3877762637273884
1995-10-03,AAPL,0.3854148421117141
1995-10-04,AAPL,0.39497912918056627
1995-10-05,AAPL,0.4096063067635357
1995-10-06,AAPL,0.3883939157067155
1995-10-09,AAPL,0.3777232091514528
1995-10-10,AAPL,0.37954433730144854
1995-10-11,AAPL,0.3733767477083836
1995-10-12,AAPL,0.3887258277063867
1995-10-13,AAPL,0.4713718296736185
1995-10-16,AAPL,0.48064806757784245
1995-10-17,AAPL,0.49517684705999226
1995-10-18,AAPL,0.4984393869715511
1995-10-19,AAPL,0.488979184653537
1995-10-20,AAPL,0.4427969845170033
1995-10-23,AAPL,0.4303391165302742
1995-10-24,AAPL,0.4402979631105128
1995-10-25,AAPL,0.4427830984769619
1995-10-26,AAPL,0.454633230370296
1995-10-27,AAPL,0.47081256501864094
1995-10-30,AAPL,0.4716753593615488
1995-10-31,AAPL,0.47962982072604643
1995-11-01,AAPL,0.5009806479268838
1995-11-02,AAPL,0.48706432611216444
1995-11-03,AAPL,0.4971744290975763
1995-11-06,AAPL,0.5211362686623365
1995-11-07,AAPL,0.5470339473144612
1995-11-08,AAPL,0.5867724049189966
1995-11-09,AAPL,0.5804850476291279
1995-11-10,AAPL,0.5873606325712174
1995-11-13,AAPL,0.594129203087525
1995-11-14,AAPL,0.6135667153638323
1995-11-15,AAPL,0.6083661082569383
1995-11-16,AAPL,0.6493431745190472
1995-11-17,AAPL,0.6396953169199014
1995-11-20,AAPL,0.6111370720710161
1995-11-21,AAPL,0.6022280130445804
1995-11-22,AAPL,0.6086034277603602
1995-11-24,AAPL,0.6193640721061083
1995-11-27,AAPL,0.6023339977322705
1995-11-28,AAPL,0.580265480804668
1995-11-29,AAPL,0.5720931506004387
1995-11-30,AAPL,0.5514523459612645
1995-12-01,AAPL,0.5332120446799304
1995-12-04,AAPL,0.5432314068297245
1995-12-05,AAPL,0.5334070955843935
1995-12-06,AAPL,0.5219310505848526
1995-12-07,AAPL,0.5279872879766973
1995-12-08,AAPL,0.5312846425224936
1995-12-11,AAPL,0.5355494073216769
1995-12-12,AAPL,0.5243764823906344
1995-12-13,AAPL,0.5560020497872865
1995-12-14,AAPL,0.5121280661366611
1995-12-15,AAPL,0.524244853622603
1995-12-18,AAPL,0.4880530142832036
1995-12-19,AAPL,0.468066587557415
1995-12-20,AAPL,0.46856809737055166
1995-12-21,AAPL,0.4648932909355147
1995-12-22,AAPL,0.4190470237988804
1995-12-26,AAPL,0.41730807504164014
1995-12-27,AAPL,0.41779988205264307
1995-12-28,AAPL,0.4212011360360942
1995-12-29,AAPL,0.4037293045702908
1996-01-02,AAPL,0.39562698112287886
1996-01-03,AAPL,0.40588549519185274
1996-01-04,AAPL,0.38705675545496787
1996-01-05,AAPL,0.39415775718155777
1996-01-08,AAPL,0.4183261694119274
1996-01-09,AAPL,0.44014209523764863
1996-01-10,AAPL,0.4331885462675445
1996-01-11,AAPL,0.463526734268997
1996-01-12,AAPL,0.4508127736638213
1996-01-15,AAPL,0.4477091065361761
1996-01-16,AAPL,0.485243788264009
1996-01-17,AAPL,0.5191222124724023
1996-01-18,AAPL,0.5276427638568567
1996-01-19,AAPL,0.5286179472961053
1996-01-22,AAPL,0.5114673339017781
1996-01-23,AAPL,0.5331548096778436
1996-01-24,AAPL,0.5374240444525735
1996-01-25,AAPL,0.5015365686356072
1996-01-26,AAPL,0.49806228645654865
1996-01-29,AAPL,0.5088887646409261
1996-01-30,AAPL,0.49067983191656195
1996-01-31,AAPL,0.44873124368804385
1996-02-01,AAPL,0.44706436621601053
1996-02-02,AAPL,0.4540563065723722
1996-02-05,AAPL,0.4462665568163549
1996-02-06,AAPL,0.4652500626579361
1996-02-07,AAPL,0.47925427135466403
1996-02-08,AAPL,0.46968603838948003
1996-02-09,AAPL,0.4591629419572939
1996-02-12,AAPL,0.4168422084340301
1996-02-13,AAPL,0.40719895907480946
1996-02-14,AAPL,0.41679652762333014
1996-02-15,AAPL,0.41618315451147503
1996-02-16,AAPL,0.4571543440982413
1996-02-20,AAPL,0.4885727135735183
1996-02-21,AAPL,0.49326315649604685
1996-02-22,AAPL,0.47916973175833366
1996-02-23,AAPL,0.48843763848746685
1996-02-26,AAPL,0.480982415407863
1996-02-27,AAPL,0.48997286282444175
1996-02-28,AAPL,0.5246002773294847
1996-02-29,AAPL,0.5163185742244984
1996-03-01,AAPL,0.5168172661399387
1996-03-04,AAPL,0.4939340386212867
1996-03-05,AAPL,0.49320059467010113
1996-03-06,AAPL,0.4992168979257026
1996-03-07,AAPL,0.513905140066231
1996-03-08,AAPL,0.5193901067894331
1996-03-11,AAPL,0.4669393626763493
1996-03-12,AAPL,0.4378475807987244
1996-03-13,AAPL,0.4257641322584114
1996-03-14,AAPL,0.4273003886319665
1996-03-15,AAPL,0.43385984218033485
1996-03-18,AAPL,0.45009561744555726
1996-03-19,AAPL,0.4761912741698299
1996-03-20,AAPL,0.4741955821819168
1996-03-21,AAPL,0.47553030790082357
1996-03-22,AAPL,0.49377481130175666
1996-03-25,AAPL,0.46328129959355274
1996-03-26,AAPL,0.4657460216531848
1996-03-27,AAPL,0.522880960366762
1996-03-28,AAPL,0.5047670160884599
1996-03-29,AAPL,0.504539898890196
1996-04-01,AAPL,0.5230875962111415
1996-04-02,AAPL,0.5220713289621923
1996-04-03,AAPL,0.5221791574864993
1996-04-04,AAPL,0.5167504621526011
1996-04-08,AAPL,0.5194225104051123
1996-04-09,AAPL,0.5289513041250851
1996-04-10,AAPL,0.5454030707581231
1996-04-11,AAPL,0.5478376217555453
1996-04-12,AAPL,0.5363173382989711
1996-04-15,AAPL,0.5585512271188059
1996-04-16,AAPL,0.5603735382237378
1996-04-17,AAPL,0.5217808779033998
1996-04-18,AAPL,0.5426687191630184
1996-04-19,AAPL,0.5225772681287751
1996-04-22,AAPL,0.4997886660139754
1996-04-23,AAPL,0.5381687635821891
1996-04-24,AAPL,0.5341759684598353
1996-04-25,AAPL,0.5554744636173023
1996-04-26,AAPL,0.5688661567056514
1996-04-29,AAPL,0.4987633468694625
1996-04-30,AAPL,0.4958443440466724
1996-05-01,AAPL,0.4989827077451085
1996-05-02,AAPL,0.5072558656167564
1996-05-03,AAPL,0.49614038401636407
1996-05-06,AAPL,0.5364023467120433
1996-05-07,AAPL,0.5842036554013801
1996-05-08,AAPL,0.5950977078328356
1996-05-09,AAPL,0.5779102803757827
1996-05-10,AAPL,0.5816077105563415
1996-05-13,AAPL,0.6023561157072183
1996-05-14,AAPL,0.615399852303445
1996-05-15,AAPL,0.6278886760791955
1996-05-16,AAPL,0.632309479747092
1996-05-17,AAPL,0.6178841020923389
1996-05-20,AAPL,0.6250886237344778
1996-05-21,AAPL,0.6265518424517547
1996-05-22,AAPL,0.631115702284286
1996-05-23,AAPL,0.6156900528081658
1996-05-24,AAPL,0.5935828093027073
1996-05-28,AAPL,0.565727272276751
1996-05-29,AAPL,0.5557444479650978
1996-05-30,AAPL,0.5524222087522248
1996-05-31,AAPL,0.5527485433654151
1996-06-03,AAPL,0.5406980880962395
1996-06-04,AAPL,0.5592799624083965
1996-06-05,AAPL,0.5186454909984171
1996-06-06,AAPL,0.5138567959758804
1996-06-07,AAPL,0.5141057520312272
1996-06-10,AAPL,0.5006449233272847
1996-06-11,AAPL,0.5000527835771736
1996-06-12,AAPL,0.49646184928239656
1996-06-13,AAPL,0.4986594087497847
1996-06-14,AAPL,0.4867810001179558
1996-06-17,AAPL,0.4784544944750442
1996-06-18,AAPL,0.4856619646672272
1996-06-19,AAPL,0.4667480332083322
1996-06-20,AAPL,0.4587411947689615
1996-06-21,AAPL,0.4634299970922794
1996-06-24,AAPL,0.46057271479037754
1996-06-25,AAPL,0.4233596303615275
1996-06-26,AAPL,0.440406323110953
1996-06-27,AAPL,0.42862458096583983
1996-06-28,AAPL,0.4297660832357019
1996-07-01,AAPL,0.45172255661670363
1996-07-02,AAPL,0.44777910343273875
1996-07-03,AAPL,0.4459525765498759
1996-07-05,AAPL,0.42711593843485485
1996-07-08,AAPL,0.4397126162889878
1996-07-09,AAPL,0.4373236112782121
1996-07-10,AAPL,0.4192301672718879
1996-07-11,AAPL,0.43017142563034455
1996-07-12,AAPL,0.4267516749092131
1996-07-15,AAPL,0.4377528134387102
1996-07-16,AAPL,0.4477799546894677
1996-07-17,AAPL,0.4478000271599504
1996-07-18,AAPL,0.34542601246454374
1996-07-19,AAPL,0.3583951863400039
1996-07-22,AAPL,0.3485014986724276
1996-07-23,AAPL,0.34966326687437294
1996-07-24,AAPL,0.3993213904096645
1996-07-25,AAPL,0.40730135949467966
1996-07-26,AAPL,0.4103459201056807
1996-07-29,AAPL,0.4190607867499618
1996-07-30,AAPL,0.4228698194646605
1996-07-31,AAPL,0.4254168632790012
1996-08-01,AAPL,0.4774765636941239
1996-08-02,AAPL,0.48760963004482655
1996-08-05,AAPL,0.4937218666686373
1996-08-06,AAPL,0.4905816409838193
1996-08-07,AAPL,0.43763735694673983
1996-08-08,AAPL,0.46189201889369075
1996-08-09,AAPL,0.4914725719204686
1996-08-12,AAPL,0.5250037907438931
1996-08-13,AAPL,0.5149913294666941
1996-08-14,AAPL,0.5174016186063881
1996-08-15,AAPL,0.5816869588394749
1996-08-16,AAPL,0.5819236086800539
1996-08-19,AAPL,0.6131058025600694
1996-08-20,AAPL,0.6104454926252201
1996-08-21,AAPL,0.6124551943847764
1996-08-22,AAPL,0.598990607167979
1996-08-23,AAPL,0.6297404126895967
1996-08-26,AAPL,0.6206961738106259
1996-08-27,AAPL,0.6414562796756494
1996-08-28,AAPL,0.6428198194283596
1996-08-29,AAPL,0.6227212126569243
1996-08-30,AAPL,0.6109081780869795
1996-09-03,AAPL,0.6334072605756447
1996-09-04,AAPL,0.6292373934964418
1996-09-05,AAPL,0.6155734042280505
1996-09-06,AAPL,0.6021653539909454
1996-09-09,AAPL,0.5461783868593413
1996-09-10,AAPL,0.5357757458544186
1996-09-11,AAPL,0.541532325681981
1996-09-12,AAPL,0.5303768382837349
1996-09-13,AAPL,0.5061202686258385
1996-09-16,AAPL,0.5212335463284081
1996-09-17,AAPL,0.5143230454325413
1996-09-18,AAPL,0.5349116734809876
1996-09-19,AAPL,0.525227079682127
1996-09-20,AAPL,0.5231616998792725
1996-09-23,AAPL,0.5031239748032078
1996-09-24,AAPL,0.49588664017868817
1996-09-25,AAPL,0.5015263553077524
1996-09-26,AAPL,0.4850874448516602
1996-09-27,AAPL,0.49874915529761216
1996-09-30,AAPL,0.5106059937803229
1996-10-01,AAPL,0.5256081969789618
1996-10-02,AAPL,0.5346457739572986
1996-10-03,AAPL,0.5167937649309547
1996-10-04,AAPL,0.46877089313155973
1996-10-07,AAPL,0.47155630156283596
1996-10-08,AAPL,0.4796889356194314
1996-10-09,AAPL,0.48271484670066567
1996-10-10,AAPL,0.5227633018127265
1996-10-11,AAPL,0.5315688370669286
1996-10-14,AAPL,0.5391897227205218
1996-10-15,AAPL,0.5618032812441115
1996-10-16,AAPL,0.560129460289375
1996-10-17,AAPL,0.5989915995996047
1996-10-18,AAPL,0.588747099729529
1996-10-21,AAPL,0.5387595697619514
1996-10-22,AAPL,0.5414360245396058
1996-10-23,AAPL,0.5599126148984398
1996-10-24,AAPL,0.5517816291763779
1996-10-25,AAPL,0.5418998081256227
1996-10-28,AAPL,0.5407202283290125
1996-10-29,AAPL,0.5502370007913262
1996-10-30,AAPL,0.5231960892740697
1996-10-31,AAPL,0.5457019404567871
1996-11-01,AAPL,0.5270306889638041
1996-11-04,AAPL,0.5279589850618135
1996-11-05,AAPL,0.5311264910429121
1996-11-06,AAPL,0.5133183417545893
1996-11-07,AAPL,0.5132081361426151
1996-11-08,AAPL,0.5370341678038101
1996-11-11,AAPL,0.5432449777906566
1996-11-12,AAPL,0.5278932558515065
1996-11-13,AAPL,0.5200898002416384
1996-11-14,AAPL,0.5240722513038996
1996-11-15,AAPL,0.5252501984950794
1996-11-18,AAPL,0.5512772351206056
1996-11-19,AAPL,0.5659414165565845
1996-11-20,AAPL,0.5590727337772604
1996-11-21,AAPL,0.514396024946657
1996-11-22,AAPL,0.5172681568183071
1996-11-25,AAPL,0.4778211791792652
1996-11-26,AAPL,0.48592469795018095
1996-11-27,AAPL,0.4771553558170813
1996-11-29,AAPL,0.458555112165065
1996-12-02,AAPL,0.490402831115114
1996-12-03,AAPL,0.5140566327709435
1996-12-04,AAPL,0.49644601732789706
1996-12-05,AAPL,0.48758985883670103
1996-12-06,AAPL,0.5107052402907009
1996-12-09,AAPL,0.5108965639507947
1996-12-10,AAPL,0.49729426535130333
1996-12-11,AAPL,0.48725217556246603
1996-12-12,AAPL,0.48408376978002476
1996-12-13,AAPL,0.4423759605121716
1996-12-16,AAPL,0.4528206386363992
1996-12-17,AAPL,0.45501133411362765
1996-12-18,AAPL,0.45660570130635525
1996-12-19,AAPL,0.4528806593848367
1996-12-20,AAPL,0.4568765985132652
1996-12-23,AAPL,0.4528069777325907
1996-12-24,AAPL,0.4355711347752027
1996-12-26,AAPL,0.4440280446590885
1996-12-27,AAPL,0.4379282884820657
1996-12-30,AAPL,0.4432645094746486
1996-12-31,AAPL,0.4444127730099622
1997-01-02,AAPL,0.4131604566718604
1997-01-03,AAPL,0.4255241854371938
1997-01-06,AAPL,0.4845645501419003
1997-01-07,AAPL,0.4148285671037701
1997-01-08,AAPL,0.4117446167850218
1997-01-09,AAPL,0.385665722101968
1997-01-10,AAPL,0.3862594523154228
1997-01-13,AAPL,0.3659878512287888
1997-01-14,AAPL,0.3604180089190186
1997-01-15,AAPL,0.3679029615018546
1997-01-16,AAPL,0.37264753187931127
1997-01-17,AAPL,0.3550016658493951
1997-01-20,AAPL,0.33260241886492076
1997-01-21,AAPL,0.3298201597598945
1997-01-22,AAPL,0.33378037482978345
1997-01-23,AAPL,0.31400387985952916
1997-01-24,AAPL,0.33521793236100067
1997-01-27,AAPL,0.33370939427693774
1997-01-28,AAPL,0.33294946728960156
1997-01-29,AAPL,0.32906716829578375
1997-01-30,AAPL,0.30304737068915194
1997-01-31,AAPL,0.3039576508401286
1997-02-03,AAPL,0.4122972215375208
1997-02-04,AAPL,0.42763485629344916
1997-02-05,AAPL,0.4114171935385516
1997-02-06,AAPL,0.4268502641913277
1997-02-07,AAPL,0.42322012513791013
1997-02-10,AAPL,0.40667101386623655
1997-02-11,AAPL,0.41040443166233187
1997-02-12,AAPL,0.425291604475381
1997-02-13,AAPL,0.45683481349539967
1997-02-14,AAPL,0.4751962308921458
1997-02-18,AAPL,0.4827890309187735
1997-02-19,AAPL,0.488106926154537
1997-02-20,AAPL,0.4731663448135455
1997-02-21,AAPL,0.4790622126757282
1997-02-24,AAPL,0.477425168177454
1997-02-25,AAPL,0.502379951628045
1997-02-26,AAPL,0.5119728018422499
1997-02-27,AAPL,0.5033514478590707
1997-02-28,AAPL,0.49891064473381674
1997-03-03,AAPL,0.4967867046696211
1997-03-04,AAPL,0.5174274536118927
1997-03-05,AAPL,0.5490071236289853
1997-03-06,AAPL,0.5460361344339623
1997-03-07,AAPL,0.5229758089419407
1997-03-10,AAPL,0.49134555512258543
1997-03-11,AAPL,0.503051275123765
1997-03-12,AAPL,0.5111805573523455
1997-03-13,AAPL,0.5252735427058225
1997-03-14,AAPL,0.521091433890125
1997-03-17,AAPL,0.5092501799297278
1997-03-18,AAPL,0.49819000851742123
1997-03-19,AAPL,0.511292193370011
1997-03-20,AAPL,0.5594587027520487
1997-03-21,AAPL,0.5656620236431158
1997-03-24,AAPL,0.5383378044947306
1997-03-25,AAPL,0.5201525707585607
1997-03-26,AAPL,0.5322787640058698
1997-03-27,AAPL,0.6022314535081151
1997-03-31,AAPL,0.6303133236674987
1997-04-01,AAPL,0.5862277397158353
1997-04-02,AAPL,0.5712709473581031
1997-04-03,AAPL,0.5843157758544815
1997-04-04,AAPL,0.6114706696731523
1997-04-07,AAPL,0.6063705936893878
1997-04-08,AAPL,0.6068008610064628
1997-04-09,AAPL,0.6080018231701155
1997-04-10,AAPL,0.5881327318047374
1997-04-11,AAPL,0.6013388232329421
1997-04-14,AAPL,0.5944402307859082
1997-04-15,AAPL,0.5944686646811032
1997-04-16,AAPL,0.5966383273639634
1997-04-17,AAPL,0.5827105065732547
1997-04-18,AAPL,0.5659746677599122
1997-04-21,AAPL,0.576496984493704
1997-04-22,AAPL,0.5671276567483723
1997-04-23,AAPL,0.5422394003328064
1997-04-24,AAPL,0.5188878097306532
1997-04-25,AAPL,0.49942559319025254
1997-04-28,AAPL,0.506102752482988
1997-04-29,AAPL,0.5231972177587381
1997-04-30,AAPL,0.5287646473081049
1997-05-01,AAPL,0.515916334675112
1997-05-02,AAPL,0.4911262568370406
1997-05-05,AAPL,0.484531140941732
1997-05-06,AAPL,0.4841471360681412
1997-05-07,AAPL,0.4601537277969491
1997-05-08,AAPL,0.46964177768631643
1997-05-09,AAPL,0.5012298240106419
1997-05-12,AAPL,0.48827684971366
1997-05-13,AAPL,0.5148832060263083
1997-05-14,AAPL,0.5097374773145265
1997-05-15,AAPL,0.520265428953215
1997-05-16,AAPL,0.5098966689844383
1997-05-19,AAPL,0.49613065482670293
1997-05-20,AAPL,0.5180367157551842
1997-05-21,AAPL,0.5161169101955211
1997-05-22,AAPL,0.5085657980113075
1997-05-23,AAPL,0.5151424128750263
1997-05-27,AAPL,0.5336205634064399
1997-05-28,AAPL,0.542526593968569
1997-05-29,AAPL,0.532976841703446
1997-05-30,AAPL,0.5319029951212606
1997-06-02,AAPL,0.501377113451056
1997-06-03,AAPL,0.49687044622218296
1997-06-04,AAPL,0.4916863827757124
1997-06-05,AAPL,0.49284533762882965
1997-06-06,AAPL,0.4985677331993881
1997-06-09,AAPL,0.506855204390763
1997-06-10,AAPL,0.49440271948756764
1997-06-11,AAPL,0.4910055965977696
1997-06-12,AAPL,0.48583967457541677
1997-06-13,AAPL,0.47036248049349855
1997-06-16,AAPL,0.452326829003156
1997-06-17,AAPL,0.47863557128085
1997-06-18,AAPL,0.4884432824519378
1997-06-19,AAPL,0.4859822600590211
1997-06-20,AAPL,0.4712611339118745
1997-06-23,AAPL,0.4665557036397771
1997-06-24,AAPL,0.45880442452423903
1997-06-25,AAPL,0.46474317548174526
1997-06-26,AAPL,0.47449777750331673
1997-06-27,AAPL,0.44733881801036673
1997-06-30,AAPL,0.44633578235475707
1997-07-01,AAPL,0.46235744674398643
1997-07-02,AAPL,0.42887023683376785
1997-07-03,AAPL,0.42927115928841075
1997-07-07,AAPL,0.44434827618689415
1997-07-08,AAPL,0.4058454725428815
1997-07-09,AAPL,0.41496466106428487
1997-07-10,AAPL,0.43657784443619885
1997-07-11,AAPL,0.43582180210700694
1997-07-14,AAPL,0.4690775443246552
1997-07-15,AAPL,0.4785152553164963
1997-07-16,AAPL,0.4648607515285332
1997-07-17,AAPL,0.49730951832087905
1997-07-18,AAPL,0.5129661613603619
1997-07-21,AAPL,0.5159639792713716
1997-07-22,AAPL,0.510982667545199
1997-07-23,AAPL,0.516360065618531
1997-07-24,AAPL,0.4949110219778606
1997-07-25,AAPL,0.5306213876404884
1997-07-28,AAPL,0.543235907880599
1997-07-29,AAPL,0.5612119960628339
1997-07-30,AAPL,0.6209496664904187
1997-07-31,AAPL,0.6226298011976591
1997-08-01,AAPL,0.6171332605315984
1997-08-04,AAPL,0.628716651295774
1997-08-05,AAPL,0.6285734004100916
1997-08-06,AAPL,0.6388477422188334
1997-08-07,AAPL,0.7209592606263678
1997-08-08,AAPL,0.6580335834970976
1997-08-11,AAPL,0.6115706450217122
1997-08-12,AAPL,0.5717964796887689
1997-08-13,AAPL,0.5519970656254102
1997-08-14,AAPL,0.541059180520199
1997-08-15,AAPL,0.5571576805312981
1997-08-18,AAPL,0.5984991380187838
1997-08-19,AAPL,0.5917213241899012
1997-08-20,AAPL,0.6625952841043613
1997-08-21,AAPL,0.6725198717078306
1997-08-22,AAPL,0.6394918497951863
1997-08-25,AAPL,0.613923210907983
1997-08-26,AAPL,0.5119450246637726
1997-08-27,AAPL,0.4596776912947685
1997-08-28,AAPL,0.4528601912715886
1997-08-29,AAPL,0.42292944093091295
1997-09-02,AAPL,0.43483767276765206
1997-09-03,AAPL,0.41262212889870686
1997-09-04,AAPL,0.44530281684005063
1997-09-05,AAPL,0.4299559569900179
1997-09-08,AAPL,0.4316829158540494
1997-09-09,AAPL,0.42535590248929545
1997-09-10,AAPL,0.47853247087427975
1997-09-11,AAPL,0.4886730367870291
1997-09-12,AAPL,0.480319788697784
1997-09-15,AAPL,0.47077812016753257
1997-09-16,AAPL,0.4764597077952044
1997-09-17,AAPL,0.4590239230024478
1997-09-18,AAPL,0.47256010840178386
1997-09-19,AAPL,0.47501830841863363
1997-09-22,AAPL,0.4646405744757851
1997-09-23,AAPL,0.4674453055872312
1997-09-24,AAPL,0.4718725244572787
1997-09-25,AAPL,0.45972583101826175
1997-09-26,AAPL,0.46905341962230007
1997-09-29,AAPL,0.4617336214300435
1997-09-30,AAPL,0.4418787614489519
1997-10-01,AAPL,0.43713330759003877
1997-10-02,AAPL,0.44280217283477424
1997-10-03,AAPL,0.4579366493449829
1997-10-06,AAPL,0.46066349182814076
1997-10-07,AAPL,0.44673758485932236
1997-10-08,AAPL,0.4220449455078968
1997-10-09,AAPL,0.4376556411685989
1997-10-10,AAPL,0.43567404391459325
1997-10-13,AAPL,0.4764305903507494
1997-10-14,AAPL,0.4772639740646805
1997-10-15,AAPL,0.5283554745601399
1997-10-16,AAPL,0.48819008397703356
1997-10-17,AAPL,0.438709814088781
1997-10-20,AAPL,0.42330888020379287
1997-10-21,AAPL,0.42108075613896934
1997-10-22,AAPL,0.4104516987523394
1997-10-23,AAPL,0.4157317848283877
1997-10-24,AAPL,0.433958536064602
1997-10-27,AAPL,0.4211237931223607
1997-10-28,AAPL,0.42207404965340584
1997-10-29,AAPL,0.4482657775614115
1997-10-30,AAPL,0.42207934837251965
1997-10-31,AAPL,0.39627139181785703
1997-11-03,AAPL,0.38661142023069245
1997-11-04,AAPL,0.36600635133363496
1997-11-05,AAPL,0.3757839727691167
1997-11-06,AAPL,0.3826041983604803
1997-11-07,AAPL,0.38136109110463917
1997-11-10,AAPL,0.41450124521640413
1997-11-11,AAPL,0.39783588435462836
1997-11-12,AAPL,0.3929971121663048
1997-11-13,AAPL,0.40417581754851245
1997-11-14,AAPL,0.41852772268953325
1997-11-17,AAPL,0.4303932792373565
1997-11-18,AAPL,0.4363727023672118
1997-11-19,AAPL,0.45548328295055407
1997-11-20,AAPL,0.47273568960889883
1997-11-21,AAPL,0.5035061890115755
1997-11-24,AAPL,0.4762459472498549
1997-11-25,AAPL,0.4557373209103304
1997-11-26,AAPL,0.4359363990241735
1997-11-28,AAPL,0.4453281029611785
1997-12-01,AAPL,0.4536121407066712
1997-12-02,AAPL,0.44492750506069556
1997-12-03,AAPL,0.4151303944256697
1997-12-04,AAPL,0.3959975766889271
1997-12-05,AAPL,0.3824872277554342
1997-12-08,AAPL,0.3760856437857727
1997-12-09,AAPL,0.39934870079531254
1997-12-10,AAPL,0.39265157257603983
1997-12-11,AAPL,0.3959092269346692
1997-12-12,AAPL,0.39551394259465067
1997-12-15,AAPL,0.3916159214454834
1997-12-16,AAPL,0.37496132462101184
1997-12-17,AAPL,0.3906135068223744
1997-12-18,AAPL,0.37090056457601034
1997-12-19,AAPL,0.37124650026790734
1997-12-22,AAPL,0.37603475934478137
1997-12-23,AAPL,0.390178053633558
1997-12-24,AAPL,0.3690256299713021
1997-12-26,AAPL,0.3667702225024237
1997-12-29,AAPL,0.37762594035060487
1997-12-30,AAPL,0.37904915807904277
1997-12-31,AAPL,0.4418043226407581
1998-01-02,AAPL,0.3741221170888775
1998-01-05,AAPL,0.4453648217809773
1998-01-06,AAPL,0.4088622926682792
1998-01-07,AAPL,0.4380389873586571
1998-01-08,AAPL,0.4190886706929312
1998-01-09,AAPL,0.41585256242236573
1998-01-12,AAPL,0.4371353341394582
1998-01-13,AAPL,0.40459977468473257
1998-01-14,AAPL,0.4576458468890254
1998-01-15,AAPL,0.4496487995477527
1998-01-16,AAPL,0.5244209015997271
1998-01-20,AAPL,0.522646086820277
1998-01-21,AAPL,0.568858611182487
1998-01-22,AAPL,0.5643933490941708
1998-01-23,AAPL,0.5613360494617399
1998-01-26,AAPL,0.5729341410187775
1998-01-27,AAPL,0.4895247535228562
1998-01-28,AAPL,0.5602032881939312
1998-01-29,AAPL,0.5177338317770535
1998-01-30,AAPL,0.49257992153513097
1998-02-02,AAPL,0.4826757954304463
1998-02-03,AAPL,0.45101494124581565
1998-02-04,AAPL,0.47370532511153696
1998-02-05,AAPL,0.5353041762136825
1998-02-06,AAPL,0.5519478939729777
1998-02-09,AAPL,0.5705884442651794
1998-02-10,AAPL,0.5782949682412698
1998-02-11,AAPL,0.5549052245925807
1998-02-12,AAPL,0.5326461644170266
1998-02-13,AAPL,0.5475959866158493
1998-02-17,AAPL,0.5489052925196569
1998-02-18,AAPL,0.5615437817586567
1998-02-19,AAPL,0.6024756242620011
1998-02-20,AAPL,0.5865241792346806
1998-02-23,AAPL,0.596048077467061
1998-02-24,AAPL,0.6118984173370104
1998-02-25,AAPL,0.615907795730606
1998-02-26,AAPL,0.6116195705786637
1998-02-27,AAPL,0.6532034919017143
1998-03-02,AAPL,0.6192646345403504
1998-03-03,AAPL,0.629180527449474
1998-03-04,AAPL,0.6424339560282686
1998-03-05,AAPL,0.6392469013394632
1998-03-06,AAPL,0.6263420838114133
1998-03-09,AAPL,0.6209186309059513
1998-03-10,AAPL,0.5759032463774738
1998-03-11,AAPL,0.5794650767203989
1998-03-12,AAPL,0.6313118331091556
1998-03-13,AAPL,0.6211973343535966
1998-03-16,AAPL,0.6195463127208906
1998-03-17,AAPL,0.593039110330411
1998-03-18,AAPL,0.561440037121612
1998-03-19,AAPL,0.5541251242249323
1998-03-20,AAPL,0.5772541820736302
1998-03-23,AAPL,0.5413092610502847
1998-03-24,AAPL,0.5349065539721456
1998-03-25,AAPL,0.5578875928755084
1998-03-26,AAPL,0.5371363640763197
1998-03-27,AAPL,0.5598472544891837
1998-03-30,AAPL,0.5599250253280372
1998-03-31,AAPL,0.5113550881061766
1998-04-01,AAPL,0.4931383316284302
1998-04-02,AAPL,0.49343954254231037
1998-04-03,AAPL,0.4857905540905252
1998-04-06,AAPL,0.509231320090732
1998-04-07,AAPL,0.48693679816873126
1998-04-08,AAPL,0.4743595198929808
1998-04-09,AAPL,0.46919456913334207
1998-04-13,AAPL,0.4857817559423794
1998-04-14,AAPL,0.46665400537156676
1998-04-15,AAPL,0.5046649089190269
1998-04-16,AAPL,0.5485147625376411
1998-04-17,AAPL,0.5178727837442068
1998-04-20,AAPL,0.5027653268924891
1998-04-21,AAPL,0.5009166497165025
1998-04-22,AAPL,0.46845265058993646
1998-04-23,AAPL,0.4612016049911321
1998-04-24,AAPL,0.48272989380268966
1998-04-27,AAPL,0.5007133200506727
1998-04-28,AAPL,0.5049083909162968
1998-04-29,AAPL,0.5180844586035651
1998-04-30,AAPL,0.5157309729609856
1998-05-01,AAPL,0.4985742922989844
1998-05-04,AAPL,0.5149302749086624
1998-05-05,AAPL,0.5348862333412114
1998-05-06,AAPL,0.526003862355421
1998-05-07,AAPL,0.551060036617642
1998-05-08,AAPL,0.5195507240101988
1998-05-11,AAPL,0.5160191478609026
1998-05-12,AAPL,0.5243630811570699
1998-05-13,AAPL,0.5063516343802686
1998-05-14,AAPL,0.49550558128649813
1998-05-15,AAPL,0.5031763672404752
1998-05-18,AAPL,0.49964277296576803
1998-05-19,AAPL,0.49656603742083305
1998-05-20,AAPL,0.5302513051626426
1998-05-21,AAPL,0.5098394410394719
1998-05-22,AAPL,0.47586379743555873
1998-05-26,AAPL,0.4587544892562068
1998-05-27,AAPL,0.4314445779715061
1998-05-28,AAPL,0.44095595381159536
1998-05-29,AAPL,0.44008805172421983
1998-06-01,AAPL,0.4244801279470676
1998-06-02,AAPL,0.42822834018341743
1998-06-03,AAPL,0.43006335860752054
1998-06-04,AAPL,0.42628577850104105
1998-06-05,AAPL,0.43524300560332907
1998-06-08,AAPL,0.44267031706685156
1998-06-09,AAPL,0.4144802266652616
1998-06-10,AAPL,0.43103649509458597
1998-06-11,AAPL,0.43761221226020813
1998-06-12,AAPL,0.44832289661930147
1998-06-15,AAPL,0.4655209834890399
1998-06-16,AAPL,0.46936292316657785
1998-06-17,AAPL,0.4524902049376226
1998-06-18,AAPL,0.4643042852406113
1998-06-19,AAPL,0.462397894890639
1998-06-22,AAPL,0.46502456734572667
1998-06-23,AAPL,0.5151330440606947
1998-06-24,AAPL,0.5119799087100027
1998-06-25,AAPL,0.513591641187395
1998-06-26,AAPL,0.5171636519412082
1998-06-29,AAPL,0.49323420408741514
1998-06-30,AAPL,0.4993663356321203
1998-07-01,AAPL,0.5278662644242034
1998-07-02,AAPL,0.499462189932408
1998-07-06,AAPL,0.5062131967193904
1998-07-07,AAPL,0.5101413580936598
1998-07-08,AAPL,0.5148654930211679
1998-07-09,AAPL,0.5333088708103255
1998-07-10,AAPL,0.5404899251443706
1998-07-13,AAPL,0.5222868857833732
1998-07-14,AAPL,0.5418261154178383
1998-07-15,AAPL,0.5141779534448885
1998-07-16,AAPL,0.5387194280062139
1998-07-17,AAPL,0.5479532485236397
1998-07-20,AAPL,0.5455496342095872
1998-07-21,AAPL,0.541618166993234
1998-07-22,AAPL,0.5348313218152019
1998-07-23,AAPL,0.518336215294715
1998-07-24,AAPL,0.5129287595377442
1998-07-27,AAPL,0.5355640750434667
1998-07-28,AAPL,0.5001085479801196
1998-07-29,AAPL,0.5199909917351742
1998-07-30,AAPL,0.5409802935131831
1998-07-31,AAPL,0.5268010816309326
1998-08-03,AAPL,0.5145240339347061
1998-08-04,AAPL,0.5047111301126207
1998-08-05,AAPL,0.4346077683552193
1998-08-06,AAPL,0.46426289398020654
1998-08-07,AAPL,0.48135417710465234
1998-08-10,AAPL,0.4762715383284599
1998-08-11,AAPL,0.5173338780747061
1998-08-12,AAPL,0.5106767910269188
1998-08-13,AAPL,0.5165382328566419
1998-08-14,AAPL,0.5026153993071869
1998-08-17,AAPL,0.5239670569196215
1998-08-18,AAPL,0.5113264504010899
1998-08-19,AAPL,0.5138391638263312
1998-08-20,AAPL,0.5347808245395048
1998-08-21,AAPL,0.5195768403426886
1998-08-24,AAPL,0.5427987783245584
1998-08-25,AAPL,0.5313022965212949
1998-08-26,AAPL,0.5230580972815477
1998-08-27,AAPL,0.5119455766281233
1998-08-28,AAPL,0.4925406999541106
1998-08-31,AAPL,0.47193286990640726
1998-09-01,AAPL,0.42970539525341866
1998-09-02,AAPL,0.44097044068736524
1998-09-03,AAPL,0.45149540045994724
1998-09-04,AAPL,0.458628746923928
1998-09-08,AAPL,0.44201639702146195
1998-09-09,AAPL,0.4457873370625877
1998-09-10,AAPL,0.4267976039875371
1998-09-11,AAPL,0.40124243766374385
1998-09-14,AAPL,0.37245344451985773
1998-09-15,AAPL,0.32179430690653366
1998-09-16,AAPL,0.35756666370325374
1998-09-17,AAPL,0.3802278311606064
1998-09-18,AAPL,0.37818935834826944
1998-09-21,AAPL,0.4066392786725105
1998-09-22,AAPL,0.40119510548298565
1998-09-23,AAPL,0.37892431502395363
1998-09-24,AAPL,0.41811172978997796
1998-09-25,AAPL,0.4296508550878034
1998-09-28,AAPL,0.434864401641216
1998-09-29,AAPL,0.5182910310640059
1998-09-30,AAPL,0.46963879862294794
1998-10-01,AAPL,0.43394740654342095
1998-10-02,AAPL,0.4365830513488453
1998-10-05,AAPL,0.41058193112472846
1998-10-06,AAPL,0.3973816584528275
1998-10-07,AAPL,0.4308326818354941
1998-10-08,AAPL,0.4353423231785165
1998-10-09,AAPL,0.3932049163054232
1998-10-12,AAPL,0.4440080661995787
1998-10-13,AAPL,0.44921101877870356
1998-10-14,AAPL,0.47990817027125504
1998-10-15,AAPL,0.45984043447490003
1998-10-16,AAPL,0.413105672186846
1998-10-19,AAPL,0.37143481386149424
1998-10-20,AAPL,0.39038861911077355
1998-10-21,AAPL,0.38407866569124965
1998-10-22,AAPL,0.38833686783187055
1998-10-23,AAPL,0.44289030750701297
1998-10-26,AAPL,0.42636845216761843
1998-10-27,AAPL,0.4676772320757974
1998-10-28,AAPL,0.43855914728114226
1998-10-29,AAPL,0.43520210152806194
1998-10-30,AAPL,0.4174603295066952
1998-11-02,AAPL,0.43697253625319693
1998-11-03,AAPL,0.4485382602146564
1998-11-04,AAPL,0.47128913012644125
1998-11-05,AAPL,0.49160875439653756
1998-11-06,AAPL,0.46929985660880397
1998-11-09,AAPL,0.48463776240228823
1998-11-10,AAPL,0.43757133292887795
1998-11-11,AAPL,0.45195993182500066
1998-11-12,AAPL,0.4510467392005853
1998-11-13,AAPL,0.43121920078582865
1998-11-16,AAPL,0.46460509802168315
1998-11-17,AAPL,0.4578820181251065
1998-11-18,AAPL,0.4650048679665719
1998-11-19,AAPL,0.4603678987698445
1998-11-20,AAPL,0.4607844546257747
1998-11-23,AAPL,0.4468986715020299
1998-11-24,AAPL,0.45862821561195194
1998-11-25,AAPL,0.44104746059316924
1998-11-27,AAPL,0.43700601647243814
1998-11-30,AAPL,0.45065589836301106
1998-12-01,AAPL,0.43168469661095416
1998-12-02,AAPL,0.4514146851324015
1998-12-03,AAPL,0.460127832040132
1998-12-04,AAPL,0.4327618030820785
1998-12-07,AAPL,0.4299441140978506
1998-12-08,AAPL,0.4561315127594892
1998-12-09,AAPL,0.43633746310869054
1998-12-10,AAPL,0.4484882008812639
1998-12-11,AAPL,0.449931471531907
1998-12-14,AAPL,0.4211563607568281
1998-12-15,AAPL,0.4294764024559502
1998-12-16,AAPL,0.47033101367975544
1998-12-17,AAPL,0.4442871218365697
1998-12-18,AAPL,0.44577062333030854
1998-12-21,AAPL,0.45079313649125535
1998-12-22,AAPL,0.3967657336340283
1998-12-23,AAPL,0.445438952232068
1998-12-24,AAPL,0.4606116575761349
1998-12-28,AAPL,0.458734525615344
1998-12-29,AAPL,0.5316848857945217
1998-12-30,AAPL,0.5075380447510845
1998-12-31,AAPL,0.4766438581554387
1999-01-04,AAPL,0.49929488594062865
1999-01-05,AAPL,0.5295300541984134
1999-01-06,AAPL,0.5289192798014464
1999-01-07,AAPL,0.550909548011944
1999-01-08,AAPL,0.5808497294525016
1999-01-11,AAPL,0.5719792305097127
1999-01-12,AAPL,0.5816984139871945
1999-01-13,AAPL,0.6111162343495941
1999-01-14,AAPL,0.5302021593659477
1999-01-15,AAPL,0.5233064927521793
1999-01-19,AAPL,0.5017604222278793
1999-01-20,AAPL,0.5103914660587497
1999-01-21,AAPL,0.5153458165883129
1999-01-22,AAPL,0.5393519023442995
1999-01-25,AAPL,0.5298916204265923
1999-01-26,AAPL,0.5111288054388872
1999-01-27,AAPL,0.5280627544467219
1999-01-28,AAPL,0.4801427820411768
1999-01-29,AAPL,0.4674691058193256
1999-02-01,AAPL,0.4473996869243693
1999-02-02,AAPL,0.430665953337637
1999-02-03,AAPL,0.4081566949477303
1999-02-04,AAPL,0.44166073303495884
1999-02-05,AAPL,0.44339525397144014
1999-02-08,AAPL,0.42965241629120865
1999-02-09,AAPL,0.45691900082164943
1999-02-10,AAPL,0.4525737741381302
1999-02-11,AAPL,0.46179126823402156
1999-02-12,AAPL,0.5229286308443479
1999-02-16,AAPL,0.4789146240539784
1999-02-17,AAPL,0.4840550608901216
1999-02-18,AAPL,0.470340259943843
1999-02-19,AAPL,0.44337000932357445
1999-02-22,AAPL,0.4489640333190919
1999-02-23,AAPL,0.4721557012320172
1999-02-24,AAPL,0.4635139675770617
1999-02-25,AAPL,0.4875823949973527
1999-02-26,AAPL,0.4956215875926103
1999-03-01,AAPL,0.44102448525441845
1999-03-02,AAPL,0.4317050707493744
1999-03-03,AAPL,0.4208737508636963
1999-03-04,AAPL,0.40042578290157754
1999-03-05,AAPL,0.4404064920149675
1999-03-08,AAPL,0.44888173751756527
1999-03-09,AAPL,0.46030828037262544
1999-03-10,AAPL,0.4698287183875274
1999-03-11,AAPL,0.43961480301164385
1999-03-12,AAPL,0.3985499627714862
1999-03-15,AAPL,0.4049438122554379
1999-03-16,AAPL,0.4210344805444188
1999-03-17,AAPL,0.45700602473133534
1999-03-18,AAPL,0.4645979176337111
1999-03-19,AAPL,0.4849060495010174
1999-03-22,AAPL,0.44847953087889747
1999-03-23,AAPL,0.4525579951947236
1999-03-24,AAPL,0.44126153116103406
1999-03-25,AAPL,0.43631903373369735
1999-03-26,AAPL,0.4587256240794158
1999-03-29,AAPL,0.4461131872188485
1999-03-30,AAPL,0.49981426252552386
1999-03-31,AAPL,0.4964733942050218
1999-04-01,AAPL,0.49878960722697024
1999-04-05,AAPL,0.48845956009308744
1999-04-06,AAPL,0.47261629238020125
1999-04-07,AAPL,0.48317228028653375
1999-04-08,AAPL,0.481814264237499
1999-04-09,AAPL,0.5158908986004312
1999-04-12,AAPL,0.4832767982422171
1999-04-13,AAPL,0.5101771926193924
1999-04-14,AAPL,0.5050242128078656
1999-04-15,AAPL,0.5387948605933428
1999-04-16,AAPL,0.5375542194494931
1999-04-19,AAPL,0.514663734071407
1999-04-20,AAPL,0.5058698023790775
1999-04-21,AAPL,0.5199289934732269
1999-04-22,AAPL,0.5255587083962023
1999-04-23,AAPL,0.5221406064240602
1999-04-26,AAPL,0.5474267961082008
1999-04-27,AAPL,0.5319764965269784
1999-04-28,AAPL,0.5523528171349036
1999-04-29,AAPL,0.5321752383652123
1999-04-30,AAPL,0.4972390984501012
1999-05-03,AAPL,0.48099978238147567
1999-05-04,AAPL,0.45868971454332313
1999-05-05,AAPL,0.46322554925923104
1999-05-06,AAPL,0.49779463194113605
1999-05-07,AAPL,0.4920683985143964
1999-05-10,AAPL,0.5019485367388298
1999-05-11,AAPL,0.5579316290009151
1999-05-12,AAPL,0.5266873805576795
1999-05-13,AAPL,0.5322033563699828
1999-05-14,AAPL,0.5293747510460669
1999-05-17,AAPL,0.5108615281970561
1999-05-18,AAPL,0.5212435146930698
1999-05-19,AAPL,0.5296387618591611
1999-05-20,AAPL,0.4840285120759416
1999-05-21,AAPL,0.4365127292377952
1999-05-24,AAPL,0.45713704382762704
1999-05-25,AAPL,0.4514426164640203
1999-05-26,AAPL,0.47660705314320717
1999-05-27,AAPL,0.48605615793822476
1999-05-28,AAPL,0.47257065857415365
1999-06-01,AAPL,0.4987028428645176
1999-06-02,AAPL,0.5078534190728978
1999-06-03,AAPL,0.49932032775598645
1999-06-04,AAPL,0.5313282104738671
1999-06-07,AAPL,0.5332603438549753
1999-06-08,AAPL,0.5088198050647893
1999-06-09,AAPL,0.48861354692393744
1999-06-10,AAPL,0.527705645732959
1999-06-11,AAPL,0.4933346817960973
1999-06-14,AAPL,0.513214444867822
1999-06-15,AAPL,0.5212473903667743
1999-06-16,AAPL,0.493331357409954
1999-06-17,AAPL,0.5062354789375425
1999-06-18,AAPL,0.5293100433222228
1999-06-21,AAPL,0.5281799570787418
1999-06-22,AAPL,0.5007537368626274
1999-06-23,AAPL,0.47922058718839206
1999-06-24,AAPL,0.4714369720687061
1999-06-25,AAPL,0.4366223641864061
1999-06-28,AAPL,0.440982658034472
1999-06-29,AAPL,0.43751161997036625
1999-06-30,AAPL,0.4736597193334085
1999-07-01,AAPL,0.48647976429692125
1999-07-02,AAPL,0.4900763328494518
1999-07-06,AAPL,0.48680636191668236
1999-07-07,AAPL,0.46179210243974167
1999-07-08,AAPL,0.45113178853918257
1999-07-09,AAPL,0.4531167747906941
1999-07-12,AAPL,0.4646546250406817
1999-07-13,AAPL,0.4761020783206569
1999-07-14,AAPL,0.4883246816061939
1999-07-15,AAPL,0.5017367867806085
1999-07-16,AAPL,0.48074249035379196
1999-07-19,AAPL,0.4869885358492405
1999-07-20,AAPL,0.48902015922404835
1999-07-21,AAPL,0.48533513793588756
1999-07-22,AAPL,0.5406835997248113
1999-07-23,AAPL,0.5418664989018277
1999-07-26,AAPL,0.5316602895714466
1999-07-27,AAPL,0.4974197952771022
1999-07-28,AAPL,0.47424744859596984
1999-07-29,AAPL,0.46578527015992854
1999-07-30,AAPL,0.4793245600512177
1999-08-02,AAPL,0.5141226763649965
1999-08-03,AAPL,0.4768356667133929
1999-08-04,AAPL,0.49316818812981617
1999-08-05,AAPL,0.5034489294170555
1999-08-06,AAPL,0.4828000848955379
1999-08-09,AAPL,0.48447580444646415
1999-08-10,AAPL,0.48895161481844784
1999-08-11,AAPL,0.5059903307100446
1999-08-12,AAPL,0.5334793815462853
1999-08-13,AAPL,0.578363148717789
1999-08-16,AAPL,0.5572298824092223
1999-08-17,AAPL,0.5563493148573676
1999-08-18,AAPL,0.54228935223776
1999-08-19,AAPL,0.5208223100021622
1999-08-20,AAPL,0.5064902204072719
1999-08-23,AAPL,0.5346080368145526
1999-08-24,AAPL,0.5718852662031545
1999-08-25,AAPL,0.570167138636723
1999-08-26,AAPL,0.6001910938422177
1999-08-27,AAPL,0.5903185290266718
1999-08-30,AAPL,0.5552084131295637
1999-08-31,AAPL,0.5128879586720715
1999-09-01,AAPL,0.524448794105209
1999-09-02,AAPL,0.5304821562631941
1999-09-03,AAPL,0.5367883606825452
1999-09-07,AAPL,0.5566191379645008
1999-09-08,AAPL,0.5410236487970698
1999-09-09,AAPL,0.5411377286626673
1999-09-10,AAPL,0.5354777566501336
1999-09-13,AAPL,0.5239456262330952
1999-09-14,AAPL,0.495431445543026
1999-09-15,AAPL,0.5185751330972591
1999-09-16,AAPL,0.5192976082959361
1999-09-17,AAPL,0.5251003717803808
1999-09-20,AAPL,0.5628630653669121
1999-09-21,AAPL,0.5320535176835923
1999-09-22,AAPL,0.4680326285959404
1999-09-23,AAPL,0.4605498710450981
1999-09-24,AAPL,0.4150696728734544
1999-09-27,AAPL,0.4038968353399953
1999-09-28,AAPL,0.447628292081265
1999-09-29,AAPL,0.4262195439819008
1999-09-30,AAPL,0.41988889556664766
1999-10-01,AAPL,0.44188853660162225
1999-10-04,AAPL,0.4182328821454749
1999-10-05,AAPL,0.40598042549363533
1999-10-06,AAPL,0.4157383033475642
1999-10-07,AAPL,0.3784876218224452
1999-10-08,AAPL,0.37053622338145153
1999-10-11,AAPL,0.3644827565301716
1999-10-12,AAPL,0.34013602201577475
1999-10-13,AAPL,0.3830095038520214
1999-10-14,AAPL,0.3122447655704622
1999-10-15,AAPL,0.349581527848032
1999-10-18,AAPL,0.3596401971862213
1999-10-19,AAPL,0.4153180516255122
1999-10-20,AAPL,0.3502678144684043
1999-10-21,AAPL,0.38081824642253576
1999-10-22,AAPL,0.37028669259548036
1999-10-25,AAPL,0.375483634376337
1999-10-26,AAPL,0.4122078832825366
1999-10-27,AAPL,0.3892771385812215
1999-10-28,AAPL,0.4169365139532707
1999-10-29,AAPL,0.43392291994639487
1999-11-01,AAPL,0.4307891998982166
1999-11-02,AAPL,0.417842981041274
1999-11-03,AAPL,0.40103962472850857
1999-11-04,AAPL,0.39864925465450873
1999-11-05,AAPL,0.3959486244829116
1999-11-08,AAPL,0.4276181611674299
1999-11-09,AAPL,0.41125765744293286
1999-11-10,AAPL,0.4128286665700912
1999-11-11,AAPL,0.4463116182793995
1999-11-12,AAPL,0.4423398170207666
1999-11-15,AAPL,0.4223393594049975
1999-11-16,AAPL,0.4684905159356385
1999-11-17,AAPL,0.4840884196986116
1999-11-18,AAPL,0.4786918294742554
1999-11-19,AAPL,0.5144080586156994
1999-11-22,AAPL,0.5291696275743735
1999-11-23,AAPL,0.5124758495491887
1999-11-24,AAPL,0.5092647289512042
1999-11-26,AAPL,0.49629790791093104
1999-11-29,AAPL,0.44045244062190153
1999-11-30,AAPL,0.5242098345530746
1999-12-01,AAPL,0.5117430412453532
1999-12-02,AAPL,0.500813572959847
1999-12-03,AAPL,0.5167944984562812
1999-12-06,AAPL,0.5436670167244415
1999-12-07,AAPL,0.5335511070418943
1999-12-08,AAPL,0.5355630988597566
1999-12-09,AAPL,0.5114635071810902
1999-12-10,AAPL,0.48491168025632503
1999-12-13,AAPL,0.487258967375792
1999-12-14,AAPL,0.47339263873813864
1999-12-15,AAPL,0.4763391300838877
1999-12-16,AAPL,0.5017508062803506
1999-12-17,AAPL,0.5127337507848839
1999-12-20,AAPL,0.5061108127774828
1999-12-21,AAPL,0.4865693164630656
1999-12-22,AAPL,0.4488333940555334
1999-12-23,AAPL,0.40028567509037477
1999-12-27,AAPL,0.399353685130694
1999-12-28,AAPL,0.38472637489059336
1999-12-29,AAPL,0.37911966377005835
1999-12-30,AAPL,0.40416072926273305
1999-12-31,AAPL,0.3993813012859918
2000-01-03,AAPL,0.4560762510969912
2000-01-04,AAPL,0.475888881813882
2000-01-05,AAPL,0.4459814169061805
2000-01-06,AAPL,0.4565234503828574
2000-01-07,AAPL,0.42446003154593176
2000-01-10,AAPL,0.41761298586540485
2000-01-11,AAPL,0.43840450637952055
2000-01-12,AAPL,0.4580605125570192
2000-01-13,AAPL,0.42056135617879375
2000-01-14,AAPL,0.43084041893518676
2000-01-18,AAPL,0.4558566635286251
2000-01-19,AAPL,0.45559802511826947
2000-01-20,AAPL,0.4837200074660866
2000-01-21,AAPL,0.4360372408104797
2000-01-24,AAPL,0.41006035395871393
2000-01-25,AAPL,0.40264626466526526
2000-01-26,AAPL,0.3945996279273247
2000-01-27,AAPL,0.3773264940242222
2000-01-28,AAPL,0.4084120927361796
2000-01-31,AAPL,0.4132953490431502
2000-02-01,AAPL,0.4237949138097099
2000-02-02,AAPL,0.4652414700638585
2000-02-03,AAPL,0.42658044561919284
2000-02-04,AAPL,0.4672625117453183
2000-02-07,AAPL,0.4388365776226191
2000-02-08,AAPL,0.47603395523101233
2000-02-09,AAPL,0.4653898828469019
2000-02-10,AAPL,0.4800157486988606
2000-02-11,AAPL,0.46995347921039565
2000-02-14,AAPL,0.4121237980292339
2000-02-15,AAPL,0.4217260864307829
2000-02-16,AAPL,0.4296909097258232
2000-02-17,AAPL,0.45528520940273454
2000-02-18,AAPL,0.47017657815363373
2000-02-22,AAPL,0.4868223731779857
2000-02-23,AAPL,0.4906889427187571
2000-02-24,AAPL,0.4972520272751568
2000-02-25,AAPL,0.47222477355677583
2000-02-28,AAPL,0.46513122856414507
2000-02-29,AAPL,0.47493593562888375
2000-03-01,AAPL,0.4687965071539743
2000-03-02,AAPL,0.4891931375642714
2000-03-03,AAPL,0.4985234336907004
2000-03-06,AAPL,0.4716894418438929
2000-03-07,AAPL,0.4607987270869055
2000-03-08,AAPL,0.4356094759140481
2000-03-09,AAPL,0.4591580486693401
2000-03-10,AAPL,0.44515217874851964
2000-03-13,AAPL,0.4652700945916458
2000-03-14,AAPL,0.4606648822981878
2000-03-15,AAPL,0.4726307108237541
2000-03-16,AAPL,0.4764565373278971
2000-03-17,AAPL,0.4746775589851334
2000-03-20,AAPL,0.4931537966030856
2000-03-21,AAPL,0.4391828846157792
2000-03-22,AAPL,0.4721948505914135
2000-03-23,AAPL,0.46351639707085357
2000-03-24,AAPL,0.4810145613662799
2000-03-27,AAPL,0.4846177772752634
2000-03-28,AAPL,0.4433092982432264
2000-03-29,AAPL,0.43792820178150726
2000-03-30,AAPL,0.459797306626294
2000-03-31,AAPL,0.4415347148511397
2000-04-03,AAPL,0.48082079064623534
2000-04-04,AAPL,0.509730358081662
2000-04-05,AAPL,0.5049613777414831
2000-04-06,AAPL,0.527574241283977
2000-04-07,AAPL,0.4822638648352851
2000-04-10,AAPL,0.4758634897273883
2000-04-11,AAPL,0.4650800866223169
2000-04-12,AAPL,0.46279145272940675
2000-04-13,AAPL,0.4333955250186728
2000-04-14,AAPL,0.4431782795395948
2000-04-17,AAPL,0.4249436953760141
2000-04-18,AAPL,0.4576154762158942
2000-04-19,AAPL,0.5225695514305708
2000-04-20,AAPL,0.46375994859463543
2000-04-24,AAPL,0.47053154353594695
2000-04-25,AAPL,0.410589637573093
2000-04-26,AAPL,0.40581685904087245
2000-04-27,AAPL,0.3838196359198491
2000-04-28,AAPL,0.4159909023334507
2000-05-01,AAPL,0.41260676806572655
2000-05-02,AAPL,0.438377221573112
2000-05-03,AAPL,0.482012205154824
2000-05-04,AAPL,0.43510078588002443
2000-05-05,AAPL,0.4271806663115601
2000-05-08,AAPL,0.3847603283817868
2000-05-09,AAPL,0.40587860045334057
2000-05-10,AAPL,0.41552718918288234
2000-05-11,AAPL,0.44066636454970604
2000-05-12,AAPL,0.42445199497157676
2000-05-15,AAPL,0.4251655293017961
2000-05-16,AAPL,0.4302689219445066
2000-05-17,AAPL,0.42947240927738106
2000-05-18,AAPL,0.41042264158036446
2000-05-19,AAPL,0.41687976920249825
2000-05-22,AAPL,0.430117491547388
2000-05-23,AAPL,0.415819774905288
2000-05-24,AAPL,0.41218510247925916
2000-05-25,AAPL,0.41476069813029676
2000-05-26,AAPL,0.44421599943531287
2000-05-30,AAPL,0.4461521349549798
2000-05-31,AAPL,0.49684089835778245
2000-06-01,AAPL,0.4446158770003115
2000-06-02,AAPL,0.43506680197710434
2000-06-05,AAPL,0.4455523941273354
2000-06-06,AAPL,0.4014232846473601
2000-06-07,AAPL,0.4259055192616989
2000-06-08,AAPL,0.43967429621834186
2000-06-09,AAPL,0.44645555980059226
2000-06-12,AAPL,0.4644886473585495
2000-06-13,AAPL,0.4816625632367272
2000-06-14,AAPL,0.4535866594439974
2000-06-15,AAPL,0.46440428676513373
2000-06-16,AAPL,0.48005849081838997
2000-06-19,AAPL,0.4907477970570964
2000-06-20,AAPL,0.5190042227139832
2000-06-21,AAPL,0.5300700188636234
2000-06-22,AAPL,0.5264273928753744
2000-06-23,AAPL,0.5336720553632056
2000-06-26,AAPL,0.4854495335529111
2000-06-27,AAPL,0.4834403669955934
2000-06-28,AAPL,0.44818615396006783
2000-06-29,AAPL,0.47777406560063446
2000-06-30,AAPL,0.48661319180021595
2000-07-03,AAPL,0.48353884856534185
2000-07-05,AAPL,0.5342858848769082
2000-07-06,AAPL,0.5300068252173936
2000-07-07,AAPL,0.5421081995954108
2000-07-10,AAPL,0.5193669713550151
2000-07-11,AAPL,0.547711232344854
2000-07-12,AAPL,0.5100632423396873
2000-07-13,AAPL,0.5623396848219675
2000-07-14,AAPL,0.5353334720250549
2000-07-17,AAPL,0.5233074561057108
2000-07-18,AAPL,0.5470241696211418
2000-07-19,AAPL,0.4930599996566368
2000-07-20,AAPL,0.5138432452714993
2000-07-21,AAPL,0.5220257827263567
2000-07-24,AAPL,0.5256279143959118
2000-07-25,AAPL,0.5047124997016087
2000-07-26,AAPL,0.5457473292404925
2000-07-27,AAPL,0.500458210813528
2000-07-28,AAPL,0.5171901428818968
2000-07-31,AAPL,0.5223390866348058
2000-08-01,AAPL,0.5053602543197009
2000-08-02,AAPL,0.4936943031520292
2000-08-03,AAPL,0.47291578738274115
2000-08-04,AAPL,0.4944280547748289
2000-08-07,AAPL,0.45474684046829095
2000-08-08,AAPL,0.4845967242436426
2000-08-09,AAPL,0.45763556881445433
2000-08-10,AAPL,0.46860685194285284
2000-08-11,AAPL,0.4795044402627015
2000-08-14,AAPL,0.46205251175260614
2000-08-15,AAPL,0.4553826151700328
2000-08-16,AAPL,0.4331121405889788
2000-08-17,AAPL,0.4767419736576146
2000-08-18,AAPL,0.45176046809933423
2000-08-21,AAPL,0.505986326917073
2000-08-22,AAPL,0.5386471250021053
2000-08-23,AAPL,0.5223212652950263
2000-08-24,AAPL,0.5142577478289714
2000-08-25,AAPL,0.5584570648141349
2000-08-28,AAPL,0.5726216402507459
2000-08-29,AAPL,0.5724850891807909
2000-08-30,AAPL,0.591929542102298
2000-08-31,AAPL,0.5966908136322303
2000-09-01,AAPL,0.599514304820794
2000-09-05,AAPL,0.6051138181620204
2000-09-06,AAPL,0.5739657938612871
2000-09-07,AAPL,0.5437570856852196
2000-09-08,AAPL,0.5603878121337517
2000-09-11,AAPL,0.5410405873077426
2000-09-12,AAPL,0.5499993145398077
2000-09-13,AAPL,0.5623282039952812
2000-09-14,AAPL,0.5288881338752925
2000-09-15,AAPL,0.5395938496554347
2000-09-18,AAPL,0.5344450517451773
2000-09-19,AAPL,0.550782814483682
2000-09-20,AAPL,0.5337376979770918
2000-09-21,AAPL,0.5438899047598221
2000-09-22,AAPL,0.514309647780572
2000-09-25,AAPL,0.4677482941043374
2000-09-26,AAPL,0.4899338536685499
2000-09-27,AAPL,0.45442538322170056
2000-09-28,AAPL,0.45428039939485
2000-09-29,AAPL,0.5830721461511352
2000-10-02,AAPL,0.4827879214323916
2000-10-03,AAPL,0.5156169206795744
2000-10-04,AAPL,0.4579387292593553
2000-10-05,AAPL,0.4835658925889658
2000-10-06,AAPL,0.5448203402723963
2000-10-09,AAPL,0.5651680302583729
2000-10-10,AAPL,0.5824904601019681
2000-10-11,AAPL,0.5598433956975578
2000-10-12,AAPL,0.5245737462908193
2000-10-13,AAPL,0.3532320805263696
2000-10-16,AAPL,0.36998709390658985
2000-10-17,AAPL,0.3729453235790439
2000-10-18,AAPL,0.32217232198152
2000-10-19,AAPL,0.2458571756259838
2000-10-20,AAPL,0.19912633731116008
2000-10-23,AAPL,0.18734055766682312
2000-10-24,AAPL,0.18823329975663408
2000-10-25,AAPL,0.16333360672744246
2000-10-26,AAPL,0.1534810723143123
2000-10-27,AAPL,0.37803698818399073
2000-10-30,AAPL,0.3611451698116379
2000-10-31,AAPL,0.4070487560309123
2000-11-01,AAPL,0.3939037771532279
2000-11-02,AAPL,0.34283170660213264
2000-11-03,AAPL,0.3756837603189245
2000-11-06,AAPL,0.40322902607836847
2000-11-07,AAPL,0.37922112506072175
2000-11-08,AAPL,0.401664229543202
2000-11-09,AAPL,0.35706664237883357
2000-11-10,AAPL,0.3590449071341177
2000-11-13,AAPL,0.3931237050589638
2000-11-14,AAPL,0.41977371519301043
2000-11-15,AAPL,0.4607550559151374
2000-11-16,AAPL,0.48954961261571484
2000-11-17,AAPL,0.48534626641794315
2000-11-20,AAPL,0.46271763047877357
2000-11-21,AAPL,0.4569666447475943
2000-11-22,AAPL,0.4012446617759151
2000-11-24,AAPL,0.42199751094336185
2000-11-27,AAPL,0.4474148492433704
2000-11-28,AAPL,0.44733124769110055
2000-11-29,AAPL,0.4735806922237995
2000-11-30,AAPL,0.4778438757586874
2000-12-01,AAPL,0.4690447665528129
2000-12-04,AAPL,0.4697780063290281
2000-12-05,AAPL,0.4600975493003921
2000-12-06,AAPL,0.49013718691483876
2000-12-07,AAPL,0.4773389327614475
2000-12-08,AAPL,0.4751634900985479
2000-12-11,AAPL,0.4753781478369549
2000-12-12,AAPL,0.4644718712298884
2000-12-13,AAPL,0.5198321658138968
2000-12-14,AAPL,0.48052703289989024
2000-12-15,AAPL,0.4712184202834103
2000-12-18,AAPL,0.4593822525896349
2000-12-19,AAPL,0.46871835401446565
2000-12-20,AAPL,0.4436309467009253
2000-12-21,AAPL,0.4423132010255109
2000-12-22,AAPL,0.44999623288335416
2000-12-26,AAPL,0.4527603710930638
2000-12-27,AAPL,0.508519240979572
2000-12-28,AAPL,0.4940065844996743
2000-12-29,AAPL,0.4740525199981076
2001-01-02,AAPL,0.43265282136370875
2001-01-03,AAPL,0.4468720662384468
2001-01-04,AAPL,0.47241723352235443
2001-01-05,AAPL,0.5574178055758332
2001-01-08,AAPL,0.5622876142417704
2001-01-09,AAPL,0.5931949803914641
2001-01-10,AAPL,0.5524826954797296
2001-01-11,AAPL,0.517818739567538
2001-01-12,AAPL,0.542283754922119
2001-01-16,AAPL,0.5302955457403776
2001-01-17,AAPL,0.5335459392395857
2001-01-18,AAPL,0.5658922834576762
2001-01-19,AAPL,0.5765044313696533
2001-01-22,AAPL,0.5844650294133709
2001-01-23,AAPL,0.5930207329605431
2001-01-24,AAPL,0.6159121577249244
2001-01-25,AAPL,0.549542204286403
2001-01-26,AAPL,0.5821955144313448
2001-01-29,AAPL,0.551937283028665
2001-01-30,AAPL,0.5450608048359734
2001-01-31,AAPL,0.556279347753201
2001-02-01,AAPL,0.5963355231531242
2001-02-02,AAPL,0.6316550370183157
2001-02-05,AAPL,0.5939618805535513
2001-02-06,AAPL,0.6232661324136045
2001-02-07,AAPL,0.6011998943567769
2001-02-08,AAPL,0.5880899159218846
2001-02-09,AAPL,0.5733238085705177
2001-02-12,AAPL,0.5866837993356206
2001-02-13,AAPL,0.5730373372633079
2001-02-14,AAPL,0.5902616260008362
2001-02-15,AAPL,0.6168521575116542
2001-02-16,AAPL,0.5672814389829327
2001-02-20,AAPL,0.5354053187888739
2001-02-21,AAPL,0.5708363506644962
2001-02-22,AAPL,0.5677473851821918
2001-02-23,AAPL,0.5627620842602804
2001-02-26,AAPL,0.5642851079359031
2001-02-27,AAPL,0.5870659889213897
2001-02-28,AAPL,0.5549895698644977
2001-03-01,AAPL,0.5571224496943363
2001-03-02,AAPL,0.6033085695550131
2001-03-05,AAPL,0.5632908241685705
2001-03-06,AAPL,0.5706618705714098
2001-03-07,AAPL,0.6003786976926612
2001-03-08,AAPL,0.569074900373785
2001-03-09,AAPL,0.5704115480046031
2001-03-12,AAPL,0.5651890423344825
2001-03-13,AAPL,0.5219179810122293
2001-03-14,AAPL,0.5098968014773986
2001-03-15,AAPL,0.528985212522768
2001-03-16,AAPL,0.5311651385734298
2001-03-19,AAPL,0.5864486213062455
2001-03-20,AAPL,0.6098540509562065
2001-03-21,AAPL,0.5805446410178753
2001-03-22,AAPL,0.5707225153483397
2001-03-23,AAPL,0.5550157613251303
2001-03-26,AAPL,0.48861171564895484
2001-03-27,AAPL,0.5202556311893637
2001-03-28,AAPL,0.5525368909902547
2001-03-29,AAPL,0.5222223246847232
2001-03-30,AAPL,0.5289965000567768
2001-04-02,AAPL,0.5503592503552853
2001-04-03,AAPL,0.49406356198800966
2001-04-04,AAPL,0.5102470249984946
2001-04-05,AAPL,0.5228109007141879
2001-04-06,AAPL,0.5479657535870202
2001-04-09,AAPL,0.5629966864637732
2001-04-10,AAPL,0.5929440639913911
2001-04-11,AAPL,0.5852406379508324
2001-04-12,AAPL,0.5525214179034819
2001-04-16,AAPL,0.5609677250069189
2001-04-17,AAPL,0.5230681090939884
2001-04-18,AAPL,0.47956577424090824
2001-04-19,AAPL,0.4547563001177839
2001-04-20,AAPL,0.5028201640545071
2001-04-23,AAPL,0.514202799134034
2001-04-24,AAPL,0.5508082573259199
2001-04-25,AAPL,0.5517769837455968
2001-04-26,AAPL,0.4978851463079809
2001-04-27,AAPL,0.513001710007882
2001-04-30,AAPL,0.5116303070688859
2001-05-01,AAPL,0.4720843180073954
2001-05-02,AAPL,0.5274002338122135
2001-05-03,AAPL,0.5619637853196872
2001-05-04,AAPL,0.5445943317101595
2001-05-07,AAPL,0.5533424330874226
2001-05-08,AAPL,0.5068788963406281
2001-05-09,AAPL,0.4547674737837525
2001-05-10,AAPL,0.47231205608527804
2001-05-11,AAPL,0.48727454004177784
2001-05-14,AAPL,0.49610635178634216
2001-05-15,AAPL,0.5042037310367766
2001-05-16,AAPL,0.5497511805213633
2001-05-17,AAPL,0.5427077584390436
2001-05-18,AAPL,0.5567502826275106
2001-05-21,AAPL,0.5277863014792685
2001-05-22,AAPL,0.4998252272568234
2001-05-23,AAPL,0.5013294195229905
2001-05-24,AAPL,0.4502505079261685
2001-05-25,AAPL,0.46799785552658074
2001-05-29,AAPL,0.46375597279409814
2001-05-30,AAPL,0.4527580111272778
2001-05-31,AAPL,0.4688047174236996
2001-06-01,AAPL,0.4840124431299702
2001-06-04,AAPL,0.4790956880212424
2001-06-05,AAPL,0.49392792056833557
2001-06-06,AAPL,0.47710183371125564
2001-06-07,AAPL,0.49611229487414393
2001-06-08,AAPL,0.4891580597933559
2001-06-11,AAPL,0.47151712252849654
2001-06-12,AAPL,0.44341817286904617
2001-06-13,AAPL,0.423935669297054
2001-06-14,AAPL,0.41849918021741944
2001-06-15,AAPL,0.44328281760446653
2001-06-18,AAPL,0.4762085169957569
2001-06-19,AAPL,0.5103783980512334
2001-06-20,AAPL,0.49424958650523143
2001-06-21,AAPL,0.5144503087470645
2001-06-22,AAPL,0.5072364722502851
2001-06-25,AAPL,0.4690157752242689
2001-06-26,AAPL,0.5014366814943352
2001-06-27,AAPL,0.4807598164139958
2001-06-28,AAPL,0.46480485900600205
2001-06-29,AAPL,0.5236560716632007
2001-07-02,AAPL,0.493272604888056
2001-07-03,AAPL,0.4924501029229034
2001-07-05,AAPL,0.5356342770133105
2001-07-06,AAPL,0.5149442498174466
2001-07-09,AAPL,0.5127160172476285
2001-07-10,AAPL,0.5302969268671329
2001-07-11,AAPL,0.48743268289959524
2001-07-12,AAPL,0.47958921927877485
2001-07-13,AAPL,0.5232708633823666
2001-07-16,AAPL,0.4774972113299183
2001-07-17,AAPL,0.5204146886051335
2001-07-18,AAPL,0.46489362990576427
2001-07-19,AAPL,0.4224620611633564
2001-07-20,AAPL,0.39498595808002834
2001-07-23,AAPL,0.4067845730704425
2001-07-24,AAPL,0.3851451341156217
2001-07-25,AAPL,0.4591034630909899
2001-07-26,AAPL,0.4946967798766533
2001-07-27,AAPL,0.4860132640542079
2001-07-30,AAPL,0.4936090105797375
2001-07-31,AAPL,0.4859554111119849
2001-08-01,AAPL,0.38947776381697385
2001-08-02,AAPL,0.3655099776134206
2001-08-03,AAPL,0.3766123730489304
2001-08-06,AAPL,0.33379937089908657
2001-08-07,AAPL,0.3719951000321421
2001-08-08,AAPL,0.37845787812204845
2001-08-09,AAPL,0.3795716517830518
2001-08-10,AAPL,0.4023947751478497
2001-08-13,AAPL,0.423168301902713
2001-08-14,AAPL,0.43748754220741726
2001-08-15,AAPL,0.5068670654447148
2001-08-16,AAPL,0.5092626928765256
2001-08-17,AAPL,0.48825055119861477
2001-08-20,AAPL,0.48231802430788195
2001-08-21,AAPL,0.47079450981873927
2001-08-22,AAPL,0.4338496705976027
2001-08-23,AAPL,0.4376911780210388
2001-08-24,AAPL,0.48548229820547784
2001-08-27,AAPL,0.4983211501999473
2001-08-28,AAPL,0.49498682064691063
2001-08-29,AAPL,0.4641248863673063
2001-08-30,AAPL,0.4795370663722821
2001-08-31,AAPL,0.46408267139632486
2001-09-04,AAPL,0.47447541638304563
2001-09-05,AAPL,0.49148485993246555
2001-09-06,AAPL,0.48954098028785087
2001-09-07,AAPL,0.487280410262245
2001-09-10,AAPL,0.48812358821646945
2001-09-17,AAPL,0.5069730364658571
2001-09-18,AAPL,0.47826714143734605
2001-09-19,AAPL,0.48922870906131377
2001-09-20,AAPL,0.4665966598039386
2001-09-21,AAPL,0.45933564053781134
2001-09-24,AAPL,0.47509632235923316
2001-09-25,AAPL,0.504669672576002
2001-09-26,AAPL,0.4721763396349469
2001-09-27,AAPL,0.46282390586491173
2001-09-28,AAPL,0.4756629727970021
2001-10-01,AAPL,0.4460039652816846
2001-10-02,AAPL,0.46231242682024737
2001-10-03,AAPL,0.48756523356621434
2001-10-04,AAPL,0.4517010713659176
2001-10-05,AAPL,0.47160932858133225
2001-10-08,AAPL,0.5047065329201926
2001-10-09,AAPL,0.4636457851729719
2001-10-10,AAPL,0.5007929349867699
2001-10-11,AAPL,0.4922527025342134
2001-10-12,AAPL,0.48076546313620716
2001-10-15,AAPL,0.5260159367254291
2001-10-16,AAPL,0.5459955147457606
2001-10-17,AAPL,0.4845280299517223
2001-10-18,AAPL,0.5025644635555493
2001-10-19,AAPL,0.5142033788468483
2001-10-22,AAPL,0.5385338387579464
2001-10-23,AAPL,0.5353639477533294
2001-10-24,AAPL,0.5584222459537376
2001-10-25,AAPL,0.5672153482732056
2001-10-26,AAPL,0.5599749578343772
2001-10-29,AAPL,0.5338441915940709
2001-10-30,AAPL,0.5323417097006343
2001-10-31,AAPL,0.479037414395566
2001-11-01,AAPL,0.5010789980450099
2001-11-02,AAPL,0.5272606884831205
2001-11-05,AAPL,0.5648181951980202
2001-11-06,AAPL,0.5828141202038354
2001-11-07,AAPL,0.5902754721363846
2001-11-08,AAPL,0.5588942594340308
2001-11-09,AAPL,0.5240057040652304
2001-11-12,AAPL,0.5202571080504933
2001-11-13,AAPL,0.49239962867404785
2001-11-14,AAPL,0.5033827135032898
2001-11-15,AAPL,0.5655831679501998
2001-11-16,AAPL,0.5937176696070867
2001-11-19,AAPL,0.6060877058596419
2001-11-20,AAPL,0.6065648260435413
2001-11-21,AAPL,0.5784066276143981
2001-11-23,AAPL,0.565395401249435
2001-11-26,AAPL,0.5685741976749146
2001-11-27,AAPL,0.5555381326044397
2001-11-28,AAPL,0.5623759531792284
2001-11-29,AAPL,0.5874645408003729
2001-11-30,AAPL,0.5905534440287883
2001-12-03,AAPL,0.5542195175155832
2001-12-04,AAPL,0.5687151418481841
2001-12-05,AAPL,0.5680226830732933
2001-12-06,AAPL,0.5671131608729435
2001-12-07,AAPL,0.5667607298205086
2001-12-10,AAPL,0.5847356355666427
2001-12-11,AAPL,0.5573021919228018
2001-12-12,AAPL,0.5207753108498205
2001-12-13,AAPL,0.5204195929360135
2001-12-14,AAPL,0.4940006551512443
2001-12-17,AAPL,0.4963790817785503
2001-12-18,AAPL,0.5491844741837452
2001-12-19,AAPL,0.5856490552858757
2001-12-20,AAPL,0.5474201414659091
2001-12-21,AAPL,0.5546995424073202
2001-12-24,AAPL,0.5329657202301159
2001-12-26,AAPL,0.47355268078576784
2001-12-27,AAPL,0.49266071326072863
2001-12-28,AAPL,0.5155231978238431
2001-12-31,AAPL,0.494136216858229
2002-01-02,AAPL,0.5073459806952303
2002-01-03,AAPL,0.5530796330287497
2002-01-04,AAPL,0.587480424271725
2002-01-07,AAPL,0.575391951417327
2002-01-08,AAPL,0.5685485866761277
2002-01-09,AAPL,0.5289462266508893
2002-01-10,AAPL,0.5000695210955203
2002-01-11,AAPL,0.5275995316669315
2002-01-14,AAPL,0.5292695012368368
2002-01-15,AAPL,0.5178739743336678
2002-01-16,AAPL,0.5426972191809198
2002-01-17,AAPL,0.5213431234578088
2002-01-18,AAPL,0.5352201545215902
2002-01-22,AAPL,0.5323079929651742
2002-01-23,AAPL,0.4807073925318388
2002-01-24,AAPL,0.4848056255100496
2002-01-25,AAPL,0.4513631465586756
2002-01-28,AAPL,0.47476242147373643
2002-01-29,AAPL,0.48948624605743696
2002-01-30,AAPL,0.5114648044249289
2002-01-31,AAPL,0.5244286831995012
2002-02-01,AAPL,0.5609395548546269
2002-02-04,AAPL,0.5429068358271439
2002-02-05,AAPL,0.5437355784374173
2002-02-06,AAPL,0.5727779463553975
2002-02-07,AAPL,0.5258595344282359
2002-02-08,AAPL,0.5363170955345997
2002-02-11,AAPL,0.5366417303987966
2002-02-12,AAPL,0.5100178325517876
2002-02-13,AAPL,0.5329155800304486
2002-02-14,AAPL,0.5456258248130648
2002-02-15,AAPL,0.5508898060526046
2002-02-19,AAPL,0.5354630953024764
2002-02-20,AAPL,0.49996423976785276
2002-02-21,AAPL,0.4760407838372748
2002-02-22,AAPL,0.4620979783072445
2002-02-25,AAPL,0.4581039478668089
2002-02-26,AAPL,0.49631353147816365
2002-02-27,AAPL,0.49748006904803654
2002-02-28,AAPL,0.5130405908593519
2002-03-01,AAPL,0.47769194824218336
2002-03-04,AAPL,0.45241842608504
2002-03-05,AAPL,0.4534235547705851
2002-03-06,AAPL,0.4675831610638016
2002-03-07,AAPL,0.452727148665919
2002-03-08,AAPL,0.4622646403146247
2002-03-11,AAPL,0.49265895166031376
2002-03-12,AAPL,0.5001571683808155
2002-03-13,AAPL,0.4945330752845878
2002-03-14,AAPL,0.4609966438337066
2002-03-15,AAPL,0.45969170564688183
2002-03-18,AAPL,0.47606482447736
2002-03-19,AAPL,0.5259793299366975
2002-03-20,AAPL,0.5512179371179431
2002-03-21,AAPL,0.5118386692459226
2002-03-22,AAPL,0.4724674537031479
2002-03-25,AAPL,0.49855200162915947
2002-03-26,AAPL,0.45812964150143587
2002-03-27,AAPL,0.450330598583796
2002-03-28,AAPL,0.447448797925351
2002-04-01,AAPL,0.4934326235257061
2002-04-02,AAPL,0.5182255532758672
2002-04-03,AAPL,0.520250028332984
2002-04-04,AAPL,0.5417886280180475
2002-04-05,AAPL,0.52034533331998
2002-04-08,AAPL,0.5121210104603946
2002-04-09,AAPL,0.49098830304529945
2002-04-10,AAPL,0.49774178512134076
2002-04-11,AAPL,0.51482932366296
2002-04-12,AAPL,0.530825830695336
2002-04-15,AAPL,0.5831148102106786
2002-04-16,AAPL,0.5827675049816174
2002-04-17,AAPL,0.5777590950475153
2002-04-18,AAPL,0.5730069462929148
2002-04-19,AAPL,0.5307607012228039
2002-04-22,AAPL,0.5294106996645674
2002-04-23,AAPL,0.5194988765599209
2002-04-24,AAPL,0.4669695480325816
2002-04-25,AAPL,0.4846567192029303
2002-04-26,AAPL,0.485248376707218
2002-04-29,AAPL,0.5026909622465509
2002-04-30,AAPL,0.5112406252317385
2002-05-01,AAPL,0.5156709062342275
2002-05-02,AAPL,0.5021405176290966
2002-05-03,AAPL,0.5062904175526223
2002-05-06,AAPL,0.45273255722813566
2002-05-07,AAPL,0.42119247846687974
2002-05-08,AAPL,0.43605657757862865
2002-05-09,AAPL,0.4730754262543339
2002-05-10,AAPL,0.4619380700151273
2002-05-13,AAPL,0.48608158946429914
2002-05-14,AAPL,0.5065089391723825
2002-05-15,AAPL,0.48599472846932357
2002-05-16,AAPL,0.506692873511492
2002-05-17,AAPL,0.4938479999725037
2002-05-20,AAPL,0.46030931461590596
2002-05-21,AAPL,0.4344811249775864
2002-05-22,AAPL,0.4590094291669405
2002-05-23,AAPL,0.4690650518966456
2002-05-24,AAPL,0.4829850708699943
2002-05-28,AAPL,0.4952950377218862
2002-05-29,AAPL,0.4917907384251571
2002-05-30,AAPL,0.48308555062146313
2002-05-31,AAPL,0.48915064599818875
2002-06-03,AAPL,0.4690002145355527
2002-06-04,AAPL,0.4071150442475327
2002-06-05,AAPL,0.392243884888094
2002-06-06,AAPL,0.4276046263073905
2002-06-07,AAPL,0.44792000628831813
2002-06-10,AAPL,0.43480479252813287
2002-06-11,AAPL,0.4582269427644548
2002-06-12,AAPL,0.4333815487480998
2002-06-13,AAPL,0.39248778423137465
2002-06-14,AAPL,0.4067860512268801
2002-06-17,AAPL,0.4176660888207769
2002-06-18,AAPL,0.434090854026823
2002-06-19,AAPL,0.4309981298046146
2002-06-20,AAPL,0.3964129850339223
2002-06-21,AAPL,0.39188531617305755
2002-06-24,AAPL,0.38428774724039405
2002-06-25,AAPL,0.3815738275355598
2002-06-26,AAPL,0.42912841432447213
2002-06-27,AAPL,0.4159598512977035
2002-06-28,AAPL,0.43119136682753634
2002-07-01,AAPL,0.45577567968287813
2002-07-02,AAPL,0.4455340311427493
2002-07-03,AAPL,0.4043106225975367
2002-07-05,AAPL,0.3696474718134925
2002-07-08,AAPL,0.36427729000387876
2002-07-09,AAPL,0.3849737247387797
2002-07-10,AAPL,0.4361277228413829
2002-07-11,AAPL,0.4014752343384599
2002-07-12,AAPL,0.41731478979205067
2002-07-15,AAPL,0.4171956009771049
2002-07-16,AAPL,0.4278130790655181
2002-07-17,AAPL,0.4388138014251197
2002-07-18,AAPL,0.43199725919064935
2002-07-19,AAPL,0.434628624421496
2002-07-22,AAPL,0.42383261679335776
2002-07-23,AAPL,0.4332933238147142
2002-07-24,AAPL,0.42766753690986603
2002-07-25,AAPL,0.44497664214105764
2002-07-26,AAPL,0.43032246176499456
2002-07-29,AAPL,0.4497456337460784
2002-07-30,AAPL,0.46730035368089157
2002-07-31,AAPL,0.3868302990027154
2002-08-01,AAPL,0.4053325412608523
2002-08-02,AAPL,0.3860244104923489
2002-08-05,AAPL,0.3794267607606625
2002-08-06,AAPL,0.3856436150156195
2002-08-07,AAPL,0.43896663866570407
2002-08-08,AAPL,0.44119743464158934
2002-08-09,AAPL,0.4540667337011328
2002-08-12,AAPL,0.4963209198392361
2002-08-13,AAPL,0.45925690974751543
2002-08-14,AAPL,0.505535761746143
2002-08-15,AAPL,0.5025040697239375
2002-08-16,AAPL,0.4879047545415175
2002-08-19,AAPL,0.4656427785803931
2002-08-20,AAPL,0.5101896075801021
2002-08-21,AAPL,0.5422184260841568
2002-08-22,AAPL,0.5723234986120381
2002-08-23,AAPL,0.5812459955123707
2002-08-26,AAPL,0.5494693338739812
2002-08-27,AAPL,0.5042797232602247
2002-08-28,AAPL,0.48650620928580846
2002-08-29,AAPL,0.5128505714309278
2002-08-30,AAPL,0.5267400794886061
2002-09-03,AAPL,0.537337332080453
2002-09-04,AAPL,0.5244973921181573
2002-09-05,AAPL,0.5030354487902902
2002-09-06,AAPL,0.4880678750325752
2002-09-09,AAPL,0.4712227308298944
2002-09-10,AAPL,0.48326780684845044
2002-09-11,AAPL,0.43955745101016575
2002-09-12,AAPL,0.45475158357218143
2002-09-13,AAPL,0.46262364911335024
2002-09-16,AAPL,0.4904015081593836
2002-09-17,AAPL,0.5308511302489296
2002-09-18,AAPL,0.5658295230322427
2002-09-19,AAPL,0.5449487625394924
2002-09-20,AAPL,0.5456498854892396
2002-09-23,AAPL,0.5926436938109589
2002-09-24,AAPL,0.5459313029150867
2002-09-25,AAPL,0.5802016209030119
2002-09-26,AAPL,0.5625799559670894
2002-09-27,AAPL,0.5555844909700111
2002-09-30,AAPL,0.5570216516534713
2002-10-01,AAPL,0.5792105982274103
2002-10-02,AAPL,0.5785234327532349
2002-10-03,AAPL,0.5717294741798233
2002-10-04,AAPL,0.547713007776509
2002-10-07,AAPL,0.513803972303418
2002-10-08,AAPL,0.48274081705424404
2002-10-09,AAPL,0.5104209620146881
2002-10-10,AAPL,0.5013468103635815
2002-10-11,AAPL,0.536384674951846
2002-10-14,AAPL,0.5681034806925996
2002-10-15,AAPL,0.5700796487994592
2002-10-16,AAPL,0.5614506497701517
2002-10-17,AAPL,0.5352194336609892
2002-10-18,AAPL,0.5271346631333322
2002-10-21,AAPL,0.520625688186299
2002-10-22,AAPL,0.5342140909318951
2002-10-23,AAPL,0.5428960644152089
2002-10-24,AAPL,0.5802754561725779
2002-10-25,AAPL,0.5944109226265037
2002-10-28,AAPL,0.6155103778203123
2002-10-29,AAPL,0.6268277373137076
2002-10-30,AAPL,0.5927162057799451
2002-10-31,AAPL,0.5839130399355273
2002-11-01,AAPL,0.5726564482982325
2002-11-04,AAPL,0.5741226089247223
2002-11-05,AAPL,0.6295697807178944
2002-11-06,AAPL,0.660855043421428
2002-11-07,AAPL,0.5919855276510928
2002-11-08,AAPL,0.5799079737599113
2002-11-11,AAPL,0.5525537775093516
2002-11-12,AAPL,0.5351145230345341
2002-11-13,AAPL,0.5622549187777236
2002-11-14,AAPL,0.5597476093221672
2002-11-15,AAPL,0.568504658187533
2002-11-18,AAPL,0.5882805465753564
2002-11-19,AAPL,0.550399432901679
2002-11-20,AAPL,0.5507796683104411
2002-11-21,AAPL,0.5095505496181085
2002-11-22,AAPL,0.5081930970338073
2002-11-25,AAPL,0.49118995207927385
2002-11-26,AAPL,0.4942719245761075
2002-11-27,AAPL,0.5176679895897681
2002-11-29,AAPL,0.5246952170353112
2002-12-02,AAPL,0.544877542715849
2002-12-03,AAPL,0.5121182364049235
2002-12-04,AAPL,0.5112764298836505
2002-12-05,AAPL,0.46617907591653396
2002-12-06,AAPL,0.5100947518884305
2002-12-09,AAPL,0.5198976205171483
2002-12-10,AAPL,0.5425551375371884
2002-12-11,AAPL,0.5373247223442386
2002-12-12,AAPL,0.4997236217008192
2002-12-13,AAPL,0.5003565126787413
2002-12-16,AAPL,0.4931973785883231
2002-12-17,AAPL,0.5120381306500599
2002-12-18,AAPL,0.47665403198949724
2002-12-19,AAPL,0.4736577862564525
2002-12-20,AAPL,0.5058216093373696
2002-12-23,AAPL,0.5040671730460915
2002-12-24,AAPL,0.5199619849864776
2002-12-26,AAPL,0.5506171984838938
2002-12-27,AAPL,0.5256020203907918
2002-12-30,AAPL,0.5197215749477166
2002-12-31,AAPL,0.48216192026369276
2003-01-02,AAPL,0.4948124838434076
2003-01-03,AAPL,0.5048196780311405
2003-01-06,AAPL,0.5274066510328896
2003-01-07,AAPL,0.5226145603386732
2003-01-08,AAPL,0.5023847639192324
2003-01-09,AAPL,0.5252314648787341
2003-01-10,AAPL,0.5580885474017926
2003-01-13,AAPL,0.5489002164848475
2003-01-14,AAPL,0.524015673122642
2003-01-15,AAPL,0.5392561640975172
2003-01-16,AAPL,0.5531023813454443
2003-01-17,AAPL,0.5606391885590954
2003-01-21,AAPL,0.5520310944008359
2003-01-22,AAPL,0.5222882966154414
2003-01-23,AAPL,0.48768077395224413
2003-01-24,AAPL,0.4749126562739042
2003-01-27,AAPL,0.49759301982624876
2003-01-28,AAPL,0.5225613411568546
2003-01-29,AAPL,0.5609158781750174
2003-01-30,AAPL,0.5330647729724725
2003-01-31,AAPL,0.5391674643517964
2003-02-03,AAPL,0.5256152747913823
2003-02-04,AAPL,0.5205228663903865
2003-02-05,AAPL,0.5154074241594974
2003-02-06,AAPL,0.5237901928470075
2003-02-07,AAPL,0.5326834035642061
2003-02-10,AAPL,0.5375619530614004
2003-02-11,AAPL,0.5638715198637931
2003-02-12,AAPL,0.5617619797547001
2003-02-13,AAPL,0.5725086687366752
2003-02-14,AAPL,0.5667280137830216
2003-02-18,AAPL,0.5615016587363214
2003-02-19,AAPL,0.5332047990074666
2003-02-20,AAPL,0.5594039044415875
2003-02-21,AAPL,0.5587785734591483
2003-02-24,AAPL,0.5283227323382574
2003-02-25,AAPL,0.5330574776248722
2003-02-26,AAPL,0.5390286627366205
2003-02-27,AAPL,0.5392603907976053
2003-02-28,AAPL,0.5711109764948308
2003-03-03,AAPL,0.5616398818441062
2003-03-04,AAPL,0.5651624773629065
2003-03-05,AAPL,0.560360002858465
2003-03-06,AAPL,0.5433782501592054
2003-03-07,AAPL,0.5382588924676728
2003-03-10,AAPL,0.4958607983766867
2003-03-11,AAPL,0.5188382029823594
2003-03-12,AAPL,0.505027253621253
2003-03-13,AAPL,0.5138918835412387
2003-03-14,AAPL,0.5429702455568716
2003-03-17,AAPL,0.5257539886294645
2003-03-18,AAPL,0.5793649848650159
2003-03-19,AAPL,0.553036008677396
2003-03-20,AAPL,0.5233220725408801
2003-03-21,AAPL,0.5689840041649767
2003-03-24,AAPL,0.5174194278767063
2003-03-25,AAPL,0.5079212385265043
2003-03-26,AAPL,0.515516508041938
2003-03-27,AAPL,0.5371527017671426
2003-03-28,AAPL,0.5549089608700485
2003-03-31,AAPL,0.5635769697909505
2003-04-01,AAPL,0.551905867600346
2003-04-02,AAPL,0.5283961717991705
2003-04-03,AAPL,0.5242176454898855
2003-04-04,AAPL,0.4999056508825686
2003-04-07,AAPL,0.4966860644753018
2003-04-08,AAPL,0.5048175522114815
2003-04-09,AAPL,0.4871084818706126
2003-04-10,AAPL,0.49426698119252316
2003-04-11,AAPL,0.4933024997307865
2003-04-14,AAPL,0.45411647988668513
2003-04-15,AAPL,0.46753310088040406
2003-04-16,AAPL,0.4750546310096124
2003-04-17,AAPL,0.4601621194269361
2003-04-21,AAPL,0.4916291327687633
2003-04-22,AAPL,0.49727426925074764
2003-04-23,AAPL,0.4799464457240894
2003-04-24,AAPL,0.48292280627417333
2003-04-25,AAPL,0.48889368629661595
2003-04-28,AAPL,0.45601773651231853
2003-04-29,AAPL,0.4789696630749578
2003-04-30,AAPL,0.48992332475687705
2003-05-01,AAPL,0.48901706019477015
2003-05-02,AAPL,0.5677572883878037
2003-05-05,AAPL,0.5022845698628681
2003-05-06,AAPL,0.5180308517057696
2003-05-07,AAPL,0.5524509694627551
2003-05-08,AAPL,0.5491364742888051
2003-05-09,AAPL,0.5447371073547027
2003-05-12,AAPL,0.551434490080343
2003-05-13,AAPL,0.5417571329282074
2003-05-14,AAPL,0.5561199553864765
2003-05-15,AAPL,0.5598189227715948
2003-05-16,AAPL,0.5639478680803544
2003-05-19,AAPL,0.5873342456037672
2003-05-20,AAPL,0.6033293070375716
2003-05-21,AAPL,0.6034558787879958
2003-05-22,AAPL,0.6076245590036411
2003-05-23,AAPL,0.5911801355823912
2003-05-27,AAPL,0.5750678696832895
2003-05-28,AAPL,0.5605944177709246
2003-05-29,AAPL,0.5293209427867083
2003-05-30,AAPL,0.5077463441062766
2003-06-02,AAPL,0.48386371775194403
2003-06-03,AAPL,0.48021511172296455
2003-06-04,AAPL,0.5222285580883883
2003-06-05,AAPL,0.5214044552919845
2003-06-06,AAPL,0.5251626048295326
2003-06-09,AAPL,0.54278197410798
2003-06-10,AAPL,0.5667738401528498
2003-06-11,AAPL,0.5569731172576875
2003-06-12,AAPL,0.540090384912424
2003-06-13,AAPL,0.5418123953548047
2003-06-16,AAPL,0.5075020265651792
2003-06-17,AAPL,0.5341643561723246
2003-06-18,AAPL,0.5432971591806485
2003-06-19,AAPL,0.5596670445424023
2003-06-20,AAPL,0.5771018187981914
2003-06-23,AAPL,0.5574110527488305
2003-06-24,AAPL,0.553706001397002
2003-06-25,AAPL,0.5428517349425325
2003-06-26,AAPL,0.5779108013900345
2003-06-27,AAPL,0.571320005900507
2003-06-30,AAPL,0.5759970952903564
2003-07-01,AAPL,0.5759057726373419
2003-07-02,AAPL,0.5835323936970263
2003-07-03,AAPL,0.5971048014121556
2003-07-07,AAPL,0.5824987517945526
2003-07-08,AAPL,0.5926201021559042
2003-07-09,AAPL,0.5458177818091408
2003-07-10,AAPL,0.5319991445278902
2003-07-11,AAPL,0.5341106518253065
2003-07-14,AAPL,0.5224799603810913
2003-07-15,AAPL,0.5370385959495544
2003-07-16,AAPL,0.5313075950641495
2003-07-17,AAPL,0.5436757904868332
2003-07-18,AAPL,0.5782795255447202
2003-07-21,AAPL,0.5771792986377003
2003-07-22,AAPL,0.5882796268984367
2003-07-23,AAPL,0.5744432681207025
2003-07-24,AAPL,0.5555766225069183
2003-07-25,AAPL,0.5323325942704433
2003-07-28,AAPL,0.5259245269600246
2003-07-29,AAPL,0.5270857147129636
2003-07-30,AAPL,0.5328265743992816
2003-07-31,AAPL,0.5442997883586459
2003-08-01,AAPL,0.5342188531221782
2003-08-04,AAPL,0.5478926239655811
2003-08-05,AAPL,0.5456239530154392
2003-08-06,AAPL,0.5029638821004823
2003-08-07,AAPL,0.47915526327516716
2003-08-08,AAPL,0.5125267577215831
2003-08-11,AAPL,0.4857877283749203
2003-08-12,AAPL,0.4913811013010384
2003-08-13,AAPL,0.5007735768555275
2003-08-14,AAPL,0.4905117836366309
2003-08-15,AAPL,0.49551587263748204
2003-08-18,AAPL,0.510628644625623
2003-08-19,AAPL,0.5151385730650051
2003-08-20,AAPL,0.46600181106369876
2003-08-21,AAPL,0.49904250577565057
2003-08-22,AAPL,0.48817942449656165
2003-08-25,AAPL,0.4936907113094852
2003-08-26,AAPL,0.5278697608317677
2003-08-27,AAPL,0.524518979550887
2003-08-28,AAPL,0.5332111734720683
2003-08-29,AAPL,0.5456876989647216
2003-09-02,AAPL,0.5653704329820032
2003-09-03,AAPL,0.5640426259358431
2003-09-04,AAPL,0.5895615091159263
2003-09-05,AAPL,0.5964494608848402
2003-09-08,AAPL,0.5609052319615848
2003-09-09,AAPL,0.5509603130559135
2003-09-10,AAPL,0.5258201103422443
2003-09-11,AAPL,0.5175701302411886
2003-09-12,AAPL,0.58568532209277
2003-09-15,AAPL,0.565596055903543
2003-09-16,AAPL,0.5627222379712319
2003-09-17,AAPL,0.5502220879510289
2003-09-18,AAPL,0.5268360217669605
2003-09-19,AAPL,0.5069612316574695
2003-09-22,AAPL,0.5070291119482314
2003-09-23,AAPL,0.4938805197548832
2003-09-24,AAPL,0.4885320612749745
2003-09-25,AAPL,0.4777423711651419
2003-09-26,AAPL,0.4801577795788318
2003-09-29,AAPL,0.4857787204333239
2003-09-30,AAPL,0.4973099115727004
2003-10-01,AAPL,0.48735431365445464
2003-10-02,AAPL,0.4932372999073164
2003-10-03,AAPL,0.49754303232337616
2003-10-06,AAPL,0.49216213425078714
2003-10-07,AAPL,0.5180373689900676
2003-10-08,AAPL,0.4901505230494047
2003-10-09,AAPL,0.4803017185785129
2003-10-10,AAPL,0.48877516766415907
2003-10-13,AAPL,0.4905757307453863
2003-10-14,AAPL,0.5079929810492333
2003-10-15,AAPL,0.548974464121142
2003-10-16,AAPL,0.5052097347591739
2003-10-17,AAPL,0.49187799574704644
2003-10-20,AAPL,0.505016190285675
2003-10-21,AAPL,0.5239161629136415
2003-10-22,AAPL,0.5270932266478121
2003-10-23,AAPL,0.5281178688845338
2003-10-24,AAPL,0.5222701667010567
2003-10-27,AAPL,0.4930678413984565
2003-10-28,AAPL,0.5102321322888114
2003-10-29,AAPL,0.5234617059837531
2003-10-30,AAPL,0.4839127735314149
2003-10-31,AAPL,0.45904350386932324
2003-11-03,AAPL,0.46401677580331185
2003-11-04,AAPL,0.4496049950517905
2003-11-05,AAPL,0.479849986687378
2003-11-06,AAPL,0.5147063758091771
2003-11-07,AAPL,0.475840160331003
2003-11-10,AAPL,0.46329935313525455
2003-11-11,AAPL,0.4857960439745836
2003-11-12,AAPL,0.48023367771199393
2003-11-13,AAPL,0.5057930694862675
2003-11-14,AAPL,0.5013796190556344
2003-11-17,AAPL,0.45196842040793184
2003-11-18,AAPL,0.4509547594290013
2003-11-19,AAPL,0.44004596738638596
2003-11-20,AAPL,0.4459333546638742
2003-11-21,AAPL,0.4340208420793714
2003-11-24,AAPL,0.4446065899421818
2003-11-25,AAPL,0.46705362625695
2003-11-26,AAPL,0.4708516253492138
2003-11-28,AAPL,0.4885669453136902
2003-12-01,AAPL,0.4954498286786264
2003-12-02,AAPL,0.49798870192700684
2003-12-03,AAPL,0.45202115170444757
2003-12-04,AAPL,0.44137267999187085
2003-12-05,AAPL,0.46216959890435577
2003-12-08,AAPL,0.4613369457115264
2003-12-09,AAPL,0.5013929955825747
2003-12-10,AAPL,0.48972937908191816
2003-12-11,AAPL,0.4961635537761568
2003-12-12,AAPL,0.5135331632538138
2003-12-15,AAPL,0.4877391542039314
2003-12-16,AAPL,0.49641207028258294
2003-12-17,AAPL,0.48629379413799156
2003-12-18,AAPL,0.4686115597003816
2003-12-19,AAPL,0.4298028718544387
2003-12-22,AAPL,0.44728896633645554
2003-12-23,AAPL,0.4617182971530122
2003-12-24,AAPL,0.47192381969537756
2003-12-26,AAPL,0.5124207553811704
2003-12-29,AAPL,0.5135291594269883
2003-12-30,AAPL,0.5355498050250879
2003-12-31,AAPL,0.5407873704840924
2004-01-02,AAPL,0.4886576220247569
2004-01-05,AAPL,0.5105591552661113
2004-01-06,AAPL,0.5441575384291899
2004-01-07,AAPL,0.5495998537833351
2004-01-08,AAPL,0.5622492747991032
2004-01-09,AAPL,0.5759774678570819
2004-01-12,AAPL,0.5891779767550923
2004-01-13,AAPL,0.6055639028402331
2004-01-14,AAPL,0.6140244844353621
2004-01-15,AAPL,0.5575195334359454
2004-01-16,AAPL,0.5330052833323535
2004-01-20,AAPL,0.5377252031134542
2004-01-21,AAPL,0.5287898587312357
2004-01-22,AAPL,0.5294449121835486
2004-01-23,AAPL,0.5583594640643715
2004-01-26,AAPL,0.5452719151729948
2004-01-27,AAPL,0.5696332878769582
2004-01-28,AAPL,0.5597830585415716
2004-01-29,AAPL,0.537953392732487
2004-01-30,AAPL,0.5156745811032905
2004-02-02,AAPL,0.4735861415768671
2004-02-03,AAPL,0.45818908203154224
2004-02-04,AAPL,0.454120466202737
2004-02-05,AAPL,0.49033186468907486
2004-02-06,AAPL,0.5261482250634287
2004-02-09,AAPL,0.5378787797945174
2004-02-10,AAPL,0.5577262464933487
2004-02-11,AAPL,0.5820260565573
2004-02-12,AAPL,0.5730850268679358
2004-02-13,AAPL,0.543051973360313
2004-02-17,AAPL,0.5286972764682646
2004-02-18,AAPL,0.5450680357465402
2004-02-19,AAPL,0.5036011662932188
2004-02-20,AAPL,0.5090490892660445
2004-02-23,AAPL,0.5275059434832738
2004-02-24,AAPL,0.5317970785245273
2004-02-25,AAPL,0.5582710231336593
2004-02-26,AAPL,0.5695283736071178
2004-02-27,AAPL,0.5718160005405708
2004-03-01,AAPL,0.5704319025210357
2004-03-02,AAPL,0.5567505736103002
2004-03-03,AAPL,0.525068362575917
2004-03-04,AAPL,0.5196979705574801
2004-03-05,AAPL,0.5475781899311414
2004-03-08,AAPL,0.5319518790561729
2004-03-09,AAPL,0.5233999944568823
2004-03-10,AAPL,0.5664878367236645
2004-03-11,AAPL,0.5582459026654168
2004-03-12,AAPL,0.5545809957841438
2004-03-15,AAPL,0.5499733133233962
2004-03-16,AAPL,0.514262592407534
2004-03-17,AAPL,0.4990637682078732
2004-03-18,AAPL,0.5156830584584218
2004-03-19,AAPL,0.535085697324462
2004-03-22,AAPL,0.5421118061945297
2004-03-23,AAPL,0.5611252252162913
2004-03-24,AAPL,0.5419918193465633
2004-03-25,AAPL,0.509685947371479
2004-03-26,AAPL,0.5501599893388383
2004-03-29,AAPL,0.5135857808746301
2004-03-30,AAPL,0.5034390139412281
2004-03-31,AAPL,0.5076880793078349
2004-04-01,AAPL,0.4777262230373099
2004-04-02,AAPL,0.5262034941491863
2004-04-05,AAPL,0.5393164970425849
2004-04-06,AAPL,0.529874861468233
2004-04-07,AAPL,0.5476216578838914
2004-04-08,AAPL,0.5590319759586064
2004-04-12,AAPL,0.5598495469943466
2004-04-13,AAPL,0.5681829185425917
2004-04-14,AAPL,0.5563687299850161
2004-04-15,AAPL,0.5053603110167821
2004-04-16,AAPL,0.5188339710031507
2004-04-19,AAPL,0.4999981575895724
2004-04-20,AAPL,0.5103879951439805
2004-04-21,AAPL,0.5126460719000631
2004-04-22,AAPL,0.47813007415947534
2004-04-23,AAPL,0.48910011447995483
2004-04-26,AAPL,0.48285314811419794
2004-04-27,AAPL,0.47834508691688804
2004-04-28,AAPL,0.4761615218923333
2004-04-29,AAPL,0.5084183803634035
2004-04-30,AAPL,0.49524158224231724
2004-05-03,AAPL,0.49642243151014076
2004-05-04,AAPL,0.5035724771478698
2004-05-05,AAPL,0.42163635387057047
2004-05-06,AAPL,0.4237892467659908
2004-05-07,AAPL,0.44962930202684703
2004-05-10,AAPL,0.4494462443221692
2004-05-11,AAPL,0.4618032666594003
2004-05-12,AAPL,0.45628371205825674
2004-05-13,AAPL,0.5152072047611692
2004-05-14,AAPL,0.5100726553879601
2004-05-17,AAPL,0.5170921498224352
2004-05-18,AAPL,0.5243831178312235
2004-05-19,AAPL,0.5154233582100382
2004-05-20,AAPL,0.5430325842562598
2004-05-21,AAPL,0.5430233790420956
2004-05-24,AAPL,0.5449961259072613
2004-05-25,AAPL,0.5483286221584247
2004-05-26,AAPL,0.5711702927114468
2004-05-27,AAPL,0.5569602845479966
2004-05-28,AAPL,0.5622543605079007
2004-06-01,AAPL,0.5325745341603912
2004-06-02,AAPL,0.5316639270509605
2004-06-03,AAPL,0.5202893560981454
2004-06-04,AAPL,0.5301970209396043
2004-06-07,AAPL,0.55426198801772
2004-06-08,AAPL,0.5629370766827595
2004-06-09,AAPL,0.6013910953895788
2004-06-10,AAPL,0.602821722379059
2004-06-14,AAPL,0.5778329922262451
2004-06-15,AAPL,0.5584779217383224
2004-06-16,AAPL,0.5327574947184365
2004-06-17,AAPL,0.5660050369858335
2004-06-18,AAPL,0.563587424673421
2004-06-21,AAPL,0.570171431416152
2004-06-22,AAPL,0.5759235351782901
2004-06-23,AAPL,0.5613678847883484
2004-06-24,AAPL,0.5750963774095379
2004-06-25,AAPL,0.5729843100447116
2004-06-28,AAPL,0.5427341544559865
2004-06-29,AAPL,0.5321590907898873
2004-06-30,AAPL,0.5590274799164823
2004-07-01,AAPL,0.5581683505176385
2004-07-02,AAPL,0.5543265096748515
2004-07-06,AAPL,0.5324978895170239
2004-07-07,AAPL,0.4885206626660776
2004-07-08,AAPL,0.48954200160633426
2004-07-09,AAPL,0.4766888920261576
2004-07-12,AAPL,0.498680730571552
2004-07-13,AAPL,0.4525480084124565
2004-07-14,AAPL,0.44559865686481165
2004-07-15,AAPL,0.5006927518997679
2004-07-16,AAPL,0.506954192890371
2004-07-19,AAPL,0.5057169194763675
2004-07-20,AAPL,0.49620249478022205
2004-07-21,AAPL,0.4841212803379393
2004-07-22,AAPL,0.45117332380522235
2004-07-23,AAPL,0.4640492847644428
2004-07-26,AAPL,0.4487387990946969
2004-07-27,AAPL,0.4588795934255999
2004-07-28,AAPL,0.48319528595926614
2004-07-29,AAPL,0.5313195601232893
2004-07-30,AAPL,0.547157204407941
2004-08-02,AAPL,0.5282360006867854
2004-08-03,AAPL,0.5040243265325353
2004-08-04,AAPL,0.42593831637600893
2004-08-05,AAPL,0.4379299242452663
2004-08-06,AAPL,0.4178872682415376
2004-08-09,AAPL,0.4151595672078074
2004-08-10,AAPL,0.4515150323713247
2004-08-11,AAPL,0.4549002877726677
2004-08-12,AAPL,0.5217949090839503
2004-08-13,AAPL,0.5179483752942887
2004-08-16,AAPL,0.48055432504918355
2004-08-17,AAPL,0.4664557987249332
2004-08-18,AAPL,0.476165601243213
2004-08-19,AAPL,0.4836028837223498
2004-08-20,AAPL,0.4569590834285005
2004-08-23,AAPL,0.47576411521037304
2004-08-24,AAPL,0.4974567128648463
2004-08-25,AAPL,0.4964171085828539
2004-08-26,AAPL,0.5367180482621315
2004-08-27,AAPL,0.543832247455442
2004-08-30,AAPL,0.5191934879691287
2004-08-31,AAPL,0.5238804724466481
2004-09-01,AAPL,0.5455018847520285
2004-09-02,AAPL,0.5185226655458167
2004-09-03,AAPL,0.5218183098129633
2004-09-07,AAPL,0.5260962909557493
2004-09-08,AAPL,0.5403039392115984
2004-09-09,AAPL,0.5660110435642789
2004-09-10,AAPL,0.5847555732468351
2004-09-13,AAPL,0.5803221083533348
2004-09-14,AAPL,0.5609342912087537
2004-09-15,AAPL,0.5395449411747424
2004-09-16,AAPL,0.5417658848775905
2004-09-17,AAPL,0.5621161878309962
2004-09-20,AAPL,0.5715102750243922
2004-09-21,AAPL,0.581918284596365
2004-09-22,AAPL,0.5522977190315487
2004-09-23,AAPL,0.54034907368739
2004-09-24,AAPL,0.565656261289956
2004-09-27,AAPL,0.5507644032101414
2004-09-28,AAPL,0.5407388723669012
2004-09-29,AAPL,0.5720069672731803
2004-09-30,AAPL,0.5984471563649174
2004-10-01,AAPL,0.61473235609296
2004-10-04,AAPL,0.6219980319936185
2004-10-05,AAPL,0.6339135717625995
2004-10-06,AAPL,0.6063438331438005
2004-10-07,AAPL,0.5811538329424145
2004-10-08,AAPL,0.5527363822065945
2004-10-11,AAPL,0.5343154930963253
2004-10-12,AAPL,0.5553321630220537
2004-10-13,AAPL,0.5542893336170283
2004-10-14,AAPL,0.5307230246408529
2004-10-15,AAPL,0.5601103673553983
2004-10-18,AAPL,0.5562858840223569
2004-10-19,AAPL,0.5704940210363711
2004-10-20,AAPL,0.5698453985199432
2004-10-21,AAPL,0.5169865928220481
2004-10-22,AAPL,0.5006155064034797
2004-10-25,AAPL,0.4711539720731195
2004-10-26,AAPL,0.4608036084911045
2004-10-27,AAPL,0.48827183509518646
2004-10-28,AAPL,0.5609835780081321
2004-10-29,AAPL,0.5847002480880832
2004-11-01,AAPL,0.6103486466021225
2004-11-02,AAPL,0.596636048193641
2004-11-03,AAPL,0.5677123835389591
2004-11-04,AAPL,0.5509269023292764
2004-11-05,AAPL,0.5284559961001958
2004-11-08,AAPL,0.5295598549542136
2004-11-09,AAPL,0.5185033789513942
2004-11-10,AAPL,0.5327681230623084
2004-11-11,AAPL,0.6319054591710619
2004-11-12,AAPL,0.632597762737779
2004-11-15,AAPL,0.6399733299529496
2004-11-16,AAPL,0.6238014322420542
2004-11-17,AAPL,0.6088846719326862
2004-11-18,AAPL,0.5980011503815377
2004-11-19,AAPL,0.5961227425818365
2004-11-22,AAPL,0.5621776878155741
2004-11-23,AAPL,0.5699214937447415
2004-11-24,AAPL,0.5976716560283342
2004-11-26,AAPL,0.6081786787438896
2004-11-29,AAPL,0.6017751019659745
2004-11-30,AAPL,0.5648094150174117
2004-12-01,AAPL,0.5506559238073009
2004-12-02,AAPL,0.5188227925465825
2004-12-03,AAPL,0.4951149664089726
2004-12-06,AAPL,0.4544210887516476
2004-12-07,AAPL,0.5179576685679462
2004-12-08,AAPL,0.4987414754947739
2004-12-09,AAPL,0.5271750294343724
2004-12-10,AAPL,0.5407016728254562
2004-12-13,AAPL,0.5154598205953044
2004-12-14,AAPL,0.5151452245604686
2004-12-15,AAPL,0.4948030370688887
2004-12-16,AAPL,0.4718424776133671
2004-12-17,AAPL,0.4130966999005946
2004-12-20,AAPL,0.43437426995350076
2004-12-21,AAPL,0.440527234903048
2004-12-22,AAPL,0.45776134110572203
2004-12-23,AAPL,0.4849078775882338
2004-12-27,AAPL,0.4588864950049532
2004-12-28,AAPL,0.5191093551852798
2004-12-29,AAPL,0.5132062092894826
2004-12-30,AAPL,0.5038208666210572
2004-12-31,AAPL,0.489651482856765
2005-01-03,AAPL,0.5038976800054031
2005-01-04,AAPL,0.49128530215673893
2005-01-05,AAPL,0.5142406670698192
2005-01-06,AAPL,0.4891832630887744
2005-01-07,AAPL,0.5274198068104714
2005-01-10,AAPL,0.5846712468810719
2005-01-11,AAPL,0.5168384398589942
2005-01-12,AAPL,0.5027347454829623
2005-01-13,AAPL,0.500971970453391
2005-01-14,AAPL,0.4974662920784688
2005-01-18,AAPL,0.48867082922538524
2005-01-19,AAPL,0.5191191991370433
2005-01-20,AAPL,0.5147508747367767
2005-01-21,AAPL,0.4998376865738068
2005-01-24,AAPL,0.5423485814125296
2005-01-25,AAPL,0.5358141994257221
2005-01-26,AAPL,0.5128988093323918
2005-01-27,AAPL,0.5169755109736829
2005-01-28,AAPL,0.5137751109895623
2005-01-31,AAPL,0.5235151749519081
2005-02-01,AAPL,0.6073885951219393
2005-02-02,AAPL,0.5937091385123182
2005-02-03,AAPL,0.5567592883986568
2005-02-04,AAPL,0.5447405793835165
2005-02-07,AAPL,0.5490243202162011
2005-02-08,AAPL,0.568746828813316
2005-02-09,AAPL,0.5593117313275047
2005-02-10,AAPL,0.563071631546185
2005-02-11,AAPL,0.5770112616099541
2005-02-14,AAPL,0.5869556599561445
2005-02-15,AAPL,0.5792435425438923
2005-02-16,AAPL,0.6114759088956867
2005-02-17,AAPL,0.5898797511809066
2005-02-18,AAPL,0.5619700421738919
2005-02-22,AAPL,0.5376048259339485
2005-02-23,AAPL,0.5174277868100419
2005-02-24,AAPL,0.5246976527479296
2005-02-25,AAPL,0.5312838356746018
2005-02-28,AAPL,0.5530897716465757
2005-03-01,AAPL,0.5711400150193432
2005-03-02,AAPL,0.5924537518026911
2005-03-03,AAPL,0.5713240860777161
2005-03-04,AAPL,0.5348530081129259
2005-03-07,AAPL,0.5094813417462205
2005-03-08,AAPL,0.45645624538601925
2005-03-09,AAPL,0.4433047620774726
2005-03-10,AAPL,0.4722628359007119
2005-03-11,AAPL,0.4760473065739209
2005-03-14,AAPL,0.4945487894011768
2005-03-15,AAPL,0.4878073768128874
2005-03-16,AAPL,0.49968968683823567
2005-03-17,AAPL,0.48329074661372134
2005-03-18,AAPL,0.49277320483093984
2005-03-21,AAPL,0.5032840915576082
2005-03-22,AAPL,0.4803310392577828
2005-03-23,AAPL,0.4982346776776983
2005-03-24,AAPL,0.47075921192289566
2005-03-28,AAPL,0.4679232130118907
2005-03-29,AAPL,0.5010304576466343
2005-03-30,AAPL,0.5463047691101528
2005-03-31,AAPL,0.5230273150343105
2005-04-01,AAPL,0.5190964400931071
2005-04-04,AAPL,0.5230267508861237
2005-04-05,AAPL,0.527901734202356
2005-04-06,AAPL,0.5273620986382802
2005-04-07,AAPL,0.528925452415504
2005-04-08,AAPL,0.5316802846164869
2005-04-11,AAPL,0.4929340357685709
2005-04-12,AAPL,0.4904765018194236
2005-04-13,AAPL,0.49280266975601983
2005-04-14,AAPL,0.44485083237196815
2005-04-15,AAPL,0.4240206533194008
2005-04-18,AAPL,0.4316222563833179
2005-04-19,AAPL,0.4148219707530024
2005-04-20,AAPL,0.45111400574051413
2005-04-21,AAPL,0.47936276848752735
2005-04-22,AAPL,0.5088346660838318
2005-04-25,AAPL,0.4639622240961151
2005-04-26,AAPL,0.46287271853069467
2005-04-27,AAPL,0.4453894749867388
2005-04-28,AAPL,0.39361435108674336
2005-04-29,AAPL,0.392497247359295
2005-05-02,AAPL,0.3731611056775311
2005-05-03,AAPL,0.40791681962278054
2005-05-04,AAPL,0.4209742142009068
2005-05-05,AAPL,0.4757208043611373
2005-05-06,AAPL,0.4391618174882782
2005-05-09,AAPL,0.43460071983988396
2005-05-10,AAPL,0.44884351641311704
2005-05-11,AAPL,0.4035787011089341
2005-05-12,AAPL,0.43877418686638
2005-05-13,AAPL,0.4077288432528796
2005-05-16,AAPL,0.43965532839287813
2005-05-17,AAPL,0.4575998642843883
2005-05-18,AAPL,0.49588601923276554
2005-05-19,AAPL,0.5099913737103837
2005-05-20,AAPL,0.5240425459054788
2005-05-23,AAPL,0.5173885852949457
2005-05-24,AAPL,0.5187309719509685
2005-05-25,AAPL,0.5170881183126688
2005-05-26,AAPL,0.47623561631684025
2005-05-27,AAPL,0.49850586797175817
2005-05-31,AAPL,0.4933975444489346
2005-06-01,AAPL,0.5062588416284338
2005-06-02,AAPL,0.5569134661771893
2005-06-03,AAPL,0.5305314363657689
2005-06-06,AAPL,0.5103840979875796
2005-06-07,AAPL,0.5275657492565019
2005-06-08,AAPL,0.5074969011525964
2005-06-09,AAPL,0.48947175922228225
2005-06-10,AAPL,0.5133621234830001
2005-06-13,AAPL,0.4568607721557741
2005-06-14,AAPL,0.46674731471283487
2005-06-15,AAPL,0.4806337304608396
2005-06-16,AAPL,0.46749034946026863
2005-06-17,AAPL,0.4866862192927236
2005-06-20,AAPL,0.49308569352904685
2005-06-21,AAPL,0.4772867524440076
2005-06-22,AAPL,0.4800987611586752
2005-06-23,AAPL,0.5168106736780114
2005-06-24,AAPL,0.49106850086252507
2005-06-27,AAPL,0.5113201040012791
2005-06-28,AAPL,0.49904492862392846
2005-06-29,AAPL,0.48412155758785846
2005-06-30,AAPL,0.5216912619439811
2005-07-01,AAPL,0.5380889994996148
2005-07-05,AAPL,0.5350870726297806
2005-07-06,AAPL,0.524512553857221
2005-07-07,AAPL,0.5219009598018126
2005-07-08,AAPL,0.5221382591302578
2005-07-11,AAPL,0.5439878624183869
2005-07-12,AAPL,0.5185513335290818
2005-07-13,AAPL,0.5138919171172475
2005-07-14,AAPL,0.5047606149076258
2005-07-15,AAPL,0.5477185252840328
2005-07-18,AAPL,0.5683066787318994
2005-07-19,AAPL,0.5793666680646886
2005-07-20,AAPL,0.6078275218689921
2005-07-21,AAPL,0.5833516549374741
2005-07-22,AAPL,0.588569980794097
2005-07-25,AAPL,0.5847851830012997
2005-07-26,AAPL,0.5929226511367254
2005-07-27,AAPL,0.5894634478144616
2005-07-28,AAPL,0.619055708106008
2005-07-29,AAPL,0.5981789352984618
2005-08-01,AAPL,0.5960142634668386
2005-08-02,AAPL,0.6195208385060489
2005-08-03,AAPL,0.5960967890429234
2005-08-04,AAPL,0.5675504938743583
2005-08-05,AAPL,0.5887247142493066
2005-08-08,AAPL,0.533079199492932
2005-08-09,AAPL,0.539098631284305
2005-08-10,AAPL,0.5503578920407931
2005-08-11,AAPL,0.5606135650355997
2005-08-12,AAPL,0.5761542078067514
2005-08-15,AAPL,0.6001477467388298
2005-08-16,AAPL,0.577437152555263
2005-08-17,AAPL,0.5805168694081292
2005-08-18,AAPL,0.5862939658361223
2005-08-19,AAPL,0.5623114356116684
2005-08-22,AAPL,0.5403154604552325
2005-08-23,AAPL,0.5601963278737077
2005-08-24,AAPL,0.559983507251518
2005-08-25,AAPL,0.5681837272081729
2005-08-26,AAPL,0.5997085246763514
2005-08-29,AAPL,0.5959469511659581
2005-08-30,AAPL,0.5986842904355456
2005-08-31,AAPL,0.6029274516722712
2005-09-01,AAPL,0.5484406781029741
2005-09-02,AAPL,0.49763174067851157
2005-09-06,AAPL,0.5669254128319434
2005-09-07,AAPL,0.555911303946327
2005-09-08,AAPL,0.5919496595290322
2005-09-09,AAPL,0.6217610232218327
2005-09-12,AAPL,0.6318696062058063
2005-09-13,AAPL,0.6065302321652518
2005-09-14,AAPL,0.5896508498337149
2005-09-15,AAPL,0.577838097264506
2005-09-16,AAPL,0.5712795020233065
2005-09-19,AAPL,0.572942147561541
2005-09-20,AAPL,0.6022354240654092
2005-09-21,AAPL,0.5938434041589326
2005-09-22,AAPL,0.6077713105546966
2005-09-23,AAPL,0.6096914804727182
2005-09-26,AAPL,0.5887337285035704
2005-09-27,AAPL,0.5804793091468808
2005-09-28,AAPL,0.5344287253041426
2005-09-29,AAPL,0.5129769759236611
2005-09-30,AAPL,0.5266038184856586
2005-10-03,AAPL,0.5517055257997833
2005-10-04,AAPL,0.5856257467727294
2005-10-05,AAPL,0.5796471277014397
2005-10-06,AAPL,0.545380027399015
2005-10-07,AAPL,0.5238297007660134
2005-10-10,AAPL,0.5079873216844769
2005-10-11,AAPL,0.5230113644675533
2005-10-12,AAPL,0.5097204950296843
2005-10-13,AAPL,0.48568564288953975
2005-10-14,AAPL,0.5137329426910461
2005-10-17,AAPL,0.5316603052343514
2005-10-18,AAPL,0.5332380583140093
2005-10-19,AAPL,0.5229790418249435
2005-10-20,AAPL,0.4819704863246914
2005-10-21,AAPL,0.4743678609889669
2005-10-24,AAPL,0.47386898312356235
2005-10-25,AAPL,0.5061024520967566
2005-10-26,AAPL,0.48195503461426503
2005-10-27,AAPL,0.5155558600680961
2005-10-28,AAPL,0.5227944014461026
2005-10-31,AAPL,0.4856310133488154
2005-11-01,AAPL,0.5179280871012644
2005-11-02,AAPL,0.4984574796927086
2005-11-03,AAPL,0.5266330877626019
2005-11-04,AAPL,0.5424018269796298
2005-11-07,AAPL,0.5417357979183404
2005-11-08,AAPL,0.5140968352599046
2005-11-09,AAPL,0.5064451326710641
2005-11-10,AAPL,0.5154552196673378
2005-11-11,AAPL,0.5069658275188281
2005-11-14,AAPL,0.5507714253757994
2005-11-15,AAPL,0.5506840847636032
2005-11-16,AAPL,0.6002589178281529
2005-11-17,AAPL,0.628914089117026
2005-11-18,AAPL,0.6069472471892233
2005-11-21,AAPL,0.6051554581593312
2005-11-22,AAPL,0.5855420303396822
2005-11-23,AAPL,0.5648258416617798
2005-11-25,AAPL,0.5999313708091174
2005-11-28,AAPL,0.6398432551599894
2005-11-29,AAPL,0.6257808641553377
2005-11-30,AAPL,0.6148809774725563
2005-12-01,AAPL,0.6135911892394076
2005-12-02,AAPL,0.6110917158251895
2005-12-05,AAPL,0.606815311267124
2005-12-06,AAPL,0.609874330533776
2005-12-07,AAPL,0.6188375565173825
2005-12-08,AAPL,0.6129176103247389
2005-12-09,AAPL,0.6234082556462144
2005-12-12,AAPL,0.6287803503127084
2005-12-13,AAPL,0.6054733665502017
2005-12-14,AAPL,0.5631509054916504
2005-12-15,AAPL,0.5624907008610399
2005-12-16,AAPL,0.5543943461705564
2005-12-19,AAPL,0.5665301907073416
2005-12-20,AAPL,0.5853271507182307
2005-12-21,AAPL,0.5665657771210285
2005-12-22,AAPL,0.5596253079012709
2005-12-23,AAPL,0.5761981619298511
2005-12-27,AAPL,0.5484444885582581
2005-12-28,AAPL,0.5438376994947833
2005-12-29,AAPL,0.4952030865962785
2005-12-30,AAPL,0.5024769408133388
2006-01-03,AAPL,0.5158118719949535
2006-01-04,AAPL,0.5227672029035281
2006-01-05,AAPL,0.5763785152635663
2006-01-06,AAPL,0.59460742120683
2006-01-09,AAPL,0.6167049907935813
2006-01-10,AAPL,0.577827343703337
2006-01-11,AAPL,0.5827196165408245
2006-01-12,AAPL,0.5851452665984681
2006-01-13,AAPL,0.5704684793722171
2006-01-17,AAPL,0.5831311311019903
2006-01-18,AAPL,0.5542943923699345
2006-01-19,AAPL,0.5225999146825305
2006-01-20,AAPL,0.5188550187110769
2006-01-23,AAPL,0.510046057103787
2006-01-24,AAPL,0.491923477833023
2006-01-25,AAPL,0.5137498490805255
2006-01-26,AAPL,0.536630532450666
2006-01-27,AAPL,0.5285720736659427
2006-01-30,AAPL,0.5291021362762639
2006-01-31,AAPL,0.5021992645481324
2006-02-01,AAPL,0.47147586794558144
2006-02-02,AAPL,0.4597696441266422
2006-02-03,AAPL,0.4211825111480203
2006-02-06,AAPL,0.42296925044484546
2006-02-07,AAPL,0.40559256966186796
2006-02-08,AAPL,0.4251251557028089
2006-02-09,AAPL,0.45417935353177846
2006-02-10,AAPL,0.418677942193831
2006-02-13,AAPL,0.4717525329810764
2006-02-14,AAPL,0.46521340383674314
2006-02-15,AAPL,0.4747497975387325
2006-02-16,AAPL,0.4871856621133004
2006-02-17,AAPL,0.4517960459947399
2006-02-21,AAPL,0.4357086220846249
2006-02-22,AAPL,0.41464774641786806
2006-02-23,AAPL,0.4443969521279078
2006-02-24,AAPL,0.41995812819795314
2006-02-27,AAPL,0.4785618562051459
2006-02-28,AAPL,0.45929868940925267
2006-03-01,AAPL,0.44444575681807924
2006-03-02,AAPL,0.4936125235481659
2006-03-03,AAPL,0.47678799791735327
2006-03-06,AAPL,0.49096776085822663
2006-03-07,AAPL,0.46868374139013963
2006-03-08,AAPL,0.4541427553270157
2006-03-09,AAPL,0.4250351780802162
2006-03-10,AAPL,0.44044658976374784
2006-03-13,AAPL,0.47512749761367645
2006-03-14,AAPL,0.4492248934791202
2006-03-15,AAPL,0.45960796434423945
2006-03-16,AAPL,0.47097545213247266
2006-03-17,AAPL,0.46409577138849234
2006-03-20,AAPL,0.45762329757421055
2006-03-21,AAPL,0.43964541782182615
2006-03-22,AAPL,0.4287731322178972
2006-03-23,AAPL,0.44128773459060905
2006-03-24,AAPL,0.44449349248400266
2006-03-27,AAPL,0.4433372617983204
2006-03-28,AAPL,0.46933055066808
2006-03-29,AAPL,0.48183065548343107
2006-03-30,AAPL,0.5031414483278278
2006-03-31,AAPL,0.4739392305762983
2006-04-03,AAPL,0.4459082253222628
2006-04-04,AAPL,0.4455111999213458
2006-04-05,AAPL,0.44040746168388123
2006-04-06,AAPL,0.4399203099073028
2006-04-07,AAPL,0.4603095884265734
2006-04-10,AAPL,0.48052259057202884
2006-04-11,AAPL,0.482010319658609
2006-04-12,AAPL,0.48524745706364936
2006-04-13,AAPL,0.4701563305124177
2006-04-17,AAPL,0.4771877194836758
2006-04-18,AAPL,0.48314317457233386
2006-04-19,AAPL,0.4602075650256475
2006-04-20,AAPL,0.49800158299207176
2006-04-21,AAPL,0.5335787009409154
2006-04-24,AAPL,0.5337402506458255
2006-04-25,AAPL,0.5353778452295741
2006-04-26,AAPL,0.48824112256921637
2006-04-27,AAPL,0.43990499371903174
2006-04-28,AAPL,0.47351138342056187
2006-05-01,AAPL,0.48874402834587016
2006-05-02,AAPL,0.5125888662341015
2006-05-03,AAPL,0.5287873952589588
2006-05-04,AAPL,0.5634598316758055
2006-05-05,AAPL,0.5989769554448657
2006-05-08,AAPL,0.5900151243851589
2006-05-09,AAPL,0.5852875796786616
2006-05-10,AAPL,0.5711709874405552
2006-05-11,AAPL,0.5582652736786844
2006-05-12,AAPL,0.5718663777474658
2006-05-15,AAPL,0.5665211660097965
2006-05-16,AAPL,0.5202190098604151
2006-05-17,AAPL,0.489743746161545
2006-05-18,AAPL,0.4750026676736339
2006-05-19,AAPL,0.4953423912381301
2006-05-22,AAPL,0.45327085491171665
2006-05-23,AAPL,0.4627956121957967
2006-05-24,AAPL,0.4637029255243974
2006-05-25,AAPL,0.46019718990861036
2006-05-26,AAPL,0.45295940702478427
2006-05-30,AAPL,0.46068660102767245
2006-05-31,AAPL,0.4453080243142137
2006-06-01,AAPL,0.4666817694757681
2006-06-02,AAPL,0.458039810101211
2006-06-05,AAPL,0.4637017989334291
2006-06-06,AAPL,0.4808934429799297
2006-06-07,AAPL,0.4770937216655254
2006-06-08,AAPL,0.47971499619278624
2006-06-09,AAPL,0.47435092918930294
2006-06-12,AAPL,0.4784828880118391
2006-06-13,AAPL,0.4594200311339306
2006-06-14,AAPL,0.46346815297490157
2006-06-15,AAPL,0.44724335240737845
2006-06-16,AAPL,0.4693165134910786
2006-06-19,AAPL,0.48534859353805426
2006-06-20,AAPL,0.48670782390317774
2006-06-21,AAPL,0.4494132944183145
2006-06-22,AAPL,0.4618222735879545
2006-06-23,AAPL,0.4867994822697071
2006-06-26,AAPL,0.4742055378397814
2006-06-27,AAPL,0.4942335123341486
2006-06-28,AAPL,0.44669173130809825
2006-06-29,AAPL,0.46397602271571187
2006-06-30,AAPL,0.48919127013796004
2006-07-03,AAPL,0.4664751709366508
2006-07-05,AAPL,0.48595939985025166
2006-07-06,AAPL,0.46633831194849207
2006-07-07,AAPL,0.4766311265813087
2006-07-10,AAPL,0.48615108251724437
2006-07-11,AAPL,0.4857256601870016
2006-07-12,AAPL,0.471432230256028
2006-07-13,AAPL,0.4310113154594032
2006-07-14,AAPL,0.4585790416668092
2006-07-17,AAPL,0.4484758265122589
2006-07-18,AAPL,0.46969562615657723
2006-07-19,AAPL,0.4998352454865141
2006-07-20,AAPL,0.4394069758153854
2006-07-21,AAPL,0.5000741009491492
2006-07-24,AAPL,0.48005443225596023
2006-07-25,AAPL,0.49812366865145596
2006-07-26,AAPL,0.48664469896541407
2006-07-27,AAPL,0.45249858230296425
2006-07-28,AAPL,0.43575901917773285
2006-07-31,AAPL,0.4457586799740527
2006-08-01,AAPL,0.49711251334640405
2006-08-02,AAPL,0.5067304999359458
2006-08-03,AAPL,0.5909604550656291
2006-08-04,AAPL,0.5752940970164325
2006-08-07,AAPL,0.5607775392083618
2006-08-08,AAPL,0.5472036511531004
2006-08-09,AAPL,0.5091710666784859
2006-08-10,AAPL,0.5014752398663972
2006-08-11,AAPL,0.5248477916126016
2006-08-14,AAPL,0.5434476832620926
2006-08-15,AAPL,0.542624123386333
2006-08-16,AAPL,0.5776431051685399
2006-08-17,AAPL,0.6005649853522602
2006-08-18,AAPL,0.5709989899114598
2006-08-21,AAPL,0.5663745133608941
2006-08-22,AAPL,0.5267947892721176
2006-08-23,AAPL,0.4941078647626929
2006-08-24,AAPL,0.520714006086889
2006-08-25,AAPL,0.5443903900670398
2006-08-28,AAPL,0.5822892719276298
2006-08-29,AAPL,0.6019026098937964
2006-08-30,AAPL,0.6055176002649811
2006-08-31,AAPL,0.6129811036068606
2006-09-01,AAPL,0.6116460668110957
2006-09-05,AAPL,0.5896986359137519
2006-09-06,AAPL,0.5818225070613153
2006-09-07,AAPL,0.587766043633408
2006-09-08,AAPL,0.59095049145219
2006-09-11,AAPL,0.6198491988741094
2006-09-12,AAPL,0.5855071988774972
2006-09-13,AAPL,0.6029897378203155
2006-09-14,AAPL,0.5942481759630143
2006-09-15,AAPL,0.5934413531614291
2006-09-18,AAPL,0.6348756369669472
2006-09-19,AAPL,0.6649165692531059
2006-09-20,AAPL,0.6453712326841169
2006-09-21,AAPL,0.6484472999910879
2006-09-22,AAPL,0.6140036040015464
2006-09-25,AAPL,0.5817931143713669
2006-09-26,AAPL,0.629998103564897
2006-09-27,AAPL,0.5942874132339887
2006-09-28,AAPL,0.6045537344590282
2006-09-29,AAPL,0.6164954997979221
2006-10-02,AAPL,0.5712007788860095
2006-10-03,AAPL,0.5329524015525302
2006-10-04,AAPL,0.5558684274730469
2006-10-05,AAPL,0.555956814446485
2006-10-06,AAPL,0.544701307037714
2006-10-09,AAPL,0.5706414813443587
2006-10-10,AAPL,0.5584924348350648
2006-10-11,AAPL,0.5492161611671922
2006-10-12,AAPL,0.5832091024404105
2006-10-13,AAPL,0.5519963737332393
2006-10-16,AAPL,0.5080622814562026
2006-10-17,AAPL,0.5173049410934152
2006-10-18,AAPL,0.5129383046031138
2006-10-19,AAPL,0.5260960441935961
2006-10-20,AAPL,0.5822593178890603
2006-10-23,AAPL,0.6048313564302247
2006-10-24,AAPL,0.5963688906170582
2006-10-25,AAPL,0.6050509813710373
2006-10-26,AAPL,0.6093786770492999
2006-10-27,AAPL,0.5769452287672274
2006-10-30,AAPL,0.5892242119931151
2006-10-31,AAPL,0.5994679468422162
2006-11-01,AAPL,0.5574939058474687
2006-11-02,AAPL,0.5765362657981569
2006-11-03,AAPL,0.5783442832292021
2006-11-06,AAPL,0.6060191057194385
2006-11-07,AAPL,0.6066994317030922
2006-11-08,AAPL,0.5849395344566567
2006-11-09,AAPL,0.5894808702658197
2006-11-10,AAPL,0.5675052321049925
2006-11-13,AAPL,0.5779442014603484
2006-11-14,AAPL,0.5818804756995614
2006-11-15,AAPL,0.5481823796662931
2006-11-16,AAPL,0.5979288424379685
2006-11-17,AAPL,0.601571043506192
2006-11-20,AAPL,0.6009958154940274
2006-11-21,AAPL,0.6471211292408836
2006-11-22,AAPL,0.6655216565910973
2006-11-24,AAPL,0.6791019676973373
2006-11-27,AAPL,0.6469408434865103
2006-11-28,AAPL,0.6391968127185892
2006-11-29,AAPL,0.6318538677403794
2006-11-30,AAPL,0.623433770062704
2006-12-01,AAPL,0.62833548522619
2006-12-04,AAPL,0.6306020568016472
2006-12-05,AAPL,0.6227577206352869
2006-12-06,AAPL,0.6304227881435549
2006-12-07,AAPL,0.5834857493039399
2006-12-08,AAPL,0.587537600864968
2006-12-11,AAPL,0.580270604611748
2006-12-12,AAPL,0.5409728469266329
2006-12-13,AAPL,0.5335532873499179
2006-12-14,AAPL,0.5336003528244324
2006-12-15,AAPL,0.544603850421965
2006-12-18,AAPL,0.4895811181369624
2006-12-19,AAPL,0.5034818173544473
2006-12-20,AAPL,0.4859162366645469
2006-12-21,AAPL,0.4709563052630138
2006-12-22,AAPL,0.47400747081541605
2006-12-26,AAPL,0.48037254888593894
2006-12-27,AAPL,0.4709128166548685
2006-12-28,AAPL,0.5051859078450744
2006-12-29,AAPL,0.5058636592285043
2007-01-03,AAPL,0.4997126814881031
2007-01-04,AAPL,0.5221235565707535
2007-01-05,AAPL,0.4857293603316055
2007-01-08,AAPL,0.48802486664342415
2007-01-09,AAPL,0.4672211517259697
2007-01-10,AAPL,0.5071906516019394
2007-01-11,AAPL,0.4981297894106656
2007-01-12,AAPL,0.5191594434633908
2007-01-16,AAPL,0.5301298353920881
2007-01-17,AAPL,0.5184359254696742
2007-01-18,AAPL,0.47000738371298634
2007-01-19,AAPL,0.47694519041900385
2007-01-22,AAPL,0.4802304870554304
2007-01-23,AAPL,0.44720220096314145
2007-01-24,AAPL,0.49455322191179524
2007-01-25,AAPL,0.5280807880680136
2007-01-26,AAPL,0.5309859303632182
2007-01-29,AAPL,0.5319222814153477
2007-01-30,AAPL,0.4862901881172713
2007-01-31,AAPL,0.41486477001551453
2007-02-01,AAPL,0.4042362171400224
2007-02-02,AAPL,0.4103616968359031
2007-02-05,AAPL,0.3537939166594658
2007-02-06,AAPL,0.3589205667191492
2007-02-07,AAPL,0.4640396269312784
2007-02-08,AAPL,0.48706914882172125
2007-02-09,AAPL,0.47787203024882935
2007-02-12,AAPL,0.5128339328568846
2007-02-13,AAPL,0.48920117317962925
2007-02-14,AAPL,0.49386422978353656
2007-02-15,AAPL,0.5255459685104841
2007-02-16,AAPL,0.5215098474353418
2007-02-20,AAPL,0.5321428413860134
2007-02-21,AAPL,0.5519646475151423
2007-02-22,AAPL,0.5898797416173501
2007-02-23,AAPL,0.5877331925285725
2007-02-26,AAPL,0.5861039855442515
2007-02-27,AAPL,0.5279339789253187
2007-02-28,AAPL,0.4791523053839618
2007-03-01,AAPL,0.4890877356316077
2007-03-02,AAPL,0.527951459164718
2007-03-05,AAPL,0.5101659125399672
2007-03-06,AAPL,0.5501120926214743
2007-03-07,AAPL,0.5581021021971462
2007-03-08,AAPL,0.5499933440974574
2007-03-09,AAPL,0.5622847271570149
2007-03-12,AAPL,0.5566283697863333
2007-03-13,AAPL,0.48552406083923044
2007-03-14,AAPL,0.49322671362653603
2007-03-15,AAPL,0.512792372588176
2007-03-16,AAPL,0.5135260265899237
2007-03-19,AAPL,0.5910677631132043
2007-03-20,AAPL,0.6079449096028094
2007-03-21,AAPL,0.584980352295687
2007-03-22,AAPL,0.634441047355977
2007-03-23,AAPL,0.6240610701303507
2007-03-26,AAPL,0.6131312183604414
2007-03-27,AAPL,0.6365214523822592
2007-03-28,AAPL,0.5962229497042176
2007-03-29,AAPL,0.5970627331503326
2007-03-30,AAPL,0.5776149111540972
2007-04-02,AAPL,0.6076115520353204
2007-04-03,AAPL,0.6019887838498509
2007-04-04,AAPL,0.631760488143591
2007-04-05,AAPL,0.6334563162852953
2007-04-09,AAPL,0.6041699927422237
2007-04-10,AAPL,0.6100146803276744
2007-04-11,AAPL,0.54906015970299
2007-04-12,AAPL,0.5327319397748528
2007-04-13,AAPL,0.5214772458562988
2007-04-16,AAPL,0.48628048210960945
2007-04-17,AAPL,0.48778353859963913
2007-04-18,AAPL,0.5242937853430552
2007-04-19,AAPL,0.5134798406793917
2007-04-20,AAPL,0.5467381032490344
2007-04-23,AAPL,0.5518078846739385
2007-04-24,AAPL,0.5455882636253451
2007-04-25,AAPL,0.5590000196968605
2007-04-26,AAPL,0.5721028289297931
2007-04-27,AAPL,0.5920713630432689
2007-04-30,AAPL,0.5846455368904737
2007-05-01,AAPL,0.6089003971647098
2007-05-02,AAPL,0.609070774619998
2007-05-03,AAPL,0.6417074364218437
2007-05-04,AAPL,0.6370772806174179
2007-05-07,AAPL,0.6661966241797784
2007-05-08,AAPL,0.6701483652773286
2007-05-09,AAPL,0.6787872341653317
2007-05-10,AAPL,0.6959846996264217
2007-05-11,AAPL,0.7035810582703264
2007-05-14,AAPL,0.7025206350896291
2007-05-15,AAPL,0.6688996472963894
2007-05-16,AAPL,0.6498604927280026
2007-05-17,AAPL,0.6489172624542254
2007-05-18,AAPL,0.657310852434128
2007-05-21,AAPL,0.6767911826022935
2007-05-22,AAPL,0.6911808470563411
2007-05-23,AAPL,0.693527292901731
2007-05-24,AAPL,0.6608344003398328
2007-05-25,AAPL,0.6455487865319443
2007-05-29,AAPL,0.6437594378595808
2007-05-30,AAPL,0.6205753657038007
2007-05-31,AAPL,0.6307179742003851
2007-06-01,AAPL,0.624531733353053
2007-06-04,AAPL,0.6116637311831209
2007-06-05,AAPL,0.6465743922292669
2007-06-06,AAPL,0.6435753096539465
2007-06-07,AAPL,0.6287562435546682
2007-06-08,AAPL,0.6334736049379206
2007-06-11,AAPL,0.5909515039176597
2007-06-12,AAPL,0.5758888548267641
2007-06-13,AAPL,0.581026866391681
2007-06-14,AAPL,0.6080829736928204
2007-06-15,AAPL,0.587032450551128
2007-06-18,AAPL,0.6094030590845154
2007-06-19,AAPL,0.5908912149579247
2007-06-20,AAPL,0.5749447308923704
2007-06-21,AAPL,0.5999366185085812
2007-06-22,AAPL,0.5787399229420156
2007-06-25,AAPL,0.5335795143731455
2007-06-26,AAPL,0.5154833974948461
2007-06-27,AAPL,0.5165380854291907
2007-06-28,AAPL,0.5085198756685513
2007-06-29,AAPL,0.5552834950989246
2007-07-02,AAPL,0.5690459308162535
2007-07-03,AAPL,0.5976142293115853
2007-07-05,AAPL,0.577492883386212
2007-07-06,AAPL,0.5909745522999812
2007-07-09,AAPL,0.5484454563711073
2007-07-10,AAPL,0.5675835473934983
2007-07-11,AAPL,0.5645110394254149
2007-07-12,AAPL,0.550737975424164
2007-07-13,AAPL,0.5587907252459205
2007-07-16,AAPL,0.5859607966387288
2007-07-17,AAPL,0.6128312364584414
2007-07-18,AAPL,0.6244425608638687
2007-07-19,AAPL,0.6545914770393445
2007-07-20,AAPL,0.6347406579578289
2007-07-23,AAPL,0.647675740343359
2007-07-24,AAPL,0.5613880707249141
2007-07-25,AAPL,0.5297379410173514
2007-07-26,AAPL,0.5322101651699498
2007-07-27,AAPL,0.5610511979953765
2007-07-30,AAPL,0.5449859240042458
2007-07-31,AAPL,0.5397681987085396
2007-08-01,AAPL,0.5117262524160784
2007-08-02,AAPL,0.48484474325702487
2007-08-03,AAPL,0.49752061148073323
2007-08-06,AAPL,0.4923502264555837
2007-08-07,AAPL,0.5055089821566982
2007-08-08,AAPL,0.49250454840210456
2007-08-09,AAPL,0.4857866290850419
2007-08-10,AAPL,0.48135484465784073
2007-08-13,AAPL,0.4899246768444387
2007-08-14,AAPL,0.4558746327579863
2007-08-15,AAPL,0.41016883360692535
2007-08-16,AAPL,0.43215253100499046
2007-08-17,AAPL,0.42605595212785924
2007-08-20,AAPL,0.46295316179108637
2007-08-21,AAPL,0.4633728158474489
2007-08-22,AAPL,0.4756097439963615
2007-08-23,AAPL,0.49642693664221266
2007-08-24,AAPL,0.4481495784074137
2007-08-27,AAPL,0.46148926260435036
2007-08-28,AAPL,0.442110168815367
2007-08-29,AAPL,0.4215504696014718
2007-08-30,AAPL,0.4284452219756379
2007-08-31,AAPL,0.43035304303694505
2007-09-04,AAPL,0.4495259621945563
2007-09-05,AAPL,0.5045646789646521
2007-09-06,AAPL,0.5004491363283335
2007-09-07,AAPL,0.4830260411267808
2007-09-10,AAPL,0.47488582046634475
2007-09-11,AAPL,0.4442416577993561
2007-09-12,AAPL,0.4342879357848094
2007-09-13,AAPL,0.48260453556404026
2007-09-14,AAPL,0.4930796044015387
2007-09-17,AAPL,0.5078341314073819
2007-09-18,AAPL,0.5639091216413303
2007-09-19,AAPL,0.5182635525849447
2007-09-20,AAPL,0.5036880538929589
2007-09-21,AAPL,0.48121892058033977
2007-09-24,AAPL,0.4795581172999757
2007-09-25,AAPL,0.5502397484979763
2007-09-26,AAPL,0.5962401416475525
2007-09-27,AAPL,0.6470340708462273
2007-09-28,AAPL,0.6270258293293617
2007-10-01,AAPL,0.6284521167328054
2007-10-02,AAPL,0.6249867720598284
2007-10-03,AAPL,0.6428342863127269
2007-10-04,AAPL,0.6233412995489518
2007-10-05,AAPL,0.6406156544776568
2007-10-08,AAPL,0.6380280803193803
2007-10-09,AAPL,0.6630224612014202
2007-10-10,AAPL,0.6670321437497491
2007-10-11,AAPL,0.6366944040323511
2007-10-12,AAPL,0.6052062682864046
2007-10-15,AAPL,0.591588444049346
2007-10-16,AAPL,0.6052029178945629
2007-10-17,AAPL,0.6091094759821057
2007-10-18,AAPL,0.6367048701068894
2007-10-19,AAPL,0.6139632977512767
2007-10-22,AAPL,0.6214690691373261
2007-10-23,AAPL,0.6041329572408802
2007-10-24,AAPL,0.624028455441593
2007-10-25,AAPL,0.5900530477574086
2007-10-26,AAPL,0.5944004344679594
2007-10-29,AAPL,0.5899039800841266
2007-10-30,AAPL,0.5778385554186937
2007-10-31,AAPL,0.6276728564755358
2007-11-01,AAPL,0.6201949888791592
2007-11-02,AAPL,0.6115697296581664
2007-11-05,AAPL,0.608266265454869
2007-11-06,AAPL,0.6169432634946136
2007-11-07,AAPL,0.5907127130669946
2007-11-08,AAPL,0.5663819494753732
2007-11-09,AAPL,0.5253149208127584
2007-11-12,AAPL,0.4514785874778779
2007-11-13,AAPL,0.4211515273278832
2007-11-14,AAPL,0.46574223517663643
2007-11-15,AAPL,0.46987355881938275
2007-11-16,AAPL,0.489865453023962
2007-11-19,AAPL,0.513066954744617
2007-11-20,AAPL,0.4678341337830616
2007-11-21,AAPL,0.4748674377774661
2007-11-23,AAPL,0.4540503075221349
2007-11-26,AAPL,0.42650960991167286
2007-11-27,AAPL,0.3809113687579078
2007-11-28,AAPL,0.4185014219139461
2007-11-29,AAPL,0.4445328611970751
2007-11-30,AAPL,0.4737953529774028
2007-12-03,AAPL,0.5279806438871802
2007-12-04,AAPL,0.46052137075031835
2007-12-05,AAPL,0.4865566206576127
2007-12-06,AAPL,0.4931760670194649
2007-12-07,AAPL,0.5119777241027456
2007-12-10,AAPL,0.5672205669189612
2007-12-11,AAPL,0.5556474969258293
2007-12-12,AAPL,0.5799133013541031
2007-12-13,AAPL,0.5831729511242536
2007-12-14,AAPL,0.5687821387280075
2007-12-17,AAPL,0.5306089308047208
2007-12-18,AAPL,0.5167925688141752
2007-12-19,AAPL,0.506308022013133
2007-12-20,AAPL,0.5363726220781385
2007-12-21,AAPL,0.5780331329113153
2007-12-24,AAPL,0.5995173969343197
2007-12-26,AAPL,0.5823796856393355
2007-12-27,AAPL,0.572054070084784
2007-12-28,AAPL,0.5485753478869204
2007-12-31,AAPL,0.5297627866012355
2008-01-02,AAPL,0.5383291259862035
2008-01-03,AAPL,0.5245597776511728
2008-01-04,AAPL,0.46865283645090905
2008-01-07,AAPL,0.4563508725540461
2008-01-08,AAPL,0.48504812198556724
2008-01-09,AAPL,0.49685045055747257
2008-01-10,AAPL,0.5082812084763171
2008-01-11,AAPL,0.5177543643173147
2008-01-14,AAPL,0.49284165998968776
2008-01-15,AAPL,0.4793934984507037
2008-01-16,AAPL,0.44771309364278544
2008-01-17,AAPL,0.4395673131981072
2008-01-18,AAPL,0.42028692531666817
2008-01-22,AAPL,0.40447106629410956
2008-01-23,AAPL,0.41324119735933534
2008-01-24,AAPL,0.42968387099252137
2008-01-25,AAPL,0.4367999725460857
2008-01-28,AAPL,0.41186924205756165
2008-01-29,AAPL,0.43281912910899534
2008-01-30,AAPL,0.41559985251117904
2008-01-31,AAPL,0.40034487499169175
2008-02-01,AAPL,0.4256332957873189
2008-02-04,AAPL,0.39723210936665515
2008-02-05,AAPL,0.3852003400922176
2008-02-06,AAPL,0.36353308555264574
2008-02-07,AAPL,0.3248680750430977
2008-02-08,AAPL,0.3068122934712467
2008-02-11,AAPL,0.3232166099120112
2008-02-12,AAPL,0.385884778368885
2008-02-13,AAPL,0.41634584248721956
2008-02-14,AAPL,0.4601744890620144
2008-02-15,AAPL,0.42982311892987607
2008-02-19,AAPL,0.39013571711280337
2008-02-20,AAPL,0.38715229932037626
2008-02-21,AAPL,0.3651490841142871
2008-02-22,AAPL,0.37057728145189983
2008-02-25,AAPL,0.4010974811241942
2008-02-26,AAPL,0.4277892570530465
2008-02-27,AAPL,0.44489021678455903
2008-02-28,AAPL,0.46522997323033566
2008-02-29,AAPL,0.45698570795686955
2008-03-03,AAPL,0.4167490725962453
2008-03-04,AAPL,0.4272245000058853
2008-03-05,AAPL,0.4024306709981071
2008-03-06,AAPL,0.39233057392874343
2008-03-07,AAPL,0.415186310186301
2008-03-10,AAPL,0.44655955759766824
2008-03-11,AAPL,0.4114624218901066
2008-03-12,AAPL,0.45868870590334426
2008-03-13,AAPL,0.5052869599389171
2008-03-14,AAPL,0.4903186004800337
2008-03-17,AAPL,0.49838622262389404
2008-03-18,AAPL,0.4591755686909123
2008-03-19,AAPL,0.44685574873720424
2008-03-20,AAPL,0.45827915222835747
2008-03-24,AAPL,0.49452662973471434
2008-03-25,AAPL,0.4938610514157532
2008-03-26,AAPL,0.5029118191894508
2008-03-27,AAPL,0.5356008081602326
2008-03-28,AAPL,0.5239415289633605
2008-03-31,AAPL,0.5326789834849464
2008-04-01,AAPL,0.5097746352961505
2008-04-02,AAPL,0.5358328516379735
2008-04-03,AAPL,0.5354979078222343
2008-04-04,AAPL,0.5675528940903236
2008-04-07,AAPL,0.5886608463555122
2008-04-08,AAPL,0.5698715692244922
2008-04-09,AAPL,0.6116207986658475
2008-04-10,AAPL,0.5799750340518257
2008-04-11,AAPL,0.5457627938292456
2008-04-14,AAPL,0.5329899868969264
2008-04-15,AAPL,0.5476775148925737
2008-04-16,AAPL,0.5817104500819038
2008-04-17,AAPL,0.591727077310646
2008-04-18,AAPL,0.6143093714290195
2008-04-21,AAPL,0.6109670595101728
2008-04-22,AAPL,0.5958318470763427
2008-04-23,AAPL,0.5557925040223155
2008-04-24,AAPL,0.5644954260999792
2008-04-25,AAPL,0.5323630820205547
2008-04-28,AAPL,0.5343989570468176
2008-04-29,AAPL,0.5704424567832628
2008-04-30,AAPL,0.5758609788238613
2008-05-01,AAPL,0.5980722289517894
2008-05-02,AAPL,0.6207313638867417
2008-05-05,AAPL,0.6277749980587689
2008-05-06,AAPL,0.6033397484899474
2008-05-07,AAPL,0.6038246980538402
2008-05-08,AAPL,0.5889534105809804
2008-05-09,AAPL,0.5896568355405373
2008-05-12,AAPL,0.6412602635121306
2008-05-13,AAPL,0.6481020379330004
2008-05-14,AAPL,0.6293848905112455
2008-05-15,AAPL,0.6340236557732692
2008-05-16,AAPL,0.6321470064728995
2008-05-19,AAPL,0.603395051491594
2008-05-20,AAPL,0.6220075230226252
2008-05-21,AAPL,0.5733377263497933
2008-05-22,AAPL,0.55557704498038
2008-05-23,AAPL,0.5444890512342158
2008-05-27,AAPL,0.5658460666125266
2008-05-28,AAPL,0.5892241458975553
2008-05-29,AAPL,0.5922685867422849
2008-05-30,AAPL,0.6141113854213698
2008-06-02,AAPL,0.5719007059988569
2008-06-03,AAPL,0.5346272726185791
2008-06-04,AAPL,0.5532229874573551
2008-06-05,AAPL,0.5293467227170869
2008-06-06,AAPL,0.5242594621293756
2008-06-09,AAPL,0.538700300544531
2008-06-10,AAPL,0.5442529824618324
2008-06-11,AAPL,0.5766447727544614
2008-06-12,AAPL,0.5427881182666804
2008-06-13,AAPL,0.5181185507249315
2008-06-16,AAPL,0.4970928632151399
2008-06-17,AAPL,0.4982560675302899
2008-06-18,AAPL,0.5109713782183095
2008-06-19,AAPL,0.5355854780654128
2008-06-20,AAPL,0.5344449742488593
2008-06-23,AAPL,0.510351648867958
2008-06-24,AAPL,0.503690648873941
2008-06-25,AAPL,0.48027129153965764
2008-06-26,AAPL,0.4642065067976278
2008-06-27,AAPL,0.473363998027316
2008-06-30,AAPL,0.47026802192451367
2008-07-01,AAPL,0.4867975418544735
2008-07-02,AAPL,0.4994308311535823
2008-07-03,AAPL,0.5217640830108577
2008-07-07,AAPL,0.4872619221607114
2008-07-08,AAPL,0.4788394836912074
2008-07-09,AAPL,0.46830465413614014
2008-07-10,AAPL,0.4824309958186939
2008-07-11,AAPL,0.4834583811534149
2008-07-14,AAPL,0.47766942043241234
2008-07-15,AAPL,0.4587842670999784
2008-07-16,AAPL,0.4682870986187802
2008-07-17,AAPL,0.48700789770975883
2008-07-18,AAPL,0.4838780839177206
2008-07-21,AAPL,0.49147752396209726
2008-07-22,AAPL,0.4731028481427922
2008-07-23,AAPL,0.47930156090855935
2008-07-24,AAPL,0.47768937696787067
2008-07-25,AAPL,0.4662157552331623
2008-07-28,AAPL,0.445838851805781
2008-07-29,AAPL,0.4548040095248634
2008-07-30,AAPL,0.4465689773918654
2008-07-31,AAPL,0.4843140656579556
2008-08-01,AAPL,0.45413755807210265
2008-08-04,AAPL,0.4873153460297859
2008-08-05,AAPL,0.4474876693011407
2008-08-06,AAPL,0.46137344016778215
2008-08-07,AAPL,0.4742131637045807
2008-08-08,AAPL,0.48170804223083513
2008-08-11,AAPL,0.49784788640142336
2008-08-12,AAPL,0.476415098398431
2008-08-13,AAPL,0.5137557048078442
2008-08-14,AAPL,0.5123063858948752
2008-08-15,AAPL,0.5390875735696802
2008-08-18,AAPL,0.5106087825906509
2008-08-19,AAPL,0.5126317023987786
2008-08-20,AAPL,0.5222578069168189
2008-08-21,AAPL,0.5477378805497484
2008-08-22,AAPL,0.5964948772966197
2008-08-25,AAPL,0.5840034502681932
2008-08-26,AAPL,0.583110495690449
2008-08-27,AAPL,0.5932139462907043
2008-08-28,AAPL,0.5705953673593321
2008-08-29,AAPL,0.5148636269373346
2008-09-02,AAPL,0.4889749243359949
2008-09-03,AAPL,0.46636093167117526
2008-09-04,AAPL,0.4635197168193376
2008-09-05,AAPL,0.46660239928731795
2008-09-08,AAPL,0.48014710115761666
2008-09-09,AAPL,0.4777132345445698
2008-09-10,AAPL,0.44667876645352234
2008-09-11,AAPL,0.4675883956079802
2008-09-12,AAPL,0.44461442519893013
2008-09-15,AAPL,0.44446311780380476
2008-09-16,AAPL,0.4232616050711832
2008-09-17,AAPL,0.42217956589475325
2008-09-18,AAPL,0.38956855783162264
2008-09-19,AAPL,0.4104798707777907
2008-09-22,AAPL,0.45265384869228287
2008-09-23,AAPL,0.42094649719953414
2008-09-24,AAPL,0.4539552194312847
2008-09-25,AAPL,0.4301007560103478
2008-09-26,AAPL,0.40918423183532393
2008-09-29,AAPL,0.4104289951582721
2008-09-30,AAPL,0.3585163513898411
2008-10-01,AAPL,0.34267704352346223
2008-10-02,AAPL,0.35449636272613133
2008-10-03,AAPL,0.3628723360815192
2008-10-06,AAPL,0.39577859257466597
2008-10-07,AAPL,0.38517372108889086
2008-10-08,AAPL,0.3521785699989254
2008-10-09,AAPL,0.35910511732987244
2008-10-10,AAPL,0.3367490770765301
2008-10-13,AAPL,0.2527871849028699
2008-10-14,AAPL,0.3385169256288266
2008-10-15,AAPL,0.320108539079126
2008-10-16,AAPL,0.27586505405068706
2008-10-17,AAPL,0.2824694682777648
2008-10-20,AAPL,0.21308674695353957
2008-10-21,AAPL,0.22316833727701155
2008-10-22,AAPL,0.2246311763839706
2008-10-23,AAPL,0.21543340217116302
2008-10-24,AAPL,0.2536895803223955
2008-10-27,AAPL,0.35313063174577736
2008-10-28,AAPL,0.32615868214586624
2008-10-29,AAPL,0.28559069330582915
2008-10-30,AAPL,0.2818195889698732
2008-10-31,AAPL,0.2742805640691608
2008-11-03,AAPL,0.3218106889499097
2008-11-04,AAPL,0.29576092397923126
2008-11-05,AAPL,0.31254846444891005
2008-11-06,AAPL,0.31655887830365326
2008-11-07,AAPL,0.32408455687212745
2008-11-10,AAPL,0.3585689624996948
2008-11-11,AAPL,0.35990585349658294
2008-11-12,AAPL,0.4118735797920842
2008-11-13,AAPL,0.42182165112203307
2008-11-14,AAPL,0.45913366717898313
2008-11-17,AAPL,0.43115006616063045
2008-11-18,AAPL,0.4336806004968758
2008-11-19,AAPL,0.414903463166912
2008-11-20,AAPL,0.38606802598994694
2008-11-21,AAPL,0.39369717984749997
2008-11-24,AAPL,0.3540650669039448
2008-11-25,AAPL,0.39871281407561543
2008-11-26,AAPL,0.39931887521991805
2008-11-28,AAPL,0.4784024468081638
2008-12-01,AAPL,0.4464986497642913
2008-12-02,AAPL,0.3631777514256112
2008-12-03,AAPL,0.386711689840915
2008-12-04,AAPL,0.35583335256597953
2008-12-05,AAPL,0.3475725853106693
2008-12-08,AAPL,0.3675388213391522
2008-12-09,AAPL,0.4062718283247082
2008-12-10,AAPL,0.40512125181528463
2008-12-11,AAPL,0.48075241116079825
2008-12-12,AAPL,0.4376267856893329
2008-12-15,AAPL,0.38527127910567915
2008-12-16,AAPL,0.40651477186041873
2008-12-17,AAPL,0.40975035628612233
2008-12-18,AAPL,0.41065563585798187
2008-12-19,AAPL,0.4408329971900812
2008-12-22,AAPL,0.4606867453668503
2008-12-23,AAPL,0.45513294898244844
2008-12-24,AAPL,0.5060705103491859
2008-12-26,AAPL,0.4741073238784804
2008-12-29,AAPL,0.43452941254143584
2008-12-30,AAPL,0.4474588199269991
2008-12-31,AAPL,0.4576229903134899
2009-01-02,AAPL,0.4687194408788874
2009-01-05,AAPL,0.463803112204108
2009-01-06,AAPL,0.49078840308377375
2009-01-07,AAPL,0.47075025473344817
2009-01-08,AAPL,0.5217890605030185
2009-01-09,AAPL,0.4831218908919691
2009-01-12,AAPL,0.45835560013109755
2009-01-13,AAPL,0.49493751320835133
2009-01-14,AAPL,0.4885756233647354
2009-01-15,AAPL,0.4690106371551857
2009-01-16,AAPL,0.5035629000100919
2009-01-20,AAPL,0.5083006322827274
2009-01-21,AAPL,0.4910639377464281
2009-01-22,AAPL,0.5045693069926166
2009-01-23,AAPL,0.5119240452542072
2009-01-26,AAPL,0.4902435359420833
2009-01-27,AAPL,0.5240548714091439
2009-01-28,AAPL,0.5094637578765083
2009-01-29,AAPL,0.4704007932932546
2009-01-30,AAPL,0.47061762435006166
2009-02-02,AAPL,0.4718784530799078
2009-02-03,AAPL,0.45439446960438096
2009-02-04,AAPL,0.481918730639886
2009-02-05,AAPL,0.5279454372754976
2009-02-06,AAPL,0.55017829545761
2009-02-09,AAPL,0.5925614817058394
2009-02-10,AAPL,0.5642042494242205
2009-02-11,AAPL,0.5475430353064099
2009-02-12,AAPL,0.5321078020198404
2009-02-13,AAPL,0.5160284460199134
2009-02-17,AAPL,0.49328557169361736
2009-02-18,AAPL,0.5038833118065087
2009-02-19,AAPL,0.513123009710922
2009-02-20,AAPL,0.5356339251494586
2009-02-23,AAPL,0.5288276223860074
2009-02-24,AAPL,0.5375482416814583
2009-02-25,AAPL,0.5279092177599441
2009-02-26,AAPL,0.5257164681029961
2009-02-27,AAPL,0.5004403499009663
2009-03-02,AAPL,0.49736150795585393
2009-03-03,AAPL,0.48518223847442354
2009-03-04,AAPL,0.49567361883836386
2009-03-05,AAPL,0.47029162468433483
2009-03-06,AAPL,0.461765399001964
2009-03-09,AAPL,0.4639780375313516
2009-03-10,AAPL,0.4661993201904339
2009-03-11,AAPL,0.49089048243027655
2009-03-12,AAPL,0.49477274128149745
2009-03-13,AAPL,0.5517807126370808
2009-03-16,AAPL,0.5357846715190215
2009-03-17,AAPL,0.5034985293199783
2009-03-18,AAPL,0.5197240815898155
2009-03-19,AAPL,0.5079465429023363
2009-03-20,AAPL,0.506875915600447
2009-03-23,AAPL,0.4893851335304564
2009-03-24,AAPL,0.5049763667258945
2009-03-25,AAPL,0.5375015593239524
2009-03-26,AAPL,0.5870377034488495
2009-03-27,AAPL,0.6024573053074372
2009-03-30,AAPL,0.5525913766068333
2009-03-31,AAPL,0.5586952960779621
2009-04-01,AAPL,0.5505489775663448
2009-04-02,AAPL,0.5490195821338698
2009-04-03,AAPL,0.5860011230994084
2009-04-06,AAPL,0.6260184980367045
2009-04-07,AAPL,0.6092768910387213
2009-04-08,AAPL,0.5957588167035993
2009-04-09,AAPL,0.5948979761439023
2009-04-13,AAPL,0.5676564284602286
2009-04-14,AAPL,0.5580500591684449
2009-04-15,AAPL,0.5733697974457048
2009-04-16,AAPL,0.5650918959631974
2009-04-17,AAPL,0.6027716252371036
2009-04-20,AAPL,0.6231767687227109
2009-04-21,AAPL,0.6370907990877317
2009-04-22,AAPL,0.618822535124481
2009-04-23,AAPL,0.5959364263535063
2009-04-24,AAPL,0.5910906778987483
2009-04-27,AAPL,0.5994164904728969
2009-04-28,AAPL,0.6265360301837771
2009-04-29,AAPL,0.6221719081412932
2009-04-30,AAPL,0.609881934887124
2009-05-01,AAPL,0.6248213411662316
2009-05-04,AAPL,0.6356153904904431
2009-05-05,AAPL,0.6592047423064699
2009-05-06,AAPL,0.6481164611634853
2009-05-07,AAPL,0.6170815188218687
2009-05-08,AAPL,0.6371243771579874
2009-05-11,AAPL,0.6190591061327344
2009-05-12,AAPL,0.574638576269749
2009-05-13,AAPL,0.5160560993169717
2009-05-14,AAPL,0.5427231799405285
2009-05-15,AAPL,0.5425311926683677
2009-05-18,AAPL,0.5666972572792557
2009-05-19,AAPL,0.5853477223894241
2009-05-20,AAPL,0.5916757799068095
2009-05-21,AAPL,0.5533126330197892
2009-05-22,AAPL,0.5123319225415359
2009-05-26,AAPL,0.49793424149833015
2009-05-27,AAPL,0.4981646028743736
2009-05-28,AAPL,0.5148783808290491
2009-05-29,AAPL,0.5369252561656486
2009-06-01,AAPL,0.540902514496903
2009-06-02,AAPL,0.567314196521342
2009-06-03,AAPL,0.6033195174499677
2009-06-04,AAPL,0.5821777297410704
2009-06-05,AAPL,0.5870157313893314
2009-06-08,AAPL,0.5552647545267886
2009-06-09,AAPL,0.5741735224394614
2009-06-10,AAPL,0.5841915479036841
2009-06-11,AAPL,0.6078997244462387
2009-06-12,AAPL,0.6044767584518544
2009-06-15,AAPL,0.5709119805266469
2009-06-16,AAPL,0.5611639729423642
2009-06-17,AAPL,0.5485359833168708
2009-06-18,AAPL,0.5536458146768399
2009-06-19,AAPL,0.5525811866451456
2009-06-22,AAPL,0.5484663860620884
2009-06-23,AAPL,0.5233639003831453
2009-06-24,AAPL,0.5012255677124922
2009-06-25,AAPL,0.5143051200210963
2009-06-26,AAPL,0.520198887969619
2009-06-29,AAPL,0.5350660299338345
2009-06-30,AAPL,0.5693728789286997
2009-07-01,AAPL,0.5646560104379447
2009-07-02,AAPL,0.5649437658899529
2009-07-06,AAPL,0.55903179264893
2009-07-07,AAPL,0.5328643861913437
2009-07-08,AAPL,0.5246053784638564
2009-07-09,AAPL,0.5299941883699805
2009-07-10,AAPL,0.5240477687911843
2009-07-13,AAPL,0.5641764129083463
2009-07-14,AAPL,0.6110231756620305
2009-07-15,AAPL,0.5975078003853784
2009-07-16,AAPL,0.5959333578517118
2009-07-17,AAPL,0.5742388488122917
2009-07-20,AAPL,0.570859924010808
2009-07-21,AAPL,0.5557422892639217
2009-07-22,AAPL,0.5508238426612756
2009-07-23,AAPL,0.5858186316750809
2009-07-24,AAPL,0.5969574534736081
2009-07-27,AAPL,0.6438757726073063
2009-07-28,AAPL,0.648783271286323
2009-07-29,AAPL,0.659743275225171
2009-07-30,AAPL,0.6513376061170437
2009-07-31,AAPL,0.6634776260838513
2009-08-03,AAPL,0.6666912545023069
2009-08-04,AAPL,0.6640763628080917
2009-08-05,AAPL,0.6722279740806575
2009-08-06,AAPL,0.6495372412684445
2009-08-07,AAPL,0.6523089469222759
2009-08-10,AAPL,0.6633994866342677
2009-08-11,AAPL,0.618292545139115
2009-08-12,AAPL,0.6222706378936147
2009-08-13,AAPL,0.6326406126761467
2009-08-14,AAPL,0.6209040276587754
2009-08-17,AAPL,0.5693952964045613
2009-08-18,AAPL,0.5777458656586896
2009-08-19,AAPL,0.5660177623174241
2009-08-20,AAPL,0.5589991056677001
2009-08-21,AAPL,0.5573069172414477
2009-08-24,AAPL,0.5839869051448854
2009-08-25,AAPL,0.5742724157897198
2009-08-26,AAPL,0.5787297583054277
2009-08-27,AAPL,0.5720344185288783
2009-08-28,AAPL,0.5704694484777418
2009-08-31,AAPL,0.5626871957166364
2009-09-01,AAPL,0.5397316875414313
2009-09-02,AAPL,0.520412852191205
2009-09-03,AAPL,0.536579899360585
2009-09-04,AAPL,0.6144277020669757
2009-09-08,AAPL,0.6080160424218073
2009-09-09,AAPL,0.5957500714243951
2009-09-10,AAPL,0.5886035545255581
2009-09-11,AAPL,0.5704447475027226
2009-09-14,AAPL,0.5712572472358908
2009-09-15,AAPL,0.5790099405259838
2009-09-16,AAPL,0.6011623365638523
2009-09-17,AAPL,0.6004394856551284
2009-09-18,AAPL,0.6108337322813913
2009-09-21,AAPL,0.6303028860183276
2009-09-22,AAPL,0.6668737716415148
2009-09-23,AAPL,0.6481324874323223
2009-09-24,AAPL,0.6319500934717575
2009-09-25,AAPL,0.6058549930105758
2009-09-28,AAPL,0.6042522626191029
2009-09-29,AAPL,0.6282937959123046
2009-09-30,AAPL,0.6370590308962958
2009-10-01,AAPL,0.6124998116194689
2009-10-02,AAPL,0.6117977547424622
2009-10-05,AAPL,0.6060266805691717
2009-10-06,AAPL,0.585916126127022
2009-10-07,AAPL,0.5846494596465484
2009-10-08,AAPL,0.5842875215425475
2009-10-09,AAPL,0.5896024191800607
2009-10-12,AAPL,0.5964966765693084
2009-10-13,AAPL,0.5765576674639943
2009-10-14,AAPL,0.6019702973933242
2009-10-15,AAPL,0.6069533269080866
2009-10-16,AAPL,0.5660201475155932
2009-10-19,AAPL,0.5743395450209584
2009-10-20,AAPL,0.5925161205385597
2009-10-21,AAPL,0.6368539830918759
2009-10-22,AAPL,0.6433597445193652
2009-10-23,AAPL,0.646876479632086
2009-10-26,AAPL,0.6200766756878909
2009-10-27,AAPL,0.5615696906993076
2009-10-28,AAPL,0.5304323964697891
2009-10-29,AAPL,0.5315973292616795
2009-10-30,AAPL,0.5069232285129044
2009-11-02,AAPL,0.5086893662191347
2009-11-03,AAPL,0.5306162745966015
2009-11-04,AAPL,0.5557223518828174
2009-11-05,AAPL,0.5651892267819455
2009-11-06,AAPL,0.5781160259198613
2009-11-09,AAPL,0.5441400637176005
2009-11-10,AAPL,0.5222930366277136
2009-11-11,AAPL,0.5094359400059608
2009-11-12,AAPL,0.5149470052100252
2009-11-13,AAPL,0.5141446045918234
2009-11-16,AAPL,0.535821915263803
2009-11-17,AAPL,0.5773223099558946
2009-11-18,AAPL,0.5619922817661281
2009-11-19,AAPL,0.5996918597355133
2009-11-20,AAPL,0.5840250679898743
2009-11-23,AAPL,0.5970973123890753
2009-11-24,AAPL,0.5961087703366772
2009-11-25,AAPL,0.5897298685179536
2009-11-27,AAPL,0.5770426376597217
2009-11-30,AAPL,0.5430052693877928
2009-12-01,AAPL,0.5094808399253433
2009-12-02,AAPL,0.502916726257753
2009-12-03,AAPL,0.5140716508535913
2009-12-04,AAPL,0.47515448489521583
2009-12-07,AAPL,0.4455049798399611
2009-12-08,AAPL,0.46397578422111657
2009-12-09,AAPL,0.4980243811037198
2009-12-10,AAPL,0.5293408306540938
2009-12-11,AAPL,0.526226608446613
2009-12-14,AAPL,0.49784004094149575
2009-12-15,AAPL,0.49230728524979633
2009-12-16,AAPL,0.474471938305809
2009-12-17,AAPL,0.4862254344979149
2009-12-18,AAPL,0.4964492437945931
2009-12-21,AAPL,0.5098524061189549
2009-12-22,AAPL,0.5347749750386998
2009-12-23,AAPL,0.5517246733820934
2009-12-24,AAPL,0.5776314523999716
2009-12-28,AAPL,0.6043727008403125
2009-12-29,AAPL,0.594885483661073
2009-12-30,AAPL,0.5651710155371455
2009-12-31,AAPL,0.5748816240906622
2010-01-04,AAPL,0.5744422010776545
2010-01-05,AAPL,0.5782517505468361
2010-01-06,AAPL,0.6025580704582096
2010-01-07,AAPL,0.5985036674803531
2010-01-08,AAPL,0.6377684973479917
2010-01-11,AAPL,0.623364663115228
2010-01-12,AAPL,0.6012410320690766
2010-01-13,AAPL,0.5988191183527602
2010-01-14,AAPL,0.5998660542197517
2010-01-15,AAPL,0.532358075953758
2010-01-19,AAPL,0.5531903324774775
2010-01-20,AAPL,0.5717352822378343
2010-01-21,AAPL,0.5311789794490657
2010-01-22,AAPL,0.5013021769941921
2010-01-25,AAPL,0.4942658399738157
2010-01-26,AAPL,0.47176974516764064
2010-01-27,AAPL,0.4945118611367764
2010-01-28,AAPL,0.5023687260279397
2010-01-29,AAPL,0.500854950883457
2010-02-01,AAPL,0.48845590511628345
2010-02-02,AAPL,0.5027727263344565
2010-02-03,AAPL,0.4839407136316043
2010-02-04,AAPL,0.49593005921071914
2010-02-05,AAPL,0.4975146869251489
2010-02-08,AAPL,0.46818771040130225
2010-02-09,AAPL,0.4766000169868237
2010-02-10,AAPL,0.4852035146756842
2010-02-11,AAPL,0.5237422167277619
2010-02-12,AAPL,0.4829817426467501
2010-02-16,AAPL,0.48765305573640894
2010-02-17,AAPL,0.480572097803923
2010-02-18,AAPL,0.5311915042795194
2010-02-19,AAPL,0.5578467270983712
2010-02-22,AAPL,0.5534989628942828
2010-02-23,AAPL,0.5190311529147721
2010-02-24,AAPL,0.5104663949732706
2010-02-25,AAPL,0.5670165155449675
2010-02-26,AAPL,0.5791539416909744
2010-03-01,AAPL,0.6175859910723562
2010-03-02,AAPL,0.6268495481682651
2010-03-03,AAPL,0.6337186011899177
2010-03-04,AAPL,0.6225100123872455
2010-03-05,AAPL,0.6182687137336296
2010-03-08,AAPL,0.6153632967546212
2010-03-09,AAPL,0.6180031223489777
2010-03-10,AAPL,0.634782243669371
2010-03-11,AAPL,0.6575958309381406
2010-03-12,AAPL,0.6619006985931036
2010-03-15,AAPL,0.6823285174031419
2010-03-16,AAPL,0.6727130272081197
2010-03-17,AAPL,0.6708714247829328
2010-03-18,AAPL,0.6726822613491249
2010-03-19,AAPL,0.6482624806357923
2010-03-22,AAPL,0.6625181362099111
2010-03-23,AAPL,0.6756646199046024
2010-03-24,AAPL,0.6825716817344869
2010-03-25,AAPL,0.6332537690548341
2010-03-26,AAPL,0.6484872521896703
2010-03-29,AAPL,0.6348496137038008
2010-03-30,AAPL,0.6335087065902767
2010-03-31,AAPL,0.6294362350305747
2010-04-01,AAPL,0.6329574251797765
2010-04-05,AAPL,0.661954136694718
2010-04-06,AAPL,0.6694338149381814
2010-04-07,AAPL,0.6727451547572101
2010-04-08,AAPL,0.6711205885973702
2010-04-09,AAPL,0.6966687042383439
2010-04-12,AAPL,0.6956201348176858
2010-04-13,AAPL,0.6922332356569221
2010-04-14,AAPL,0.6942616773205358
2010-04-15,AAPL,0.7314486466172949
2010-04-16,AAPL,0.705106536112627
2010-04-19,AAPL,0.706414036080657
2010-04-20,AAPL,0.662368484742554
2010-04-21,AAPL,0.65878830829438
2010-04-22,AAPL,0.6597069455975548
2010-04-23,AAPL,0.671012181825485
2010-04-26,AAPL,0.6729609420097947
2010-04-27,AAPL,0.6338710797286619
2010-04-28,AAPL,0.6109139457707696
2010-04-29,AAPL,0.6037497154663882
2010-04-30,AAPL,0.572558390053969
2010-05-03,AAPL,0.5712338919274964
2010-05-04,AAPL,0.5550682128119631
2010-05-05,AAPL,0.5553496545723042
2010-05-06,AAPL,0.5274187657325502
2010-05-07,AAPL,0.5208972130843094
2010-05-10,AAPL,0.5020546059646844
2010-05-11,AAPL,0.4924786940474828
2010-05-12,AAPL,0.4857768696922507
2010-05-13,AAPL,0.5033402037947166
2010-05-14,AAPL,0.512176873010154
2010-05-17,AAPL,0.49647111230847907
2010-05-18,AAPL,0.4846553076460525
2010-05-19,AAPL,0.4506609709618381
2010-05-20,AAPL,0.4472875767296736
2010-05-21,AAPL,0.4154049808534314
2010-05-24,AAPL,0.45938329466505806
2010-05-25,AAPL,0.47190143134270707
2010-05-26,AAPL,0.5151048994921308
2010-05-27,AAPL,0.5638489613595896
2010-05-28,AAPL,0.509959956519257
2010-06-01,AAPL,0.4969477423979894
2010-06-02,AAPL,0.49121119813179787
2010-06-03,AAPL,0.50583173097821
2010-06-04,AAPL,0.4826713829139668
2010-06-07,AAPL,0.47913176360594684
2010-06-08,AAPL,0.49312915318385797
2010-06-09,AAPL,0.4885332168560699
2010-06-10,AAPL,0.5249251561916128
2010-06-11,AAPL,0.5459592712057977
2010-06-14,AAPL,0.5502619106474421
2010-06-15,AAPL,0.5692838533221383
2010-06-16,AAPL,0.5934188099460154
2010-06-17,AAPL,0.5685103505369126
2010-06-18,AAPL,0.5692664408167163
2010-06-21,AAPL,0.5441204955396018
2010-06-22,AAPL,0.5268729357329739
2010-06-23,AAPL,0.5078318572216889
2010-06-24,AAPL,0.540311664909961
2010-06-25,AAPL,0.5640903212862132
2010-06-28,AAPL,0.58003241203864
2010-06-29,AAPL,0.5621096087687298
2010-06-30,AAPL,0.5374557346767004
2010-07-01,AAPL,0.5208257758774752
2010-07-02,AAPL,0.526962221263994
2010-07-06,AAPL,0.5026912569983961
2010-07-07,AAPL,0.5134773799110837
2010-07-08,AAPL,0.509524208440343
2010-07-09,AAPL,0.5122840221191995
2010-07-12,AAPL,0.5220425909072758
2010-07-13,AAPL,0.48443135432421885
2010-07-14,AAPL,0.4634619022528571
2010-07-15,AAPL,0.463064351402234
2010-07-16,AAPL,0.45589563962316004
2010-07-19,AAPL,0.44019537310202284
2010-07-20,AAPL,0.5019575378870441
2010-07-21,AAPL,0.5400092260408822
2010-07-22,AAPL,0.5720380563793763
2010-07-23,AAPL,0.5906545971382577
2010-07-26,AAPL,0.5894149436718144
2010-07-27,AAPL,0.5339955434976819
2010-07-28,AAPL,0.5401437589663519
2010-07-29,AAPL,0.5136311761997989
2010-07-30,AAPL,0.5231302889644859
2010-08-02,AAPL,0.5639203339739096
2010-08-03,AAPL,0.5655118377033516
2010-08-04,AAPL,0.5915859835706772
2010-08-05,AAPL,0.6099024151663878
2010-08-06,AAPL,0.6331691540177964
2010-08-09,AAPL,0.6072527061301042
2010-08-10,AAPL,0.5925504989682128
2010-08-11,AAPL,0.5059680255846881
2010-08-12,AAPL,0.5015098498742818
2010-08-13,AAPL,0.5039505952727193
2010-08-16,AAPL,0.46846490395370793
2010-08-17,AAPL,0.5075494479507318
2010-08-18,AAPL,0.5484244718312945
2010-08-19,AAPL,0.5367624691339351
2010-08-20,AAPL,0.4992714939328346
2010-08-23,AAPL,0.49314973999536243
2010-08-24,AAPL,0.45957197722263843
2010-08-25,AAPL,0.4581831666930896
2010-08-26,AAPL,0.47146988076343344
2010-08-27,AAPL,0.45706681582516306
2010-08-30,AAPL,0.47591651916750555
2010-08-31,AAPL,0.5296261785352844
2010-09-01,AAPL,0.5336379132851589
2010-09-02,AAPL,0.5645628174608259
2010-09-03,AAPL,0.5797886012803811
2010-09-07,AAPL,0.5591352322612646
2010-09-08,AAPL,0.5501495082469001
2010-09-09,AAPL,0.5784906111980149
2010-09-10,AAPL,0.5760796170424797
2010-09-13,AAPL,0.6010555293427621
2010-09-14,AAPL,0.6608583160684284
2010-09-15,AAPL,0.6511270014462167
2010-09-16,AAPL,0.6758323234837933
2010-09-17,AAPL,0.6786439485837459
2010-09-20,AAPL,0.6706453841861519
2010-09-21,AAPL,0.6806822722204166
2010-09-22,AAPL,0.6914709100114971
2010-09-23,AAPL,0.6843098935813623
2010-09-24,AAPL,0.6928441217724404
2010-09-27,AAPL,0.6951417995440099
2010-09-28,AAPL,0.6535305205547178
2010-09-29,AAPL,0.6617962945396266
2010-09-30,AAPL,0.645210909176453
2010-10-01,AAPL,0.6270646972730104
2010-10-04,AAPL,0.6164776049640852
2010-10-05,AAPL,0.6231286276343981
2010-10-06,AAPL,0.6156248947436995
2010-10-07,AAPL,0.6370170024337212
2010-10-08,AAPL,0.6242805947018284
2010-10-11,AAPL,0.6386079274734257
2010-10-12,AAPL,0.6115578928025515
2010-10-13,AAPL,0.6149998588901572
2010-10-14,AAPL,0.6094692947130372
2010-10-15,AAPL,0.6137226630039773
2010-10-18,AAPL,0.6443765809262102
2010-10-19,AAPL,0.613184290655361
2010-10-20,AAPL,0.6341416132056191
2010-10-21,AAPL,0.6370915381778922
2010-10-22,AAPL,0.6407696372362126
2010-10-25,AAPL,0.6183905151056448
2010-10-26,AAPL,0.6337088174113877
2010-10-27,AAPL,0.6336491464291485
2010-10-28,AAPL,0.6116796303469242
2010-10-29,AAPL,0.605907024297069
2010-11-01,AAPL,0.6048587441886608
2010-11-02,AAPL,0.6072564271709111
2010-11-03,AAPL,0.6096807222434046
2010-11-04,AAPL,0.5792906864197626
2010-11-05,AAPL,0.5716983502654869
2010-11-08,AAPL,0.6291580782863011
2010-11-09,AAPL,0.6006640792361593
2010-11-10,AAPL,0.6073614119815346
2010-11-11,AAPL,0.6050991974743712
2010-11-12,AAPL,0.5507906818379632
2010-11-15,AAPL,0.5518033565958848
2010-11-16,AAPL,0.5445451946257058
2010-11-17,AAPL,0.5509919799974888
2010-11-18,AAPL,0.5886525305281454
2010-11-19,AAPL,0.5886838365672762
2010-11-22,AAPL,0.5812887178440705
2010-11-23,AAPL,0.5607276276692619
2010-11-24,AAPL,0.5542974193103785
2010-11-26,AAPL,0.5534869505682654
2010-11-29,AAPL,0.5451957242987979
2010-11-30,AAPL,0.5302123919511406
2010-12-01,AAPL,0.5315831793125155
2010-12-02,AAPL,0.532073600101187
2010-12-03,AAPL,0.5795465073233043
2010-12-06,AAPL,0.581109168130614
2010-12-07,AAPL,0.6196721532818721
2010-12-08,AAPL,0.6171441987467381
2010-12-09,AAPL,0.5948276661303048
2010-12-10,AAPL,0.6079369515311691
2010-12-13,AAPL,0.5889731288764882
2010-12-14,AAPL,0.6160295640230085
2010-12-15,AAPL,0.5929031923247093
2010-12-16,AAPL,0.6038997671486745
2010-12-17,AAPL,0.5891616400351932
2010-12-20,AAPL,0.6579981643676824
2010-12-21,AAPL,0.6445054618674795
2010-12-22,AAPL,0.64684860689331
2010-12-23,AAPL,0.6389328329802142
2010-12-27,AAPL,0.6262639358338075
2010-12-28,AAPL,0.661646082390244
2010-12-29,AAPL,0.6418482196909252
2010-12-30,AAPL,0.6392474464960349
2010-12-31,AAPL,0.6160704015046546
2011-01-03,AAPL,0.6449232586349029
2011-01-04,AAPL,0.6758048270861173
2011-01-05,AAPL,0.687338906420758
2011-01-06,AAPL,0.6850867234517994
2011-01-07,AAPL,0.6981074504926862
2011-01-10,AAPL,0.6882747413804949
2011-01-11,AAPL,0.6786455415366114
2011-01-12,AAPL,0.6818947372449957
2011-01-13,AAPL,0.7007524226331588
2011-01-14,AAPL,0.6983104088860201
2011-01-18,AAPL,0.6012760253430136
2011-01-19,AAPL,0.6125313107151951
2011-01-20,AAPL,0.5990101705108476
2011-01-21,AAPL,0.5783240281641869
2011-01-24,AAPL,0.5678756856274856
2011-01-25,AAPL,0.5889342620170073
2011-01-26,AAPL,0.5901499428746266
2011-01-27,AAPL,0.606486540491235
2011-01-28,AAPL,0.5843358000426394
2011-01-31,AAPL,0.5590450937552695
2011-02-01,AAPL,0.562403877801705
2011-02-02,AAPL,0.5531365863192356
2011-02-03,AAPL,0.5402807141585508
2011-02-04,AAPL,0.542110027782719
2011-02-07,AAPL,0.5860849640482733
2011-02-08,AAPL,0.599033541656947
2011-02-09,AAPL,0.6344652207461859
2011-02-10,AAPL,0.6466289992733493
2011-02-11,AAPL,0.6243657444186248
2011-02-14,AAPL,0.6149831153274792
2011-02-15,AAPL,0.6177147288426609
2011-02-16,AAPL,0.6205812192717876
2011-02-17,AAPL,0.6524094549053518
2011-02-18,AAPL,0.603530188953571
2011-02-22,AAPL,0.540954984114219
2011-02-23,AAPL,0.5529046622242207
2011-02-24,AAPL,0.5590381303535998
2011-02-25,AAPL,0.5622785464008714
2011-02-28,AAPL,0.5711530506851521
2011-03-01,AAPL,0.5684004035530765
2011-03-02,AAPL,0.5552060874380086
2011-03-03,AAPL,0.5868677775976665
2011-03-04,AAPL,0.5756183530327239
2011-03-07,AAPL,0.5435086891116303
2011-03-08,AAPL,0.538234334011129
2011-03-09,AAPL,0.5182599908361881
2011-03-10,AAPL,0.5103331874615933
2011-03-11,AAPL,0.5460607427445817
2011-03-14,AAPL,0.6114310271790138
2011-03-15,AAPL,0.5604421625068474
2011-03-16,AAPL,0.5175348592651762
2011-03-17,AAPL,0.5166491183844955
2011-03-18,AAPL,0.48603430515886703
2011-03-21,AAPL,0.5082029159678347
2011-03-22,AAPL,0.5255299578168392
2011-03-23,AAPL,0.5134763163070196
2011-03-24,AAPL,0.510637939031567
2011-03-25,AAPL,0.5437882592230063
2011-03-28,AAPL,0.5353857605305106
2011-03-29,AAPL,0.5365913110275045
2011-03-30,AAPL,0.5403537117855725
2011-03-31,AAPL,0.5194193066096473
2011-04-01,AAPL,0.49075207799418785
2011-04-04,AAPL,0.5170478266029688
2011-04-05,AAPL,0.5733489475797194
2011-04-06,AAPL,0.5531691722937555
2011-04-07,AAPL,0.5822762123828495
2011-04-08,AAPL,0.5308012268704626
2011-04-11,AAPL,0.5018277134084212
2011-04-12,AAPL,0.5227487264522384
2011-04-13,AAPL,0.5197477366512383
2011-04-14,AAPL,0.45302904544810746
2011-04-15,AAPL,0.44770264426544265
2011-04-18,AAPL,0.47387121045407055
2011-04-19,AAPL,0.5128016513946387
2011-04-20,AAPL,0.521406123110264
2011-04-21,AAPL,0.5632560561053198
2011-04-25,AAPL,0.6023966344234676
2011-04-26,AAPL,0.5949035338285141
2011-04-27,AAPL,0.5905670254232999
2011-04-28,AAPL,0.5769891511578622
2011-04-29,AAPL,0.5686747490268556
2011-05-02,AAPL,0.5838202142646433
2011-05-03,AAPL,0.5917048892850237
2011-05-04,AAPL,0.5894828746358648
2011-05-05,AAPL,0.6086298526961333
2011-05-06,AAPL,0.6398909578971952
2011-05-09,AAPL,0.6410985247218559
2011-05-10,AAPL,0.6250647215953493
2011-05-11,AAPL,0.5935781465666152
2011-05-12,AAPL,0.538569735384443
2011-05-13,AAPL,0.49916707641199365
2011-05-16,AAPL,0.4859247287751367
2011-05-17,AAPL,0.5019246853484989
2011-05-18,AAPL,0.5432064891534484
2011-05-19,AAPL,0.526136026599766
2011-05-20,AAPL,0.5349613732880253
2011-05-23,AAPL,0.5237108152484252
2011-05-24,AAPL,0.5063402342378401
2011-05-25,AAPL,0.5317354936710518
2011-05-26,AAPL,0.5298750141218732
2011-05-27,AAPL,0.5343945519561194
2011-05-31,AAPL,0.5425722778440284
2011-06-01,AAPL,0.5508467937830948
2011-06-02,AAPL,0.556226171804273
2011-06-03,AAPL,0.5793465968095505
2011-06-06,AAPL,0.5818374377550786
2011-06-07,AAPL,0.5324560616840578
2011-06-08,AAPL,0.5162761020511123
2011-06-09,AAPL,0.5145338104015864
2011-06-10,AAPL,0.5170046461527621
2011-06-13,AAPL,0.533324561430231
2011-06-14,AAPL,0.5774500380670411
2011-06-15,AAPL,0.5400107183092345
2011-06-16,AAPL,0.5374490246448912
2011-06-17,AAPL,0.5167298990052084
2011-06-20,AAPL,0.4406931429908071
2011-06-21,AAPL,0.47077219482625915
2011-06-22,AAPL,0.4790474457074133
2011-06-23,AAPL,0.5009066992150046
2011-06-24,AAPL,0.5175306150015827
2011-06-27,AAPL,0.5522242283091361
2011-06-28,AAPL,0.5514677983745594
2011-06-29,AAPL,0.5493273348236742
2011-06-30,AAPL,0.5569284408975853
2011-07-01,AAPL,0.558717334583265
2011-07-05,AAPL,0.5434039341017652
2011-07-06,AAPL,0.5793217175752755
2011-07-07,AAPL,0.5910930071774082
2011-07-08,AAPL,0.6230911859524347
2011-07-11,AAPL,0.6224126708134723
2011-07-12,AAPL,0.6060021493148016
2011-07-13,AAPL,0.6238938999646333
2011-07-14,AAPL,0.6116619142312485
2011-07-15,AAPL,0.642684496134044
2011-07-18,AAPL,0.6546867818715327
2011-07-19,AAPL,0.6663839432533358
2011-07-20,AAPL,0.6674016476311015
2011-07-21,AAPL,0.6907246797676979
2011-07-22,AAPL,0.6833662021709179
2011-07-25,AAPL,0.6758147270494386
2011-07-26,AAPL,0.6782847765237258
2011-07-27,AAPL,0.6241450529051817
2011-07-28,AAPL,0.6228518177533877
2011-07-29,AAPL,0.6478171239318539
2011-08-01,AAPL,0.6541288201543769
2011-08-02,AAPL,0.6247884651065551
2011-08-03,AAPL,0.6433327417183182
2011-08-04,AAPL,0.5933010056079225
2011-08-05,AAPL,0.5628219824385885
2011-08-08,AAPL,0.5233814614128953
2011-08-09,AAPL,0.5141987412220034
2011-08-10,AAPL,0.5072485089881568
2011-08-11,AAPL,0.5148836449789294
2011-08-12,AAPL,0.517322333411207
2011-08-15,AAPL,0.5436588373199893
2011-08-16,AAPL,0.5287929332124475
2011-08-17,AAPL,0.5440603093569237
2011-08-18,AAPL,0.5068484676233704
2011-08-19,AAPL,0.47849883781557273
2011-08-22,AAPL,0.4596112631656711
2011-08-23,AAPL,0.4635722487276706
2011-08-24,AAPL,0.48701371428831347
2011-08-25,AAPL,0.5136040105964512
2011-08-26,AAPL,0.5704063173862005
2011-08-29,AAPL,0.5475196783397149
2011-08-30,AAPL,0.5563347859602292
2011-08-31,AAPL,0.5211331605257036
2011-09-01,AAPL,0.5073705488374611
2011-09-02,AAPL,0.4602614083658694
2011-09-06,AAPL,0.47943317295445054
2011-09-07,AAPL,0.5096750503208108
2011-09-08,AAPL,0.5687626055658874
2011-09-09,AAPL,0.5896349646944623
2011-09-12,AAPL,0.6035397031735665
2011-09-13,AAPL,0.5677915795917458
2011-09-14,AAPL,0.5625647707989891
2011-09-15,AAPL,0.5769908167276544
2011-09-16,AAPL,0.5764383710944999
2011-09-19,AAPL,0.5741411395162461
2011-09-20,AAPL,0.5846963965752494
2011-09-21,AAPL,0.6141515085830351
2011-09-22,AAPL,0.5882278117846093
2011-09-23,AAPL,0.6117141942277282
2011-09-26,AAPL,0.5880454292154741
2011-09-27,AAPL,0.5712852814628714
2011-09-28,AAPL,0.5719068555112166
2011-09-29,AAPL,0.5913760702909402
2011-09-30,AAPL,0.5663568946709774
2011-10-03,AAPL,0.5480836106965992
2011-10-04,AAPL,0.5224904258216234
2011-10-05,AAPL,0.5260622515726102
2011-10-06,AAPL,0.4970690019631054
2011-10-07,AAPL,0.4563725082693786
2011-10-10,AAPL,0.49822678467815784
2011-10-11,AAPL,0.5223477787930193
2011-10-12,AAPL,0.545197511100184
2011-10-13,AAPL,0.5463041243237416
2011-10-14,AAPL,0.5586902219939686
2011-10-17,AAPL,0.540374646525379
2011-10-18,AAPL,0.5277311268160587
2011-10-19,AAPL,0.5056111449638052
2011-10-20,AAPL,0.5181788391704432
2011-10-21,AAPL,0.5081339196680862
2011-10-24,AAPL,0.5275425085338862
2011-10-25,AAPL,0.5245577761378044
2011-10-26,AAPL,0.5504508095472573
2011-10-27,AAPL,0.5789055572574201
2011-10-28,AAPL,0.5737680939541039
2011-10-31,AAPL,0.5400119216616791
2011-11-01,AAPL,0.5347629544741991
2011-11-02,AAPL,0.5027369849844778
2011-11-03,AAPL,0.4649492171571527
2011-11-04,AAPL,0.4766393661066085
2011-11-07,AAPL,0.48533444808339726
2011-11-08,AAPL,0.5696160919275353
2011-11-09,AAPL,0.5526094207791888
2011-11-10,AAPL,0.5295580262328119
2011-11-11,AAPL,0.48195870916036504
2011-11-14,AAPL,0.49476598709648767
2011-11-15,AAPL,0.4862560083840048
2011-11-16,AAPL,0.4990546368807246
2011-11-17,AAPL,0.5009753409977796
2011-11-18,AAPL,0.4974203020325758
2011-11-21,AAPL,0.5141508506607829
2011-11-22,AAPL,0.5159995582385062
2011-11-23,AAPL,0.4870640895427015
2011-11-25,AAPL,0.4885320930772178
2011-11-28,AAPL,0.49673925805450014
2011-11-29,AAPL,0.48132800377035656
2011-11-30,AAPL,0.5071577409161478
2011-12-01,AAPL,0.5467561344647831
2011-12-02,AAPL,0.5496624299758474
2011-12-05,AAPL,0.5492611520681523
2011-12-06,AAPL,0.5255721196737105
2011-12-07,AAPL,0.527157342405651
2011-12-08,AAPL,0.5411279814004945
2011-12-09,AAPL,0.555944433032861
2011-12-12,AAPL,0.5830860877723477
2011-12-13,AAPL,0.5589565319149937
2011-12-14,AAPL,0.5792900335091251
2011-12-15,AAPL,0.5941583752341925
2011-12-16,AAPL,0.5560648279524559
2011-12-19,AAPL,0.5847823523025711
2011-12-20,AAPL,0.5787598147857788
2011-12-21,AAPL,0.5792185088963191
2011-12-22,AAPL,0.5928712370655738
2011-12-23,AAPL,0.5968644503747383
2011-12-27,AAPL,0.6196663634495805
2011-12-28,AAPL,0.6027062184777321
2011-12-29,AAPL,0.598834943520027
2011-12-30,AAPL,0.5901998274948353
2012-01-03,AAPL,0.5897936784892537
2012-01-04,AAPL,0.6084397480211414
2012-01-05,AAPL,0.6729030107609342
2012-01-06,AAPL,0.679511108382314
2012-01-09,AAPL,0.6778671903434623
2012-01-10,AAPL,0.6804572878491549
2012-01-11,AAPL,0.6705953163362846
2012-01-12,AAPL,0.6600736657136234
2012-01-13,AAPL,0.6541766648130393
2012-01-17,AAPL,0.6531920718901715
2012-01-18,AAPL,0.6574581864864664
2012-01-19,AAPL,0.6836269344380141
2012-01-20,AAPL,0.6414934247860083
2012-01-23,AAPL,0.6568071288941875
2012-01-24,AAPL,0.6044857646098554
2012-01-25,AAPL,0.5851510272652333
2012-01-26,AAPL,0.603528330605935
2012-01-27,AAPL,0.6096988144053325
2012-01-30,AAPL,0.6082450068960968
2012-01-31,AAPL,0.6230292578093064
2012-02-01,AAPL,0.6102879787159663
2012-02-02,AAPL,0.6168749287458647
2012-02-03,AAPL,0.6139369429928996
2012-02-06,AAPL,0.6129804058614118
2012-02-07,AAPL,0.6024046263971496
2012-02-08,AAPL,0.6258569944780761
2012-02-09,AAPL,0.6350176092928385
2012-02-10,AAPL,0.6460207103013752
2012-02-13,AAPL,0.6737151158535198
2012-02-14,AAPL,0.6723505604204997
2012-02-15,AAPL,0.6177283277863433
2012-02-16,AAPL,0.6157163293326159
2012-02-17,AAPL,0.6325504079302415
2012-02-21,AAPL,0.6253745124805011
2012-02-22,AAPL,0.6347053852375623
2012-02-23,AAPL,0.6652442866421351
2012-02-24,AAPL,0.6760511174754869
2012-02-27,AAPL,0.6759254340984402
2012-02-28,AAPL,0.6693049943659343
2012-02-29,AAPL,0.668892269155203
2012-03-01,AAPL,0.6613027668399597
2012-03-02,AAPL,0.6692979852721311
2012-03-05,AAPL,0.620774854568083
2012-03-06,AAPL,0.604163456744866
2012-03-07,AAPL,0.6401359397127788
2012-03-08,AAPL,0.6447474032326272
2012-03-09,AAPL,0.6571696277043049
2012-03-12,AAPL,0.6587478676548063
2012-03-13,AAPL,0.6697107212750184
2012-03-14,AAPL,0.6582129944478745
2012-03-15,AAPL,0.6563440859343652
2012-03-16,AAPL,0.6588460629452755
2012-03-19,AAPL,0.6420401550454576
2012-03-20,AAPL,0.6325609474320025
2012-03-21,AAPL,0.6178835520911169
2012-03-22,AAPL,0.6225328030805758
2012-03-23,AAPL,0.653802702105025
2012-03-26,AAPL,0.6528430710356269
2012-03-27,AAPL,0.6598081090885061
2012-03-28,AAPL,0.6693417134361538
2012-03-29,AAPL,0.6540453660892834
2012-03-30,AAPL,0.6301282316173411
2012-04-02,AAPL,0.6242220818433346
2012-04-03,AAPL,0.6104054588500334
2012-04-04,AAPL,0.616630309010654
2012-04-05,AAPL,0.6237695418795183
2012-04-09,AAPL,0.6202451359403285
2012-04-10,AAPL,0.5925869556259882
2012-04-11,AAPL,0.5970101359440328
2012-04-12,AAPL,0.6079360232388522
2012-04-13,AAPL,0.5746151259131013
2012-04-16,AAPL,0.5173567142903358
2012-04-17,AAPL,0.5213011326203149
2012-04-18,AAPL,0.5281436790044866
2012-04-19,AAPL,0.5237241332990628
2012-04-20,AAPL,0.5333131747024092
2012-04-23,AAPL,0.5197944483448399
2012-04-24,AAPL,0.474187546727826
2012-04-25,AAPL,0.4720733130779227
2012-04-26,AAPL,0.4880112971533144
2012-04-27,AAPL,0.48779186026745286
2012-04-30,AAPL,0.47662117593979986
2012-05-01,AAPL,0.4936436511682251
2012-05-02,AAPL,0.46102039398318173
2012-05-03,AAPL,0.46493551728912497
2012-05-04,AAPL,0.4732283371823102
2012-05-07,AAPL,0.4425424289823952
2012-05-08,AAPL,0.43571672450206916
2012-05-09,AAPL,0.47449100495860863
2012-05-10,AAPL,0.49525002561698167
2012-05-11,AAPL,0.5041957739531194
2012-05-14,AAPL,0.5088111475036536
2012-05-15,AAPL,0.38623587827021394
2012-05-16,AAPL,0.38305825397977783
2012-05-17,AAPL,0.38248142783634675
2012-05-18,AAPL,0.38409941308901696
2012-05-21,AAPL,0.44364541306674854
2012-05-22,AAPL,0.4431713005411991
2012-05-23,AAPL,0.49230388209991094
2012-05-24,AAPL,0.5300545205459833
2012-05-25,AAPL,0.5175291820245624
2012-05-29,AAPL,0.5023204812905251
2012-05-30,AAPL,0.5042260608385761
2012-05-31,AAPL,0.4891561310063498
2012-06-01,AAPL,0.4744150743325221
2012-06-04,AAPL,0.49151705166796483
2012-06-05,AAPL,0.5125289582411418
2012-06-06,AAPL,0.5205010733953866
2012-06-07,AAPL,0.5651129675962658
2012-06-08,AAPL,0.5760042123185884
2012-06-11,AAPL,0.5185081516349658
2012-06-12,AAPL,0.5437995806808191
2012-06-13,AAPL,0.5179263615428699
2012-06-14,AAPL,0.5314581488593746
2012-06-15,AAPL,0.5390928681913599
2012-06-18,AAPL,0.541818511736521
2012-06-19,AAPL,0.5470377799851994
2012-06-20,AAPL,0.5592037039035999
2012-06-21,AAPL,0.5945440149424538
2012-06-22,AAPL,0.5981804371153305
2012-06-25,AAPL,0.5657073132811712
2012-06-26,AAPL,0.5488549240119216
2012-06-27,AAPL,0.5538509288319527
2012-06-28,AAPL,0.525000490256046
2012-06-29,AAPL,0.5713042616309582
2012-07-02,AAPL,0.5885963262284061
2012-07-03,AAPL,0.6133818579318919
2012-07-05,AAPL,0.613034359660903
2012-07-06,AAPL,0.608212989604975
2012-07-09,AAPL,0.5916132627131416
2012-07-10,AAPL,0.5708062826195128
2012-07-11,AAPL,0.5662027916939264
2012-07-12,AAPL,0.5736031249372091
2012-07-13,AAPL,0.5747813500754781
2012-07-16,AAPL,0.6115593243131743
2012-07-17,AAPL,0.6203130721716346
2012-07-18,AAPL,0.6231052978171753
2012-07-19,AAPL,0.6461830784174211
2012-07-20,AAPL,0.6046319579972026
2012-07-23,AAPL,0.5868465108839083
2012-07-24,AAPL,0.5668371446611797
2012-07-25,AAPL,0.4830252598073548
2012-07-26,AAPL,0.48714792494567544
2012-07-27,AAPL,0.49508877994907263
2012-07-30,AAPL,0.5284184060616516
2012-07-31,AAPL,0.5542478335038471
2012-08-01,AAPL,0.5827268590604725
2012-08-02,AAPL,0.5769047084433386
2012-08-03,AAPL,0.5692646835402035
2012-08-06,AAPL,0.5696442320871741
2012-08-07,AAPL,0.5597074023151034
2012-08-08,AAPL,0.5367988777006888
2012-08-09,AAPL,0.5616856238979994
2012-08-10,AAPL,0.5659806183859418
2012-08-13,AAPL,0.5771471942645967
2012-08-14,AAPL,0.6716804810170004
2012-08-15,AAPL,0.6713651165927159
2012-08-16,AAPL,0.6655949977619247
2012-08-17,AAPL,0.6614455473195937
2012-08-20,AAPL,0.6468823812096326
2012-08-21,AAPL,0.630806669188449
2012-08-22,AAPL,0.6556277043274568
2012-08-23,AAPL,0.6405488508357644
2012-08-24,AAPL,0.6297542198027527
2012-08-27,AAPL,0.6339972762380434
2012-08-28,AAPL,0.6516770933017176
2012-08-29,AAPL,0.6461843292466356
2012-08-30,AAPL,0.6284958180668667
2012-08-31,AAPL,0.6242943523859928
2012-09-04,AAPL,0.6270467823892458
2012-09-05,AAPL,0.6218951570689925
2012-09-06,AAPL,0.624955765437881
2012-09-07,AAPL,0.6223041548315288
2012-09-10,AAPL,0.5619039294651168
2012-09-11,AAPL,0.5746663776887009
2012-09-12,AAPL,0.55969126586554
2012-09-13,AAPL,0.5892294885505472
2012-09-14,AAPL,0.5923061296835797
2012-09-17,AAPL,0.6008022744059193
2012-09-18,AAPL,0.6149459444171091
2012-09-19,AAPL,0.6162198706547247
2012-09-20,AAPL,0.629619684082806
2012-09-21,AAPL,0.6231021137325039
2012-09-24,AAPL,0.5781077275242943
2012-09-25,AAPL,0.5586520172565349
2012-09-26,AAPL,0.5372868743674347
2012-09-27,AAPL,0.5474758094683165
2012-09-28,AAPL,0.5692011938827589
2012-10-01,AAPL,0.5695136272165532
2012-10-02,AAPL,0.563212518157361
2012-10-03,AAPL,0.559209438215373
2012-10-04,AAPL,0.5299672618149888
2012-10-05,AAPL,0.5028889013349497
2012-10-08,AAPL,0.49361913870519586
2012-10-09,AAPL,0.47684523066766515
2012-10-10,AAPL,0.48112068867323293
2012-10-11,AAPL,0.484176656992709
2012-10-12,AAPL,0.4915763590396015
2012-10-15,AAPL,0.5164407917899474
2012-10-16,AAPL,0.5352050779383363
2012-10-17,AAPL,0.5065463939243263
2012-10-18,AAPL,0.5159988193973729
2012-10-19,AAPL,0.4928084671486635
2012-10-22,AAPL,0.48828653664952315
2012-10-23,AAPL,0.45855211310452615
2012-10-24,AAPL,0.4658860536395004
2012-10-25,AAPL,0.4758537016747601
2012-10-26,AAPL,0.4942523854372696
2012-10-31,AAPL,0.4868855994305214
2012-11-01,AAPL,0.49591734534607734
2012-11-02,AAPL,0.4898568032544737
2012-11-05,AAPL,0.4838843927447955
2012-11-06,AAPL,0.47248172609312106
2012-11-07,AAPL,0.4516577198907934
2012-11-08,AAPL,0.4334319595519434
2012-11-09,AAPL,0.45082636135429605
2012-11-12,AAPL,0.4639440220184977
2012-11-13,AAPL,0.4120711465616739
2012-11-14,AAPL,0.4335002434591714
2012-11-15,AAPL,0.4336750398774113
2012-11-16,AAPL,0.40912249435823195
2012-11-19,AAPL,0.43880302053203785
2012-11-20,AAPL,0.4596613599108139
2012-11-21,AAPL,0.45428004428877444
2012-11-23,AAPL,0.48178404634516697
2012-11-26,AAPL,0.47304030706942357
2012-11-27,AAPL,0.44684467435678527
2012-11-28,AAPL,0.4842293475294746
2012-11-29,AAPL,0.5221415506652244
2012-11-30,AAPL,0.4983197031213875
2012-12-03,AAPL,0.5048339133552242
2012-12-04,AAPL,0.5133515680855175
2012-12-05,AAPL,0.47184676132421116
2012-12-06,AAPL,0.4820701187682087
2012-12-07,AAPL,0.49503375351784307
2012-12-10,AAPL,0.44769382961477805
2012-12-11,AAPL,0.46714029485886827
2012-12-12,AAPL,0.4954746117460459
2012-12-13,AAPL,0.471846619966388
2012-12-14,AAPL,0.4364566793545038
2012-12-17,AAPL,0.4512603152347559
2012-12-18,AAPL,0.46928092907191576
2012-12-19,AAPL,0.4486342378079107
2012-12-20,AAPL,0.45918216059812805
2012-12-21,AAPL,0.4618309614038217
2012-12-24,AAPL,0.46778984442721383
2012-12-26,AAPL,0.4938218758079116
2012-12-27,AAPL,0.4761960934633993
2012-12-28,AAPL,0.48993961914179296
2012-12-31,AAPL,0.4861619136663437
2013-01-02,AAPL,0.4832911278718387
2013-01-03,AAPL,0.5029450407409642
2013-01-04,AAPL,0.5166700170778012
2013-01-07,AAPL,0.5497778464712219
2013-01-08,AAPL,0.521017879196585
2013-01-09,AAPL,0.47217390493887573
2013-01-10,AAPL,0.4882099005961369
2013-01-11,AAPL,0.5132884335468801
2013-01-14,AAPL,0.4917767313303673
2013-01-15,AAPL,0.49194470290407943
2013-01-16,AAPL,0.5201927375436535
2013-01-17,AAPL,0.5149762618763388
2013-01-18,AAPL,0.5166133760263673
2013-01-22,AAPL,0.49498453856628
2013-01-23,AAPL,0.4780868749781055
2013-01-24,AAPL,0.4105004570306807
2013-01-25,AAPL,0.41832140163131204
2013-01-28,AAPL,0.42514864917620415
2013-01-29,AAPL,0.41663005136520964
2013-01-30,AAPL,0.4088281778567246
2013-01-31,AAPL,0.4579248076680901
2013-02-01,AAPL,0.4595901626387254
2013-02-04,AAPL,0.46301572693848736
2013-02-05,AAPL,0.46731409976939103
2013-02-06,AAPL,0.43703645809156955
2013-02-07,AAPL,0.4105336393126463
2013-02-08,AAPL,0.4095098197669375
2013-02-11,AAPL,0.42170506684188847
2013-02-12,AAPL,0.39941124048473353
2013-02-13,AAPL,0.5060952355690203
2013-02-14,AAPL,0.5259721295752453
2013-02-15,AAPL,0.48481438735111826
2013-02-19,AAPL,0.44782233978850394
2013-02-20,AAPL,0.4492292852023588
2013-02-21,AAPL,0.4414062384628116
2013-02-22,AAPL,0.5247586216145615
2013-02-25,AAPL,0.5564848921267894
2013-02-26,AAPL,0.5226135050944118
2013-02-27,AAPL,0.5221547855783539
2013-02-28,AAPL,0.48808902201373305
2013-03-01,AAPL,0.44261472622386233
2013-03-04,AAPL,0.4212419485173693
2013-03-05,AAPL,0.45766684085468057
2013-03-06,AAPL,0.4630022878786135
2013-03-07,AAPL,0.4713510435541146
2013-03-08,AAPL,0.4986436258353914
2013-03-11,AAPL,0.5104465152203204
2013-03-12,AAPL,0.5120946949380986
2013-03-13,AAPL,0.5203913290576162
2013-03-14,AAPL,0.5049167710009024
2013-03-15,AAPL,0.5185436860108629
2013-03-18,AAPL,0.5047239497290277
2013-03-19,AAPL,0.5358210603039811
2013-03-20,AAPL,0.5479337870988849
2013-03-21,AAPL,0.579902499850351
2013-03-22,AAPL,0.6092593561826162
2013-03-25,AAPL,0.5941625548878026
2013-03-26,AAPL,0.6120840773579168
2013-03-27,AAPL,0.5784485324037634
2013-03-28,AAPL,0.5527277445603436
2013-04-01,AAPL,0.5177848010609932
2013-04-02,AAPL,0.5490365142416748
2013-04-03,AAPL,0.5591309272285743
2013-04-04,AAPL,0.5522492924959205
2013-04-05,AAPL,0.5193303956511017
2013-04-08,AAPL,0.4978094298000457
2013-04-09,AAPL,0.5027280275332854
2013-04-10,AAPL,0.5318671695873535
2013-04-11,AAPL,0.5314667951671983
2013-04-12,AAPL,0.49018100768032263
2013-04-15,AAPL,0.4628309245199964
2013-04-16,AAPL,0.4802738714899828
2013-04-17,AAPL,0.4482780362830099
2013-04-18,AAPL,0.45380831024188123
2013-04-19,AAPL,0.4656194183572939
2013-04-22,AAPL,0.48728898968444817
2013-04-23,AAPL,0.4755748008832415
2013-04-24,AAPL,0.5013648373578352
2013-04-25,AAPL,0.5353441266576002
2013-04-26,AAPL,0.5293882972033686
2013-04-29,AAPL,0.5304335503512575
2013-04-30,AAPL,0.5169961829370232
2013-05-01,AAPL,0.5085944651351952
2013-05-02,AAPL,0.5126365910061687
2013-05-03,AAPL,0.5323958851552962
2013-05-06,AAPL,0.515868589857764
2013-05-07,AAPL,0.5810297015379509
2013-05-08,AAPL,0.6247873558714746
2013-05-09,AAPL,0.6123527338090703
2013-05-10,AAPL,0.6025311936485549
2013-05-13,AAPL,0.6023434752102185
2013-05-14,AAPL,0.5866675303565488
2013-05-15,AAPL,0.5625429727734128
2013-05-16,AAPL,0.5704918011773242
2013-05-17,AAPL,0.5602592519320834
2013-05-20,AAPL,0.547764259111376
2013-05-21,AAPL,0.5649827020638306
2013-05-22,AAPL,0.5727523784144645
2013-05-23,AAPL,0.5566763562513917
2013-05-24,AAPL,0.53205481706812
2013-05-28,AAPL,0.5238862789385181
2013-05-29,AAPL,0.5129350183994177
2013-05-30,AAPL,0.5360713040493547
2013-05-31,AAPL,0.547235496516544
2013-06-03,AAPL,0.5388294654127952
2013-06-04,AAPL,0.5842612131854626
2013-06-05,AAPL,0.6334669806787111
2013-06-06,AAPL,0.576895641587232
2013-06-07,AAPL,0.5924798109392363
2013-06-10,AAPL,0.542341176522989
2013-06-11,AAPL,0.5531041683848781
2013-06-12,AAPL,0.5376988301019616
2013-06-13,AAPL,0.5694936675873478
2013-06-14,AAPL,0.5359578911826225
2013-06-17,AAPL,0.5579118044773906
2013-06-18,AAPL,0.5430034523650027
2013-06-19,AAPL,0.4846530639576163
2013-06-20,AAPL,0.4698313323373197
2013-06-21,AAPL,0.46244249640293195
2013-06-24,AAPL,0.45231553938492597
2013-06-25,AAPL,0.45474917889036076
2013-06-26,AAPL,0.4626196545068462
2013-06-27,AAPL,0.447788115223433
2013-06-28,AAPL,0.44942388673382283
2013-07-01,AAPL,0.5008504211300393
2013-07-02,AAPL,0.5271707273681816
2013-07-03,AAPL,0.5252657178588004
2013-07-05,AAPL,0.5354822880982761
2013-07-08,AAPL,0.5148927061877941
2013-07-09,AAPL,0.501488921339049
2013-07-10,AAPL,0.5144277674683275
2013-07-11,AAPL,0.5361638094410947
2013-07-12,AAPL,0.5486468554679067
2013-07-15,AAPL,0.6040487777184914
2013-07-16,AAPL,0.6068932919269864
2013-07-17,AAPL,0.6390145381113572
2013-07-18,AAPL,0.6637429116774858
2013-07-19,AAPL,0.6315206626960675
2013-07-22,AAPL,0.607421646281782
2013-07-23,AAPL,0.5501574625123113
2013-07-24,AAPL,0.5635628061896452
2013-07-25,AAPL,0.5969050635717176
2013-07-26,AAPL,0.6243109381351681
2013-07-29,AAPL,0.618255724320177
2013-07-30,AAPL,0.6415599959262441
2013-07-31,AAPL,0.6094790331064984
2013-08-01,AAPL,0.6253920287135292
2013-08-02,AAPL,0.6244253174226891
2013-08-05,AAPL,0.6224778424135761
2013-08-06,AAPL,0.6030845639282502
2013-08-07,AAPL,0.6202067659895558
2013-08-08,AAPL,0.6338584339682448
2013-08-09,AAPL,0.6112382475716781
2013-08-12,AAPL,0.6331634457082261
2013-08-13,AAPL,0.6012884828801549
2013-08-14,AAPL,0.6217502133585329
2013-08-15,AAPL,0.6389817606725422
2013-08-16,AAPL,0.6575827973975656
2013-08-19,AAPL,0.6488476299212509
2013-08-20,AAPL,0.6286279428072968
2013-08-21,AAPL,0.6252517590190956
2013-08-22,AAPL,0.6260656489554955
2013-08-23,AAPL,0.6096511069869025
2013-08-26,AAPL,0.6292245802327453
2013-08-27,AAPL,0.6085736901080636
2013-08-28,AAPL,0.6277768977767011
2013-08-29,AAPL,0.6514013224436622
2013-08-30,AAPL,0.624228123883974
2013-09-03,AAPL,0.5663787288376424
2013-09-04,AAPL,0.5715715564792098
2013-09-05,AAPL,0.5701454986948591
2013-09-06,AAPL,0.5611500678715743
2013-09-09,AAPL,0.5733694054714491
2013-09-10,AAPL,0.5584349086441257
2013-09-11,AAPL,0.4902034781992517
2013-09-12,AAPL,0.5046275227114311
2013-09-13,AAPL,0.5007296152339408
2013-09-16,AAPL,0.46810434292814596
2013-09-17,AAPL,0.49721706971222274
2013-09-18,AAPL,0.5270771856498726
2013-09-19,AAPL,0.5245838376131567
2013-09-20,AAPL,0.5278675215229753
2013-09-23,AAPL,0.544521179691643
2013-09-24,AAPL,0.5276737303113712
2013-09-25,AAPL,0.5098195531437878
2013-09-26,AAPL,0.5014850709792319
2013-09-27,AAPL,0.4864234359085029
2013-09-30,AAPL,0.4690920564312758
2013-10-01,AAPL,0.5231334305962705
2013-10-02,AAPL,0.529716540315271
2013-10-03,AAPL,0.538217657161328
2013-10-04,AAPL,0.5756270602659458
2013-10-07,AAPL,0.5830746518453435
2013-10-08,AAPL,0.5472214326291291
2013-10-09,AAPL,0.549613456977768
2013-10-10,AAPL,0.5767533742333961
2013-10-11,AAPL,0.533739700570605
2013-10-14,AAPL,0.5523511594912218
2013-10-15,AAPL,0.599268342715624
2013-10-16,AAPL,0.591954672377819
2013-10-17,AAPL,0.6076338873252746
2013-10-18,AAPL,0.6420761865461666
2013-10-21,AAPL,0.6355446553857204
2013-10-22,AAPL,0.6212414566758174
2013-10-23,AAPL,0.6702333541658962
2013-10-24,AAPL,0.6713290930513489
2013-10-25,AAPL,0.6488533729161255
2013-10-28,AAPL,0.6759119082114293
2013-10-29,AAPL,0.6195766846540566
2013-10-30,AAPL,0.6226738491918654
2013-10-31,AAPL,0.6184001620282046
2013-11-01,AAPL,0.6154926623412116
2013-11-04,AAPL,0.6209741920599223
2013-11-05,AAPL,0.6315627697767151
2013-11-06,AAPL,0.6125331586467274
2013-11-07,AAPL,0.5886849502385278
2013-11-08,AAPL,0.5683139204343053
2013-11-11,AAPL,0.5713611594606876
2013-11-12,AAPL,0.5548921068839016
2013-11-13,AAPL,0.5434136578830122
2013-11-14,AAPL,0.5807082139218583
2013-11-15,AAPL,0.5553236742283648
2013-11-18,AAPL,0.5902755027691264
2013-11-19,AAPL,0.5616114418750222
2013-11-20,AAPL,0.554066175006563
2013-11-21,AAPL,0.5634236796981589
2013-11-22,AAPL,0.5447686874229996
2013-11-25,AAPL,0.562036387969576
2013-11-26,AAPL,0.598024067684992
2013-11-27,AAPL,0.6493009830727312
2013-11-29,AAPL,0.6455434125494215
2013-12-02,AAPL,0.6344944667328227
2013-12-03,AAPL,0.6295630034078504
2013-12-04,AAPL,0.6258890263572489
2013-12-05,AAPL,0.6085388779328916
2013-12-06,AAPL,0.6051990375643208
2013-12-09,AAPL,0.6326725148695654
2013-12-10,AAPL,0.6261989544905194
2013-12-11,AAPL,0.636309313510415
2013-12-12,AAPL,0.6359364464936627
2013-12-13,AAPL,0.6329000600379144
2013-12-16,AAPL,0.625501633637085
2013-12-17,AAPL,0.618975781660134
2013-12-18,AAPL,0.5750262380566186
2013-12-19,AAPL,0.5418249578059137
2013-12-20,AAPL,0.5656969693171865
2013-12-23,AAPL,0.5592485110466844
2013-12-24,AAPL,0.5741641226307721
2013-12-26,AAPL,0.5601004834669353
2013-12-27,AAPL,0.5792656951001709
2013-12-30,AAPL,0.5395394563140746
2013-12-31,AAPL,0.5422172775070174
2014-01-02,AAPL,0.5440908468620018
2014-01-03,AAPL,0.5231251009860419
2014-01-06,AAPL,0.5336641227904422
2014-01-07,AAPL,0.5310483456010695
2014-01-08,AAPL,0.5439376941018412
2014-01-09,AAPL,0.5473094234688157
2014-01-10,AAPL,0.5593920953264039
2014-01-13,AAPL,0.5432548028598173
2014-01-14,AAPL,0.5026608924345394
2014-01-15,AAPL,0.5267098728684978
2014-01-16,AAPL,0.5386573938920148
2014-01-17,AAPL,0.5205127947530264
2014-01-21,AAPL,0.5416224782170548
2014-01-22,AAPL,0.5191436113195123
2014-01-23,AAPL,0.5391410295148401
2014-01-24,AAPL,0.5494784142261698
2014-01-27,AAPL,0.5522884691583044
2014-01-28,AAPL,0.47578389794315945
2014-01-29,AAPL,0.4706765287690244
2014-01-30,AAPL,0.4710639954589887
2014-01-31,AAPL,0.4828516627148592
2014-02-03,AAPL,0.4706046253093105
2014-02-04,AAPL,0.49082674571413715
2014-02-05,AAPL,0.47690305803983046
2014-02-06,AAPL,0.48214753050805875
2014-02-07,AAPL,0.5037532034116436
2014-02-10,AAPL,0.4987361637344966
2014-02-11,AAPL,0.4762458088342317
2014-02-12,AAPL,0.45993981858371247
2014-02-13,AAPL,0.48499577405171446
2014-02-14,AAPL,0.47174261052912525
2014-02-18,AAPL,0.6264705654548881
2014-02-19,AAPL,0.6139193322825284
2014-02-20,AAPL,0.592125337469898
2014-02-21,AAPL,0.5609973072454016
2014-02-24,AAPL,0.5649605007341313
2014-02-25,AAPL,0.5365898077752067
2014-02-26,AAPL,0.5713498136681076
2014-02-27,AAPL,0.5904398884604133
2014-02-28,AAPL,0.5834230027827847
2014-03-03,AAPL,0.5643248041070726
2014-03-04,AAPL,0.5578025255103986
2014-03-05,AAPL,0.5650432595655708
2014-03-06,AAPL,0.5195594543332177
2014-03-07,AAPL,0.5194765983053182
2014-03-10,AAPL,0.5146519397644381
2014-03-11,AAPL,0.5538521031124408
2014-03-12,AAPL,0.5831359208660176
2014-03-13,AAPL,0.5918216740388101
2014-03-14,AAPL,0.5607250635406034
2014-03-17,AAPL,0.5895181584858722
2014-03-18,AAPL,0.6204260686220103
2014-03-19,AAPL,0.5847184471455985
2014-03-20,AAPL,0.5872611899214932
2014-03-21,AAPL,0.5980702073741149
2014-03-24,AAPL,0.602753682005306
2014-03-25,AAPL,0.6183573655543134
2014-03-26,AAPL,0.6089576596276399
2014-03-27,AAPL,0.6057746147755699
2014-03-28,AAPL,0.5977959769111476
2014-03-31,AAPL,0.576197256899796
2014-04-01,AAPL,0.5845517493291028
2014-04-02,AAPL,0.621048576624794
2014-04-03,AAPL,0.6382702856754459
2014-04-04,AAPL,0.6002424179754295
2014-04-07,AAPL,0.5564826876086312
2014-04-08,AAPL,0.5550544491944469
2014-04-09,AAPL,0.5781116198958309
2014-04-10,AAPL,0.5496702737332574
2014-04-11,AAPL,0.5207425781513018
2014-04-14,AAPL,0.5070021952831673
2014-04-15,AAPL,0.5131023528002304
2014-04-16,AAPL,0.5175404602170025
2014-04-17,AAPL,0.5425219157789395
2014-04-21,AAPL,0.5627423129010328
2014-04-22,AAPL,0.5401781458985705
2014-04-23,AAPL,0.5202137687616312
2014-04-24,AAPL,0.5390157070118345
2014-04-25,AAPL,0.5718256259857681
2014-04-28,AAPL,0.5800010162272762
2014-04-29,AAPL,0.5943326494941923
2014-04-30,AAPL,0.5900121866943301
2014-05-01,AAPL,0.5820791224738892
2014-05-02,AAPL,0.6008346163802237
2014-05-05,AAPL,0.5888737965585314
2014-05-06,AAPL,0.5960699800631241
2014-05-07,AAPL,0.5955826174048391
2014-05-08,AAPL,0.6068199418096278
2014-05-09,AAPL,0.6037617634889435
2014-05-12,AAPL,0.6146079022567427
2014-05-13,AAPL,0.6440361818750883
2014-05-14,AAPL,0.6099416609689571
2014-05-15,AAPL,0.5928862598655061
2014-05-16,AAPL,0.5539920670831212
2014-05-19,AAPL,0.5796662205399202
2014-05-20,AAPL,0.594299056712531
2014-05-21,AAPL,0.6025923174817726
2014-05-22,AAPL,0.6321523902503949
2014-05-23,AAPL,0.6165740680187131
2014-05-27,AAPL,0.6630524416992138
2014-05-28,AAPL,0.6709348788269032
2014-05-29,AAPL,0.6917299958382215
2014-05-30,AAPL,0.689905804708988
2014-06-02,AAPL,0.6705191153232947
2014-06-03,AAPL,0.6690558784573871
2014-06-04,AAPL,0.6757947328868729
2014-06-05,AAPL,0.6942804985993938
2014-06-06,AAPL,0.6890458365985147
2014-06-09,AAPL,0.693880293623667
2014-06-10,AAPL,0.6975809064692214
2014-06-11,AAPL,0.6872536398167803
2014-06-12,AAPL,0.6569771488044251
2014-06-13,AAPL,0.6341122060734466
2014-06-16,AAPL,0.6155490783864255
2014-06-17,AAPL,0.6219562261752785
2014-06-18,AAPL,0.6060824701812031
2014-06-19,AAPL,0.6171739072533718
2014-06-20,AAPL,0.6118814596727624
2014-06-23,AAPL,0.5913239936069139
2014-06-24,AAPL,0.5606416725342851
2014-06-25,AAPL,0.5499982382624347
2014-06-26,AAPL,0.5645255873210682
2014-06-27,AAPL,0.5450711614767857
2014-06-30,AAPL,0.5572172193120466
2014-07-01,AAPL,0.5811343154658852
2014-07-02,AAPL,0.6211320972081722
2014-07-03,AAPL,0.6582490300920906
2014-07-07,AAPL,0.6483692365089457
2014-07-08,AAPL,0.6307236794125215
2014-07-09,AAPL,0.6284754557123132
2014-07-10,AAPL,0.629167651121202
2014-07-11,AAPL,0.6674120392288946
2014-07-14,AAPL,0.6712154031592481
2014-07-15,AAPL,0.6629531714507716
2014-07-16,AAPL,0.6489422265308864
2014-07-17,AAPL,0.6070844156077718
2014-07-18,AAPL,0.6028622842870882
2014-07-21,AAPL,0.5867815295032451
2014-07-22,AAPL,0.587172578144971
2014-07-23,AAPL,0.6028739800250839
2014-07-24,AAPL,0.6134801306304581
2014-07-25,AAPL,0.5908550721198361
2014-07-28,AAPL,0.6186129149849844
2014-07-29,AAPL,0.6064328818410565
2014-07-30,AAPL,0.5994737614093016
2014-07-31,AAPL,0.5571511377661588
2014-08-01,AAPL,0.5446864067286106
2014-08-04,AAPL,0.5507384389199675
2014-08-05,AAPL,0.5567079230883301
2014-08-06,AAPL,0.5916687717346747
2014-08-07,AAPL,0.5746255222267316
2014-08-08,AAPL,0.5848838583658019
2014-08-11,AAPL,0.5902995782161519
2014-08-12,AAPL,0.5489091870119067
2014-08-13,AAPL,0.5725973392448551
2014-08-14,AAPL,0.5684608940751783
2014-08-15,AAPL,0.5458793727859224
2014-08-18,AAPL,0.5735681834987749
2014-08-19,AAPL,0.5911072912072336
2014-08-20,AAPL,0.6628719511800152
2014-08-21,AAPL,0.6603512012097774
2014-08-22,AAPL,0.6802114645811586
2014-08-25,AAPL,0.698708142168274
2014-08-26,AAPL,0.6803049231846181
2014-08-27,AAPL,0.6969856761194122
2014-08-28,AAPL,0.7085645950154684
2014-08-29,AAPL,0.7079480193118566
2014-09-02,AAPL,0.71261350283197
2014-09-03,AAPL,0.5856675771544261
2014-09-04,AAPL,0.5686511468733702
2014-09-05,AAPL,0.5744848343600629
2014-09-08,AAPL,0.5532845209683795
2014-09-09,AAPL,0.5013546083779605
2014-09-10,AAPL,0.5599674548046865
2014-09-11,AAPL,0.5782709855931573
2014-09-12,AAPL,0.5689181063887243
2014-09-15,AAPL,0.5699592680570833
2014-09-16,AAPL,0.5738475766504786
2014-09-17,AAPL,0.5385823788481029
2014-09-18,AAPL,0.5383596291357509
2014-09-19,AAPL,0.5245417819741617
2014-09-22,AAPL,0.5112466456683454
2014-09-23,AAPL,0.6049556309336159
2014-09-24,AAPL,0.6145721832355501
2014-09-25,AAPL,0.5356522995452593
2014-09-26,AAPL,0.5627744278942717
2014-09-29,AAPL,0.565909454086294
2014-09-30,AAPL,0.5222129909838431
2014-10-01,AAPL,0.5231841221518295
2014-10-02,AAPL,0.5441114995087222
2014-10-03,AAPL,0.5290856062216256
2014-10-06,AAPL,0.5433200383935819
2014-10-07,AAPL,0.5273093864558245
2014-10-08,AAPL,0.5438822377849302
2014-10-09,AAPL,0.5410246119835675
2014-10-10,AAPL,0.5470162004570435
2014-10-13,AAPL,0.5185911033300374
2014-10-14,AAPL,0.5244778838804843
2014-10-15,AAPL,0.5418787699337818
2014-10-16,AAPL,0.4778460869206171
2014-10-17,AAPL,0.5041970412146873
2014-10-20,AAPL,0.5176878674744333
2014-10-21,AAPL,0.558025860164453
2014-10-22,AAPL,0.5712970886389264
2014-10-23,AAPL,0.604753247180654
2014-10-24,AAPL,0.6070300294822699
2014-10-27,AAPL,0.6128017278616689
2014-10-28,AAPL,0.5867393825965503
2014-10-29,AAPL,0.5902288329232199
2014-10-30,AAPL,0.5837949318254789
2014-10-31,AAPL,0.6069985534695123
2014-11-03,AAPL,0.6358449782485945
2014-11-04,AAPL,0.655898753191907
2014-11-05,AAPL,0.683119208676846
2014-11-06,AAPL,0.6861542105381737
2014-11-07,AAPL,0.6810709016884149
2014-11-10,AAPL,0.6665209910334384
2014-11-11,AAPL,0.6782174652258126
2014-11-12,AAPL,0.6770277455839333
2014-11-13,AAPL,0.6866593311415119
2014-11-14,AAPL,0.6979257159611317
2014-11-17,AAPL,0.694648289504688
2014-11-18,AAPL,0.6940200783743206
2014-11-19,AAPL,0.6845545875818685
2014-11-20,AAPL,0.6770944113398384
2014-11-21,AAPL,0.6688950602861158
2014-11-24,AAPL,0.6940384853919734
2014-11-25,AAPL,0.6702975522157351
2014-11-26,AAPL,0.6855122576231496
2014-11-28,AAPL,0.688585664512239
2014-12-01,AAPL,0.6242425559805634
2014-12-02,AAPL,0.606816837442448
2014-12-03,AAPL,0.6114886896239528
2014-12-04,AAPL,0.589687304328484
2014-12-05,AAPL,0.5765031165567371
2014-12-08,AAPL,0.5667590185202951
2014-12-09,AAPL,0.565421407858026
2014-12-10,AAPL,0.5550586020127877
2014-12-11,AAPL,0.5353335286203709
2014-12-12,AAPL,0.5228589380882415
2014-12-15,AAPL,0.48330216041691715
2014-12-16,AAPL,0.4754822401668123
2014-12-17,AAPL,0.4844756687964247
2014-12-18,AAPL,0.504275873261381
2014-12-19,AAPL,0.5343218434165384
2014-12-22,AAPL,0.5473750035525761
2014-12-23,AAPL,0.5438396770382186
2014-12-24,AAPL,0.5288000573374201
2014-12-26,AAPL,0.5210339142516668
2014-12-29,AAPL,0.5443441943935998
2014-12-30,AAPL,0.5184692255681583
2014-12-31,AAPL,0.5196853799305258
2015-01-02,AAPL,0.5195689006272509
2015-01-05,AAPL,0.515757230597608
2015-01-06,AAPL,0.5210862793046203
2015-01-07,AAPL,0.5546457958964934
2015-01-08,AAPL,0.5431025962465574
2015-01-09,AAPL,0.5262795938530086
2015-01-12,AAPL,0.5342483966763804
2015-01-13,AAPL,0.524605757460357
2015-01-14,AAPL,0.5222859692305539
2015-01-15,AAPL,0.49229345838484123
2015-01-16,AAPL,0.46110837075287514
2015-01-20,AAPL,0.4773295234158843
2015-01-21,AAPL,0.4878748322469193
2015-01-22,AAPL,0.5150084867029424
2015-01-23,AAPL,0.5537794404039172
2015-01-26,AAPL,0.5900634243533411
2015-01-27,AAPL,0.5378377837696338
2015-01-28,AAPL,0.5101834916891719
2015-01-29,AAPL,0.4947347484769942
2015-01-30,AAPL,0.4865687857960702
2015-02-02,AAPL,0.5111936122721743
2015-02-03,AAPL,0.5470920313044465
2015-02-04,AAPL,0.5333473664041215
2015-02-05,AAPL,0.5655265340938262
2015-02-06,AAPL,0.5786959384900939
2015-02-09,AAPL,0.5670055181411775
2015-02-10,AAPL,0.5600955514708406
2015-02-11,AAPL,0.5674472519857217
2015-02-12,AAPL,0.5821851222904606
2015-02-13,AAPL,0.599452255204911
2015-02-17,AAPL,0.6530235326114947
2015-02-18,AAPL,0.6432363112082373
2015-02-19,AAPL,0.6291909285362044
2015-02-20,AAPL,0.6609808242609846
2015-02-23,AAPL,0.6499180801973169
2015-02-24,AAPL,0.6454250335961692
2015-02-25,AAPL,0.6201242752573373
2015-02-26,AAPL,0.6323147155902803
2015-02-27,AAPL,0.6335335259998971
2015-03-02,AAPL,0.628645509863278
2015-03-03,AAPL,0.6254929900707693
2015-03-04,AAPL,0.6158681603821691
2015-03-05,AAPL,0.5764426560878516
2015-03-06,AAPL,0.5768094585956149
2015-03-09,AAPL,0.5797006255261089
2015-03-10,AAPL,0.5534223359428774
2015-03-11,AAPL,0.5375611864004122
2015-03-12,AAPL,0.5493992632838204
2015-03-13,AAPL,0.503164853223255
2015-03-16,AAPL,0.5179571923052055
2015-03-17,AAPL,0.5626907930623755
2015-03-18,AAPL,0.5598833719919937
2015-03-19,AAPL,0.5616427108559328
2015-03-20,AAPL,0.5430252324258649
2015-03-23,AAPL,0.5467996345626418
2015-03-24,AAPL,0.5374477807294992
2015-03-25,AAPL,0.5274722999326389
2015-03-26,AAPL,0.5339909083101859
2015-03-27,AAPL,0.5317851773912111
2015-03-30,AAPL,0.5565838050657774
2015-03-31,AAPL,0.5728073916680437
2015-04-01,AAPL,0.5660795635129152
2015-04-02,AAPL,0.5768993157821338
2015-04-06,AAPL,0.571169950161982
2015-04-07,AAPL,0.53988393530401
2015-04-08,AAPL,0.5327700000455667
2015-04-09,AAPL,0.5443431662838325
2015-04-10,AAPL,0.561776502147596
2015-04-13,AAPL,0.5413170566414303
2015-04-14,AAPL,0.5560439006009467
2015-04-15,AAPL,0.595796406369088
2015-04-16,AAPL,0.5770846248882832
2015-04-17,AAPL,0.5722983550692232
2015-04-20,AAPL,0.5621950647488081
2015-04-21,AAPL,0.5854930534434573
2015-04-22,AAPL,0.5934884126482588
2015-04-23,AAPL,0.6028025233308265
2015-04-24,AAPL,0.5965544142043343
2015-04-27,AAPL,0.6151777925036912
2015-04-28,AAPL,0.5951878266616604
2015-04-29,AAPL,0.5750394665451886
2015-04-30,AAPL,0.5339352844459823
2015-05-01,AAPL,0.5421042683216404
2015-05-04,AAPL,0.5494900821719377
2015-05-05,AAPL,0.5375680040694922
2015-05-06,AAPL,0.5429804152407441
2015-05-07,AAPL,0.5693335193875818
2015-05-08,AAPL,0.5440096134675813
2015-05-11,AAPL,0.553330433855746
2015-05-12,AAPL,0.5417845788211578
2015-05-13,AAPL,0.532906110274387
2015-05-14,AAPL,0.5291308550935965
2015-05-15,AAPL,0.517621262895141
2015-05-18,AAPL,0.5440400786873884
2015-05-19,AAPL,0.5593589983105285
2015-05-20,AAPL,0.5980721407289205
2015-05-21,AAPL,0.5634437327974495
2015-05-22,AAPL,0.5804179146765168
2015-05-26,AAPL,0.5765874614733694
2015-05-27,AAPL,0.5980041340978844
2015-05-28,AAPL,0.602002267999516
2015-05-29,AAPL,0.5775894151737115
2015-06-01,AAPL,0.5978761549044149
2015-06-02,AAPL,0.6104155733250569
2015-06-03,AAPL,0.6104585886314554
2015-06-04,AAPL,0.5735895497080563
2015-06-05,AAPL,0.5765658896029859
2015-06-08,AAPL,0.5470739276673933
2015-06-09,AAPL,0.5411090251532241
2015-06-10,AAPL,0.5649416029094041
2015-06-11,AAPL,0.5476562614805857
2015-06-12,AAPL,0.5191983764468301
2015-06-15,AAPL,0.5482060705589866
2015-06-16,AAPL,0.5061347918863741
2015-06-17,AAPL,0.5018642114085288
2015-06-18,AAPL,0.5320761593539525
2015-06-19,AAPL,0.5113256068718268
2015-06-22,AAPL,0.5379177162987053
2015-06-23,AAPL,0.5332353539154759
2015-06-24,AAPL,0.5608661545180651
2015-06-25,AAPL,0.5654656543964137
2015-06-26,AAPL,0.5693121815408767
2015-06-29,AAPL,0.5437362553091337
2015-06-30,AAPL,0.5306708341176628
2015-07-01,AAPL,0.5469506343798534
2015-07-02,AAPL,0.5689718496225513
2015-07-06,AAPL,0.5669191974983904
2015-07-07,AAPL,0.5578036369235403
2015-07-08,AAPL,0.5250801845722645
2015-07-09,AAPL,0.4942167830737234
2015-07-10,AAPL,0.5266674709503308
2015-07-13,AAPL,0.5357647210120607
2015-07-14,AAPL,0.5391593097863715
2015-07-15,AAPL,0.547498435077022
2015-07-16,AAPL,0.5738063769041816
2015-07-17,AAPL,0.5738806023255448
2015-07-20,AAPL,0.5953364245344412
2015-07-21,AAPL,0.5783767668716808
2015-07-22,AAPL,0.5123556281702915
2015-07-23,AAPL,0.5043525470372936
2015-07-24,AAPL,0.5110584597375589
2015-07-27,AAPL,0.5055411088300754
2015-07-28,AAPL,0.5364910150468117
2015-07-29,AAPL,0.5760152118226883
2015-07-30,AAPL,0.5510012599864886
2015-07-31,AAPL,0.5225173248784843
2015-08-03,AAPL,0.5150724111292425
2015-08-04,AAPL,0.4756424138260596
2015-08-05,AAPL,0.4515609670754379
2015-08-06,AAPL,0.4474336834222556
2015-08-07,AAPL,0.4199487599677531
2015-08-10,AAPL,0.45947429161582254
2015-08-11,AAPL,0.4805642449130955
2015-08-12,AAPL,0.47708539853783255
2015-08-13,AAPL,0.48318673861726985
2015-08-14,AAPL,0.4887282463158103
2015-08-17,AAPL,0.46371642808250463
2015-08-18,AAPL,0.47435801164515184
2015-08-19,AAPL,0.4760404831473391
2015-08-20,AAPL,0.46955215856504756
2015-08-21,AAPL,0.4524918667908578
2015-08-24,AAPL,0.451789904266089
2015-08-25,AAPL,0.43176108582591494
2015-08-26,AAPL,0.4396460429756348
2015-08-27,AAPL,0.4494829272259743
2015-08-28,AAPL,0.4606349840459443
2015-08-31,AAPL,0.5108025185307138
2015-09-01,AAPL,0.48361188588621656
2015-09-02,AAPL,0.45536927691965284
2015-09-03,AAPL,0.43610170689822475
2015-09-04,AAPL,0.4064376902707718
2015-09-08,AAPL,0.39938846144820633
2015-09-09,AAPL,0.4354938163746352
2015-09-10,AAPL,0.4444067216542367
2015-09-11,AAPL,0.5034253374468287
2015-09-14,AAPL,0.5351238079478192
2015-09-15,AAPL,0.5244878864088659
2015-09-16,AAPL,0.49940167598721663
2015-09-17,AAPL,0.476593423131374
2015-09-18,AAPL,0.4623969129422293
2015-09-21,AAPL,0.48824803907697106
2015-09-22,AAPL,0.5383876993384734
2015-09-23,AAPL,0.5100119434501498
2015-09-24,AAPL,0.5535813979545297
2015-09-25,AAPL,0.5707770688506213
2015-09-28,AAPL,0.5283281634426222
2015-09-29,AAPL,0.5313560494675331
2015-09-30,AAPL,0.5248570920044284
2015-10-01,AAPL,0.5005136492620849
2015-10-02,AAPL,0.49653768427020606
2015-10-05,AAPL,0.5039342768658089
2015-10-06,AAPL,0.5169643386534278
2015-10-07,AAPL,0.538819060490601
2015-10-08,AAPL,0.5387004396759836
2015-10-09,AAPL,0.5306871639369797
2015-10-12,AAPL,0.5420866668627683
2015-10-13,AAPL,0.5178044268675769
2015-10-14,AAPL,0.5025728531888686
2015-10-15,AAPL,0.524384804710303
2015-10-16,AAPL,0.535223024617234
2015-10-19,AAPL,0.587805719823435
2015-10-20,AAPL,0.5867238277541011
2015-10-21,AAPL,0.6051705517056457
2015-10-22,AAPL,0.5956045661299001
2015-10-23,AAPL,0.6061137917070878
2015-10-26,AAPL,0.5688781660442989
2015-10-27,AAPL,0.5704240044651159
2015-10-28,AAPL,0.5758121026005678
2015-10-29,AAPL,0.5769958733136874
2015-10-30,AAPL,0.5639649189413691
2015-11-02,AAPL,0.582954968147424
2015-11-03,AAPL,0.6088071313496447
2015-11-04,AAPL,0.587247547307221
2015-11-05,AAPL,0.5945313696967881
2015-11-06,AAPL,0.6067214891420728
2015-11-09,AAPL,0.582601788701885
2015-11-10,AAPL,0.5473440690732632
2015-11-11,AAPL,0.5504115410832651
2015-11-12,AAPL,0.5292133899728356
2015-11-13,AAPL,0.5377357195612351
2015-11-16,AAPL,0.5547397947964303
2015-11-17,AAPL,0.5240501082040315
2015-11-18,AAPL,0.530734179938668
2015-11-19,AAPL,0.5486711958750307
2015-11-20,AAPL,0.5521787373918887
2015-11-23,AAPL,0.532679170292754
2015-11-24,AAPL,0.5356387260509748
2015-11-25,AAPL,0.534881258471836
2015-11-27,AAPL,0.5258857121932724
2015-11-30,AAPL,0.5168143148638311
2015-12-01,AAPL,0.5579860738056686
2015-12-02,AAPL,0.5498011916693488
2015-12-03,AAPL,0.5540578081582666
2015-12-04,AAPL,0.5995381885654684
2015-12-07,AAPL,0.5876079409135375
2015-12-08,AAPL,0.5907767997523119
2015-12-09,AAPL,0.5465770212847796
2015-12-10,AAPL,0.5362147311141564
2015-12-11,AAPL,0.49525230014330146
2015-12-14,AAPL,0.5089229871515605
2015-12-15,AAPL,0.48464471469837483
2015-12-16,AAPL,0.5001243591062592
2015-12-17,AAPL,0.49318339917917375
2015-12-18,AAPL,0.48688088432783894
2015-12-21,AAPL,0.5012871761631439
2015-12-22,AAPL,0.5150239764189739
2015-12-23,AAPL,0.5164015671864942
2015-12-24,AAPL,0.48121938986381424
2015-12-28,AAPL,0.48153495729877666
2015-12-29,AAPL,0.4838546345559123
2015-12-30,AAPL,0.49142433514021827
2015-12-31,AAPL,0.47224288935414305
2016-01-04,AAPL,0.4694869831110091
2016-01-05,AAPL,0.46869647092385164
2016-01-06,AAPL,0.46509898593770904
2016-01-07,AAPL,0.44643089318139273
2016-01-08,AAPL,0.46047870200620483
2016-01-11,AAPL,0.4791474889129083
2016-01-12,AAPL,0.47937595104058617
2016-01-13,AAPL,0.48429140160436834
2016-01-14,AAPL,0.4859343894644338
2016-01-15,AAPL,0.47550018170197395
2016-01-19,AAPL,0.4742414090247365
2016-01-20,AAPL,0.4414074224229846
2016-01-21,AAPL,0.45047131941209645
2016-01-22,AAPL,0.4439366334750484
2016-01-25,AAPL,0.45722845197484296
2016-01-26,AAPL,0.4740938113618417
2016-01-27,AAPL,0.4610266900469762
2016-01-28,AAPL,0.4749127667287319
2016-01-29,AAPL,0.45772025120583876
2016-02-01,AAPL,0.4522463679302307
2016-02-02,AAPL,0.4339710077599337
2016-02-03,AAPL,0.4735382131277734
2016-02-04,AAPL,0.4605397917545757
2016-02-05,AAPL,0.48258819466518754
2016-02-08,AAPL,0.4812803757785744
2016-02-09,AAPL,0.49244267712164136
2016-02-10,AAPL,0.4656282668613801
2016-02-11,AAPL,0.427732368160853
2016-02-12,AAPL,0.46043580278514
2016-02-16,AAPL,0.461539092996978
2016-02-17,AAPL,0.5244516989407366
2016-02-18,AAPL,0.5184994370623786
2016-02-19,AAPL,0.48996663608532043
2016-02-22,AAPL,0.5019502965077265
2016-02-23,AAPL,0.5044128468650434
2016-02-24,AAPL,0.4819148863864456
2016-02-25,AAPL,0.5188879043258395
2016-02-26,AAPL,0.5537890498549646
2016-02-29,AAPL,0.5433898790786745
2016-03-01,AAPL,0.5686071855426102
2016-03-02,AAPL,0.5929473110626339
2016-03-03,AAPL,0.5957523330295272
2016-03-04,AAPL,0.5948767054659677
2016-03-07,AAPL,0.585822843118776
2016-03-08,AAPL,0.5456088237967271
2016-03-09,AAPL,0.580021237581767
2016-03-10,AAPL,0.5864427471427932
2016-03-11,AAPL,0.5840778249794515
2016-03-14,AAPL,0.6343551321542974
2016-03-15,AAPL,0.6444613569306471
2016-03-16,AAPL,0.6463828084267867
2016-03-17,AAPL,0.6552266045975378
2016-03-18,AAPL,0.662276591601307
2016-03-21,AAPL,0.641764930607671
2016-03-22,AAPL,0.6446412946077918
2016-03-23,AAPL,0.6262894940616314
2016-03-24,AAPL,0.6031029836678483
2016-03-28,AAPL,0.6272866929014397
2016-03-29,AAPL,0.6593759402765171
2016-03-30,AAPL,0.6709805909606077
2016-03-31,AAPL,0.6725637286237643
2016-04-01,AAPL,0.6701094165521259
2016-04-04,AAPL,0.6718808113187047
2016-04-05,AAPL,0.6378401597931408
2016-04-06,AAPL,0.6311401827142147
2016-04-07,AAPL,0.6001484592014401
2016-04-08,AAPL,0.5955616069686327
2016-04-11,AAPL,0.5927916138110907
2016-04-12,AAPL,0.6057917295083916
2016-04-13,AAPL,0.6223441123630665
2016-04-14,AAPL,0.6385999021906549
2016-04-15,AAPL,0.619037232111125
2016-04-18,AAPL,0.5752469325084182
2016-04-19,AAPL,0.5455290433438814
2016-04-20,AAPL,0.5491896868758079
2016-04-21,AAPL,0.5230860717197795
2016-04-22,AAPL,0.5114071353719291
2016-04-25,AAPL,0.528450735711618
2016-04-26,AAPL,0.5079684948319699
2016-04-27,AAPL,0.47981747547119385
2016-04-28,AAPL,0.47445715253992016
2016-04-29,AAPL,0.4611493074468587
2016-05-02,AAPL,0.43411287624131717
2016-05-03,AAPL,0.41975295937743057
2016-05-04,AAPL,0.4430102326788351
2016-05-05,AAPL,0.4540851703284573
2016-05-06,AAPL,0.4563165566995113
2016-05-09,AAPL,0.45285474552297955
2016-05-10,AAPL,0.4443336511555392
2016-05-11,AAPL,0.4313674117685637
2016-05-12,AAPL,0.41717785234649457
2016-05-13,AAPL,0.4145031689628476
2016-05-16,AAPL,0.42949989240025327
2016-05-17,AAPL,0.47322137422380883
2016-05-18,AAPL,0.5074287208140159
2016-05-19,AAPL,0.5240555904797551
2016-05-20,AAPL,0.5245074688418686
2016-05-23,AAPL,0.49751639770783695
2016-05-24,AAPL,0.5216305217144696
2016-05-25,AAPL,0.5587399195922625
2016-05-26,AAPL,0.5726402351086525
2016-05-27,AAPL,0.5767889986280325
2016-05-31,AAPL,0.5766688961354836
2016-06-01,AAPL,0.5697720724519127
2016-06-02,AAPL,0.5949059655554851
2016-06-03,AAPL,0.5952707415779364
2016-06-06,AAPL,0.5812107479936424
2016-06-07,AAPL,0.6002459162564048
2016-06-08,AAPL,0.6024697503740237
2016-06-09,AAPL,0.625282435373949
2016-06-10,AAPL,0.6140625705293812
2016-06-13,AAPL,0.5739067821196451
2016-06-14,AAPL,0.5571778333867881
2016-06-15,AAPL,0.5141298009943376
2016-06-16,AAPL,0.4978427016323109
2016-06-17,AAPL,0.47946341466009357
2016-06-20,AAPL,0.4931949123833443
2016-06-21,AAPL,0.5264224018601682
2016-06-22,AAPL,0.5376975098637797
2016-06-23,AAPL,0.5446374141052852
2016-06-24,AAPL,0.5023302836341219
2016-06-27,AAPL,0.48465371464717255
2016-06-28,AAPL,0.5004088110299265
2016-06-29,AAPL,0.5019447600024134
2016-06-30,AAPL,0.5223575296482653
2016-07-01,AAPL,0.5475375736698941
2016-07-05,AAPL,0.5436011563190537
2016-07-06,AAPL,0.5459934451618028
2016-07-07,AAPL,0.5407399450124759
2016-07-08,AAPL,0.5716689144228996
2016-07-11,AAPL,0.5690505883213899
2016-07-12,AAPL,0.5642783541610334
2016-07-13,AAPL,0.5668866584633955
2016-07-14,AAPL,0.5690927803721186
2016-07-15,AAPL,0.6236752735520745
2016-07-18,AAPL,0.6629806036808142
2016-07-19,AAPL,0.6563847898546205
2016-07-20,AAPL,0.6557842042292378
2016-07-21,AAPL,0.6262530516046658
2016-07-22,AAPL,0.6059786495425589
2016-07-25,AAPL,0.6041957269863643
2016-07-26,AAPL,0.5851114567746555
2016-07-27,AAPL,0.5803494444464847
2016-07-28,AAPL,0.6040047539507462
2016-07-29,AAPL,0.6088462144234091
2016-08-01,AAPL,0.6168997002883686
2016-08-02,AAPL,0.6164694020912134
2016-08-03,AAPL,0.5862683530324019
2016-08-04,AAPL,0.5846469100850887
2016-08-05,AAPL,0.5792268161620476
2016-08-08,AAPL,0.575887498964997
2016-08-09,AAPL,0.5833866853152233
2016-08-10,AAPL,0.6044253609069292
2016-08-11,AAPL,0.6184675610643829
2016-08-12,AAPL,0.6360491442879719
2016-08-15,AAPL,0.6483829951205886
2016-08-16,AAPL,0.6204473568543571
2016-08-17,AAPL,0.6177023340680213
2016-08-18,AAPL,0.6223748175020322
2016-08-19,AAPL,0.613829170431276
2016-08-22,AAPL,0.6402563998402437
2016-08-23,AAPL,0.6341426163903217
2016-08-24,AAPL,0.6320631796833877
2016-08-25,AAPL,0.5911691349608472
2016-08-26,AAPL,0.5533023753860975
2016-08-29,AAPL,0.5442439059699586
2016-08-30,AAPL,0.5488111650094336
2016-08-31,AAPL,0.5541898851139594
2016-09-01,AAPL,0.5649003405367431
2016-09-02,AAPL,0.5550545229251658
2016-09-06,AAPL,0.5549908708672103
2016-09-07,AAPL,0.5746016039698871
2016-09-08,AAPL,0.5293134528348546
2016-09-09,AAPL,0.4986498722457512
2016-09-12,AAPL,0.5264672186231413
2016-09-13,AAPL,0.5393884214240453
2016-09-14,AAPL,0.5501129018873864
2016-09-15,AAPL,0.5763089366434825
2016-09-16,AAPL,0.5961532830095323
2016-09-19,AAPL,0.5858222391700739
2016-09-20,AAPL,0.5870422367465754
2016-09-21,AAPL,0.5755672951174001
2016-09-22,AAPL,0.5551897263465803
2016-09-23,AAPL,0.5308859911383128
2016-09-26,AAPL,0.5459120310090269
2016-09-27,AAPL,0.5529262527531703
2016-09-28,AAPL,0.5970896018150468
2016-09-29,AAPL,0.6171601770537724
2016-09-30,AAPL,0.610655755629187
2016-10-03,AAPL,0.5898614328643399
2016-10-04,AAPL,0.5573487506585831
2016-10-05,AAPL,0.4973381367542234
2016-10-06,AAPL,0.5378193776237978
2016-10-07,AAPL,0.5673628960792308
2016-10-10,AAPL,0.5917124699206077
2016-10-11,AAPL,0.5938983558928976
2016-10-12,AAPL,0.600900727307742
2016-10-13,AAPL,0.6358172147415545
2016-10-14,AAPL,0.6398695543709491
2016-10-17,AAPL,0.6346506373605676
2016-10-18,AAPL,0.625706951376863
2016-10-19,AAPL,0.6651067419783386
2016-10-20,AAPL,0.6586095570689686
2016-10-21,AAPL,0.6667162195778914
2016-10-24,AAPL,0.6729425606735367
2016-10-25,AAPL,0.6735910593657158
2016-10-26,AAPL,0.6003133912495537
2016-10-27,AAPL,0.5870532438564686
2016-10-28,AAPL,0.5423007632127084
2016-10-31,AAPL,0.5338850756941907
2016-11-01,AAPL,0.48534435078936244
2016-11-02,AAPL,0.4975668707131215
2016-11-03,AAPL,0.4761270990820092
2016-11-04,AAPL,0.47211226206192664
2016-11-07,AAPL,0.5000413866489964
2016-11-08,AAPL,0.5209286882020547
2016-11-09,AAPL,0.5060463287235184
2016-11-10,AAPL,0.4957537908812884
2016-11-11,AAPL,0.4846721738145049
2016-11-14,AAPL,0.4596587639384461
2016-11-15,AAPL,0.47438430773476425
2016-11-16,AAPL,0.49633504052016075
2016-11-17,AAPL,0.5125174561973804
2016-11-18,AAPL,0.5071451636781449
2016-11-21,AAPL,0.5464458732597548
2016-11-22,AAPL,0.5423738054808982
2016-11-23,AAPL,0.549502104486457
2016-11-25,AAPL,0.557686950114234
2016-11-28,AAPL,0.5404474262525816
2016-11-29,AAPL,0.5173876875281572
2016-11-30,AAPL,0.5184427335157438
2016-12-01,AAPL,0.5588904556594833
2016-12-02,AAPL,0.556730349670291
2016-12-05,AAPL,0.5960607949541602
2016-12-06,AAPL,0.5920029991651646
2016-12-07,AAPL,0.5646581312965061
2016-12-08,AAPL,0.5813782885183558
2016-12-09,AAPL,0.6027479936066037
2016-12-12,AAPL,0.5785960359847419
2016-12-13,AAPL,0.5960806511347823
2016-12-14,AAPL,0.606387828913793
2016-12-15,AAPL,0.6009957217656422
2016-12-16,AAPL,0.6048441329601224
2016-12-19,AAPL,0.6148622664506438
2016-12-20,AAPL,0.6364498763066583
2016-12-21,AAPL,0.6659952477258685
2016-12-22,AAPL,0.6504167362656951
2016-12-23,AAPL,0.6771585812746649
2016-12-27,AAPL,0.6720404364246277
2016-12-28,AAPL,0.6605054518456114
2016-12-29,AAPL,0.6560449681349977
2016-12-30,AAPL,0.6160546986007751
2017-01-03,AAPL,0.6333990755209132
2017-01-04,AAPL,0.6042400272965908
2017-01-05,AAPL,0.6180293854015888
2017-01-06,AAPL,0.6253657165105665
2017-01-09,AAPL,0.6370242591497162
2017-01-10,AAPL,0.6354895442324998
2017-01-11,AAPL,0.6419082203229314
2017-01-12,AAPL,0.6298043052543469
2017-01-13,AAPL,0.6405322825178477
2017-01-17,AAPL,0.6378629230299706
2017-01-18,AAPL,0.6334598803475869
2017-01-19,AAPL,0.63991602279278
2017-01-20,AAPL,0.6441444960239806
2017-01-23,AAPL,0.6795900279724737
2017-01-24,AAPL,0.6753135380833954
2017-01-25,AAPL,0.681443366497965
2017-01-26,AAPL,0.6843175910063565
2017-01-27,AAPL,0.6772170625972389
2017-01-30,AAPL,0.6532437755332015
2017-01-31,AAPL,0.6435712043969184
2017-02-01,AAPL,0.6235271925932132
2017-02-02,AAPL,0.6512347636629898
2017-02-03,AAPL,0.6589708599240185
2017-02-06,AAPL,0.6593767635489893
2017-02-07,AAPL,0.6598652829613033
2017-02-08,AAPL,0.6527595237272203
2017-02-09,AAPL,0.6539328503272167
2017-02-10,AAPL,0.6519840137668389
2017-02-13,AAPL,0.6499757719711602
2017-02-14,AAPL,0.6422694979700609
2017-02-15,AAPL,0.6621408952958487
2017-02-16,AAPL,0.6633135078868728
2017-02-17,AAPL,0.6722404726109786
2017-02-21,AAPL,0.6774825675986095
2017-02-22,AAPL,0.673657736453901
2017-02-23,AAPL,0.6678412582582668
2017-02-24,AAPL,0.6689449212960226
2017-02-27,AAPL,0.6664685877105165
2017-02-28,AAPL,0.6641504627758457
2017-03-01,AAPL,0.6685700646344288
2017-03-02,AAPL,0.6790773740175805
2017-03-03,AAPL,0.6880661411112968
2017-03-06,AAPL,0.6757641702164328
2017-03-07,AAPL,0.6689364786016845
2017-03-08,AAPL,0.6478005075997472
2017-03-09,AAPL,0.6442072298550124
2017-03-10,AAPL,0.6427460139547285
2017-03-13,AAPL,0.6360338948275883
2017-03-14,AAPL,0.6266505029024343
2017-03-15,AAPL,0.6576111310178294
2017-03-16,AAPL,0.659537287933128
2017-03-17,AAPL,0.6383056382593305
2017-03-20,AAPL,0.6492564565720703
2017-03-21,AAPL,0.5888035912491542
2017-03-22,AAPL,0.6149397241884339
2017-03-23,AAPL,0.5993695700067287
2017-03-24,AAPL,0.6043271100974736
2017-03-27,AAPL,0.5998671422185193
2017-03-28,AAPL,0.6272222054033624
2017-03-29,AAPL,0.6394690797532573
2017-03-30,AAPL,0.6380406201007865
2017-03-31,AAPL,0.6325929406834039
2017-04-03,AAPL,0.6386408051758967
2017-04-04,AAPL,0.6221336829438089
2017-04-05,AAPL,0.6115258703475117
2017-04-06,AAPL,0.6181959415634919
2017-04-07,AAPL,0.5997402304678842
2017-04-10,AAPL,0.6276639608720962
2017-04-11,AAPL,0.5799671585874299
2017-04-12,AAPL,0.5944188070756279
2017-04-13,AAPL,0.5882673270289247
2017-04-17,AAPL,0.5943552045340654
2017-04-18,AAPL,0.5306794194292255
2017-04-19,AAPL,0.5232120753576394
2017-04-20,AAPL,0.5573271776636892
2017-04-21,AAPL,0.5637820191994986
2017-04-24,AAPL,0.5787609979615894
2017-04-25,AAPL,0.5759185694832468
2017-04-26,AAPL,0.5789555989477437
2017-04-27,AAPL,0.5816199397366634
2017-04-28,AAPL,0.5814750823856194
2017-05-01,AAPL,0.5981643156304911
2017-05-02,AAPL,0.6247364173140596
2017-05-03,AAPL,0.6188027670633973
2017-05-04,AAPL,0.6325907486204523
2017-05-05,AAPL,0.6325639093785214
2017-05-08,AAPL,0.6351331741222288
2017-05-09,AAPL,0.6492281236892034
2017-05-10,AAPL,0.642899771580013
2017-05-11,AAPL,0.6480819283480967
2017-05-12,AAPL,0.6412234059503649
2017-05-15,AAPL,0.6358212546633225
2017-05-16,AAPL,0.6484274638964322
2017-05-17,AAPL,0.586544232097298
2017-05-18,AAPL,0.5882773174717205
2017-05-19,AAPL,0.5826203748332979
2017-05-22,AAPL,0.5920626938519117
2017-05-23,AAPL,0.5999785110161442
2017-05-24,AAPL,0.6142412412449567
2017-05-25,AAPL,0.60079424029176
2017-05-26,AAPL,0.5751198944171554
2017-05-30,AAPL,0.5654996448638445
2017-05-31,AAPL,0.5649218237334219
2017-06-01,AAPL,0.5534075739160139
2017-06-02,AAPL,0.551492705865677
2017-06-05,AAPL,0.5489780812378476
2017-06-06,AAPL,0.559099865483814
2017-06-07,AAPL,0.6334767302058271
2017-06-08,AAPL,0.6072153053114682
2017-06-09,AAPL,0.5168218575870727
2017-06-12,AAPL,0.4853263611990429
2017-06-13,AAPL,0.4974209977402705
2017-06-14,AAPL,0.4913010125988465
2017-06-15,AAPL,0.49088626953851117
2017-06-16,AAPL,0.5019701726957109
2017-06-19,AAPL,0.525529880674592
2017-06-20,AAPL,0.5281852660571618
2017-06-21,AAPL,0.5319555874258803
2017-06-22,AAPL,0.5152074839563663
2017-06-23,AAPL,0.5136374247478482
2017-06-26,AAPL,0.4907846362128603
2017-06-27,AAPL,0.4827399007959051
2017-06-28,AAPL,0.48556964630506955
2017-06-29,AAPL,0.5056556262346323
2017-06-30,AAPL,0.5228842837385939
2017-07-03,AAPL,0.5206495216423589
2017-07-05,AAPL,0.5334770981870104
2017-07-06,AAPL,0.527894066448306
2017-07-07,AAPL,0.5535978542987076
2017-07-10,AAPL,0.5342013623432069
2017-07-11,AAPL,0.5580502850835107
2017-07-12,AAPL,0.5438855918093715
2017-07-13,AAPL,0.5691808266798084
2017-07-14,AAPL,0.5665634354177393
2017-07-17,AAPL,0.577446685009874
2017-07-18,AAPL,0.6126500320122491
2017-07-19,AAPL,0.6069554118992954
2017-07-20,AAPL,0.6284685134504036
2017-07-21,AAPL,0.6242658691265416
2017-07-24,AAPL,0.6393299351046874
2017-07-25,AAPL,0.6417823184849979
2017-07-26,AAPL,0.6737771621896411
2017-07-27,AAPL,0.6219356231922085
2017-07-28,AAPL,0.611835782953611
2017-07-31,AAPL,0.5955463236270144
2017-08-01,AAPL,0.5973474610633414
2017-08-02,AAPL,0.5844171023179279
2017-08-03,AAPL,0.5908719288810408
2017-08-04,AAPL,0.5954172432671823
2017-08-07,AAPL,0.6055256891419812
2017-08-08,AAPL,0.6032533424728251
2017-08-09,AAPL,0.601012545155156
2017-08-10,AAPL,0.5579204238846812
2017-08-11,AAPL,0.5488792357288124
2017-08-14,AAPL,0.546070453559604
2017-08-15,AAPL,0.5475444546971545
2017-08-16,AAPL,0.5800781374084405
2017-08-17,AAPL,0.5826985783878881
2017-08-18,AAPL,0.5814233559010399
2017-08-21,AAPL,0.5753374784218533
2017-08-22,AAPL,0.5501234489067848
2017-08-23,AAPL,0.5679423798038573
2017-08-24,AAPL,0.560439867010813
2017-08-25,AAPL,0.5547754660150628
2017-08-28,AAPL,0.5618005772971051
2017-08-29,AAPL,0.5606326849660677
2017-08-30,AAPL,0.62437717901582
2017-08-31,AAPL,0.6148545436036039
2017-09-01,AAPL,0.6018276986033464
2017-09-05,AAPL,0.5600365424623558
2017-09-06,AAPL,0.5671904588801076
2017-09-07,AAPL,0.6002876382931711
2017-09-08,AAPL,0.5810169565621858
2017-09-11,AAPL,0.5973711657321505
2017-09-12,AAPL,0.5738418951144402
2017-09-13,AAPL,0.5691939002647344
2017-09-14,AAPL,0.5703394399296603
2017-09-15,AAPL,0.5804243656179343
2017-09-18,AAPL,0.5560133882848449
2017-09-19,AAPL,0.538768316792208
2017-09-20,AAPL,0.5175242492022244
2017-09-21,AAPL,0.502432356344486
2017-09-22,AAPL,0.48610974986178396
2017-09-25,AAPL,0.49681759344995846
2017-09-26,AAPL,0.5123257765459639
2017-09-27,AAPL,0.5282406126574547
2017-09-28,AAPL,0.5421561523237061
2017-09-29,AAPL,0.5238881297692389
2017-10-02,AAPL,0.5280728681267981
2017-10-03,AAPL,0.5336609332398424
2017-10-04,AAPL,0.5284861507598857
2017-10-05,AAPL,0.5201795767832302
2017-10-06,AAPL,0.5271604339847794
2017-10-09,AAPL,0.5298696816933014
2017-10-10,AAPL,0.5557286780220151
2017-10-11,AAPL,0.5948976008616995
2017-10-12,AAPL,0.6049757429642929
2017-10-13,AAPL,0.6325521703722241
2017-10-16,AAPL,0.6225583027017213
2017-10-17,AAPL,0.6231450972542772
2017-10-18,AAPL,0.630862878529536
2017-10-19,AAPL,0.5749761760448767
2017-10-20,AAPL,0.581201323067642
2017-10-23,AAPL,0.5720243185118058
2017-10-24,AAPL,0.5926008431416802
2017-10-25,AAPL,0.5708301607447516
2017-10-26,AAPL,0.5888451928913606
2017-10-27,AAPL,0.5945137905290995
2017-10-30,AAPL,0.6111141874924537
2017-10-31,AAPL,0.616653581950162
2017-11-01,AAPL,0.6112037658144175
2017-11-02,AAPL,0.5980295874225073
2017-11-03,AAPL,0.5773070493894963
2017-11-06,AAPL,0.5790076755717308
2017-11-07,AAPL,0.5884107928094732
2017-11-08,AAPL,0.6286612850093907
2017-11-09,AAPL,0.6288092567721693
2017-11-10,AAPL,0.6255715028186238
2017-11-13,AAPL,0.6253619230122899
2017-11-14,AAPL,0.6156287984683563
2017-11-15,AAPL,0.5924031588296895
2017-11-16,AAPL,0.5869521018033232
2017-11-17,AAPL,0.5797723580973032
2017-11-20,AAPL,0.5726802542627825
2017-11-21,AAPL,0.6060548720490961
2017-11-22,AAPL,0.6184602960109151
2017-11-24,AAPL,0.5964712500827922
2017-11-27,AAPL,0.583031028299812
2017-11-28,AAPL,0.5715761674225034
2017-11-29,AAPL,0.5242721030093342
2017-11-30,AAPL,0.5321832750963025
2017-12-01,AAPL,0.5411183562275124
2017-12-04,AAPL,0.5438614853010563
2017-12-05,AAPL,0.5599672533491024
2017-12-06,AAPL,0.5840306632967044
2017-12-07,AAPL,0.5657374822237757
2017-12-08,AAPL,0.5744887336305561
2017-12-11,AAPL,0.589341359381717
2017-12-12,AAPL,0.5619480217820891
2017-12-13,AAPL,0.5433263881400575
2017-12-14,AAPL,0.5498180043877772
2017-12-15,AAPL,0.5652477571893614
2017-12-18,AAPL,0.5821399932707986
2017-12-19,AAPL,0.607651888640307
2017-12-20,AAPL,0.5877310118413205
2017-12-21,AAPL,0.6027838705066682
2017-12-22,AAPL,0.6182843178760731
2017-12-26,AAPL,0.5675294506875547
2017-12-27,AAPL,0.5749078099336041
2017-12-28,AAPL,0.5822368011879867
2017-12-29,AAPL,0.5658845929596892
2018-01-02,AAPL,0.56497090674777
2018-01-03,AAPL,0.5904795231132408
2018-01-04,AAPL,0.5898886839135773
2018-01-05,AAPL,0.6010559012943875
2018-01-08,AAPL,0.588864913777097
2018-01-09,AAPL,0.5545764003820123
2018-01-10,AAPL,0.5700799460666475
2018-01-11,AAPL,0.5828488297603458
2018-01-12,AAPL,0.5843918664255249
2018-01-16,AAPL,0.5741677611770194
2018-01-17,AAPL,0.6527516134052049
2018-01-18,AAPL,0.6560151449210827
2018-01-19,AAPL,0.64388804199989
2018-01-22,AAPL,0.653496606504928
2018-01-23,AAPL,0.6328064423878168
2018-01-24,AAPL,0.5825400993439331
2018-01-25,AAPL,0.5530853488527183
2018-01-26,AAPL,0.5350609261958335
2018-01-29,AAPL,0.5210239823944657
2018-01-30,AAPL,0.5163400605532185
2018-01-31,AAPL,0.5351753108163065
2018-02-01,AAPL,0.5300801399520214
2018-02-02,AAPL,0.4695859034458717
2018-02-05,AAPL,0.47149291298212326
2018-02-06,AAPL,0.47166569637872474
2018-02-07,AAPL,0.4664831926457869
2018-02-08,AAPL,0.45523067412605933
2018-02-09,AAPL,0.4711599928258537
2018-02-12,AAPL,0.4856990742510821
2018-02-13,AAPL,0.48340415697287387
2018-02-14,AAPL,0.5064209887502893
2018-02-15,AAPL,0.5169078083410212
2018-02-16,AAPL,0.5179578701949004
2018-02-20,AAPL,0.49559605786567756
2018-02-21,AAPL,0.4973552693228139
2018-02-22,AAPL,0.483857725273102
2018-02-23,AAPL,0.5031990156999899
2018-02-26,AAPL,0.5328450177350794
2018-02-27,AAPL,0.5394996838980822
2018-02-28,AAPL,0.5749717534401421
2018-03-01,AAPL,0.5947860407033763
2018-03-02,AAPL,0.5962012768305155
2018-03-05,AAPL,0.592851561223438
2018-03-06,AAPL,0.5998835436474553
2018-03-07,AAPL,0.5786933366495752
2018-03-08,AAPL,0.5717752407134747
2018-03-09,AAPL,0.6059601373059563
2018-03-12,AAPL,0.6265456678145374
2018-03-13,AAPL,0.6281129545290084
2018-03-14,AAPL,0.6144862660966878
2018-03-15,AAPL,0.5906066908155142
2018-03-16,AAPL,0.5556352220231057
2018-03-19,AAPL,0.5402247954387738
2018-03-20,AAPL,0.5485690706065484
2018-03-21,AAPL,0.5475040314831948
2018-03-22,AAPL,0.5231284719349814
2018-03-23,AAPL,0.508918896152166
2018-03-26,AAPL,0.5384727395539691
2018-03-27,AAPL,0.5313346634239196
2018-03-28,AAPL,0.5179706948247625
2018-03-29,AAPL,0.5080236016773174
2018-04-02,AAPL,0.5012590103005058
2018-04-03,AAPL,0.48996687087831375
2018-04-04,AAPL,0.514932764683011
2018-04-05,AAPL,0.5197908001281644
2018-04-06,AAPL,0.502202933678424
2018-04-09,AAPL,0.5098608635488697
2018-04-10,AAPL,0.5210741826927049
2018-04-11,AAPL,0.524529692063931
2018-04-12,AAPL,0.5324023538477438
2018-04-13,AAPL,0.5704330831659132
2018-04-16,AAPL,0.5323485793828879
2018-04-17,AAPL,0.5727095479883334
2018-04-18,AAPL,0.5991902421668693
2018-04-19,AAPL,0.5571742726824387
2018-04-20,AAPL,0.51412949673331
2018-04-23,AAPL,0.5100056849520838
2018-04-24,AAPL,0.4918271371832148
2018-04-25,AAPL,0.48953587524436576
2018-04-26,AAPL,0.5298305725376363
2018-04-27,AAPL,0.5273818303951134
2018-04-30,AAPL,0.5151083976657742
2018-05-01,AAPL,0.5429517087522095
2018-05-02,AAPL,0.5408995087960833
2018-05-03,AAPL,0.539679640485712
2018-05-04,AAPL,0.535604657310312
2018-05-07,AAPL,0.5276307332635006
2018-05-08,AAPL,0.5210642388224571
2018-05-09,AAPL,0.5400571635372128
2018-05-10,AAPL,0.5985683855204739
2018-05-11,AAPL,0.5774639462205797
2018-05-14,AAPL,0.6018519233652229
2018-05-15,AAPL,0.5944916807003947
2018-05-16,AAPL,0.6034042725373684
2018-05-17,AAPL,0.6193690174533301
2018-05-18,AAPL,0.6439601554438555
2018-05-21,AAPL,0.6442549202113385
2018-05-22,AAPL,0.6356491470323592
2018-05-23,AAPL,0.6383855019535825
2018-05-24,AAPL,0.6111055312877
2018-05-25,AAPL,0.6129271746815629
2018-05-29,AAPL,0.5963044750175387
2018-05-30,AAPL,0.5804782298544151
2018-05-31,AAPL,0.5432717775247202
2018-06-01,AAPL,0.6007758221636869
2018-06-04,AAPL,0.6284280314347852
2018-06-05,AAPL,0.6662684678841625
2018-06-06,AAPL,0.6597529293101579
2018-06-07,AAPL,0.6757330164916723
2018-06-08,AAPL,0.6517727003903498
2018-06-11,AAPL,0.6352031332219853
2018-06-12,AAPL,0.6454791508703318
2018-06-13,AAPL,0.6138177253473767
2018-06-14,AAPL,0.6178015251533754
2018-06-15,AAPL,0.5909916885991761
2018-06-18,AAPL,0.6124126999632032
2018-06-19,AAPL,0.5826991429237728
2018-06-20,AAPL,0.6007746100716806
2018-06-21,AAPL,0.5504795409259738
2018-06-22,AAPL,0.5228045174976983
2018-06-25,AAPL,0.48197791514501787
2018-06-26,AAPL,0.5087425887081631
2018-06-27,AAPL,0.5063945993498239
2018-06-28,AAPL,0.5376661904294321
2018-06-29,AAPL,0.5376331384305059
2018-07-02,AAPL,0.5497444979775736
2018-07-03,AAPL,0.5330254863888658
2018-07-05,AAPL,0.5404934411976191
2018-07-06,AAPL,0.564023650708137
2018-07-09,AAPL,0.5767787876057381
2018-07-10,AAPL,0.5966271754521522
2018-07-11,AAPL,0.5812195473839835
2018-07-12,AAPL,0.5948729529389201
2018-07-13,AAPL,0.5993354262891887
2018-07-16,AAPL,0.6183269536757334
2018-07-17,AAPL,0.612245150682065
2018-07-18,AAPL,0.6122080154655348
2018-07-19,AAPL,0.6030784568410729
2018-07-20,AAPL,0.6099986314366017
2018-07-23,AAPL,0.6058828622196057
2018-07-24,AAPL,0.6549324993697243
2018-07-25,AAPL,0.6538804961017455
2018-07-26,AAPL,0.6363502143305938
2018-07-27,AAPL,0.5780687669568375
2018-07-30,AAPL,0.57088076035505
2018-07-31,AAPL,0.5936279248974761
2018-08-01,AAPL,0.5842709743773944
2018-08-02,AAPL,0.5991463955301742
2018-08-03,AAPL,0.6234728700679242
2018-08-06,AAPL,0.6305922961265119
2018-08-07,AAPL,0.6308805334141481
2018-08-08,AAPL,0.6115451687386775
2018-08-09,AAPL,0.6057255071337164
2018-08-10,AAPL,0.5938843204263323
2018-08-13,AAPL,0.5894851331261823
2018-08-14,AAPL,0.5944500110076774
2018-08-15,AAPL,0.6193782060559803
2018-08-16,AAPL,0.6558942625439123
2018-08-17,AAPL,0.6687166919036244
2018-08-20,AAPL,0.6592720734358699
2018-08-21,AAPL,0.6340489697970587
2018-08-22,AAPL,0.6145161453439527
2018-08-23,AAPL,0.6134642762769195
2018-08-24,AAPL,0.6093085053021148
2018-08-27,AAPL,0.6527255014431789
2018-08-28,AAPL,0.661881295125729
2018-08-29,AAPL,0.678941856574224
2018-08-30,AAPL,0.7005601275459072
2018-08-31,AAPL,0.7049114020618017
2018-09-04,AAPL,0.7040908874031059
2018-09-05,AAPL,0.688396402631354
2018-09-06,AAPL,0.6382511877828811
2018-09-07,AAPL,0.5975517008148947
2018-09-10,AAPL,0.5913012124687254
2018-09-11,AAPL,0.6082413367443497
2018-09-12,AAPL,0.5963974490496684
2018-09-13,AAPL,0.6127972770020257
2018-09-14,AAPL,0.6088351518179544
2018-09-17,AAPL,0.5845892060324587
2018-09-18,AAPL,0.5676483656397816
2018-09-19,AAPL,0.5563952640232568
2018-09-20,AAPL,0.5369762438897276
2018-09-21,AAPL,0.5071753237404095
2018-09-24,AAPL,0.5317875525698511
2018-09-25,AAPL,0.5502001668162526
2018-09-26,AAPL,0.5587295522172462
2018-09-27,AAPL,0.5766053593661459
2018-09-28,AAPL,0.5982388255065466
2018-10-01,AAPL,0.5645811791552088
2018-10-02,AAPL,0.5837455354605438
2018-10-03,AAPL,0.5712374424636351
2018-10-04,AAPL,0.5645184267667702
2018-10-05,AAPL,0.5799803706319192
2018-10-08,AAPL,0.5787876521930497
2018-10-09,AAPL,0.5842352630197458
2018-10-10,AAPL,0.5195835702612208
2018-10-11,AAPL,0.5305997695710347
2018-10-12,AAPL,0.5338641547060723
2018-10-15,AAPL,0.5314050485718225
2018-10-16,AAPL,0.5370156315718544
2018-10-17,AAPL,0.5464542748993344
2018-10-18,AAPL,0.5283008095810245
2018-10-19,AAPL,0.5059218850547607
2018-10-22,AAPL,0.5106302487457322
2018-10-23,AAPL,0.49396546093358323
2018-10-24,AAPL,0.4827265792801368
2018-10-25,AAPL,0.5041215238060279
2018-10-26,AAPL,0.5011961933151312
2018-10-29,AAPL,0.47290349821137373
2018-10-30,AAPL,0.5036785138127963
2018-10-31,AAPL,0.5240046294611822
2018-11-01,AAPL,0.48634628103951927
2018-11-02,AAPL,0.4732851123581874
2018-11-05,AAPL,0.45609273600284156
2018-11-06,AAPL,0.46004920047171083
2018-11-07,AAPL,0.4663932839620127
2018-11-08,AAPL,0.45939525143611004
2018-11-09,AAPL,0.47540935203464735
2018-11-12,AAPL,0.46416942429333313
2018-11-13,AAPL,0.46901980412298994
2018-11-14,AAPL,0.4388016390739359
2018-11-15,AAPL,0.4524048961517084
2018-11-16,AAPL,0.4549551684430959
2018-11-19,AAPL,0.45876669913744006
2018-11-20,AAPL,0.4339640099221843
2018-11-21,AAPL,0.4392191290179615
2018-11-23,AAPL,0.44907501551109674
2018-11-26,AAPL,0.4417052160424177
2018-11-27,AAPL,0.43211312760222204
2018-11-28,AAPL,0.421630788570485
2018-11-29,AAPL,0.41687899187045707
2018-11-30,AAPL,0.43507226803333504
2018-12-03,AAPL,0.4742660656310949
2018-12-04,AAPL,0.4644700139624281
2018-12-06,AAPL,0.44075631269330157
2018-12-07,AAPL,0.4193823650357519
2018-12-10,AAPL,0.39332011798669564
2018-12-11,AAPL,0.39904173627210165
2018-12-12,AAPL,0.45262883705387513
2018-12-13,AAPL,0.46862893656971577
2018-12-14,AAPL,0.49030625801327665
2018-12-17,AAPL,0.4669747267129551
2018-12-18,AAPL,0.47856401870375825
2018-12-19,AAPL,0.4282278803973147
2018-12-20,AAPL,0.4273883766967723
2018-12-21,AAPL,0.42193774955306185
2018-12-24,AAPL,0.3989785370014745
2018-12-26,AAPL,0.40260527966748333
2018-12-27,AAPL,0.42494752007444786
2018-12-28,AAPL,0.4568536912707196
2018-12-31,AAPL,0.46188859788357967
2019-01-02,AAPL,0.469570929995769
2019-01-03,AAPL,0.40135683489128876
2019-01-04,AAPL,0.3849245010704204
2019-01-07,AAPL,0.39062890385061555
2019-01-08,AAPL,0.3857841970292871
2019-01-09,AAPL,0.3700090002257726
2019-01-10,AAPL,0.44778588329078045
2019-01-11,AAPL,0.4386890861418502
2019-01-14,AAPL,0.4552062827364279
2019-01-15,AAPL,0.4671090189558976
2019-01-16,AAPL,0.4256360873666814
2019-01-17,AAPL,0.4041579415947517
2019-01-18,AAPL,0.42594339819818483
2019-01-22,AAPL,0.42441887919343513
2019-01-23,AAPL,0.43042101906022123
2019-01-24,AAPL,0.5289220717312882
2019-01-25,AAPL,0.5164926276860181
2019-01-28,AAPL,0.511013122542405
2019-01-29,AAPL,0.4918418554127541
2019-01-30,AAPL,0.47913204870593423
2019-01-31,AAPL,0.497173936046383
2019-02-01,AAPL,0.5576969421412195
2019-02-04,AAPL,0.5866389269174825
2019-02-05,AAPL,0.5870242775634518
2019-02-06,AAPL,0.5619615320206397
2019-02-07,AAPL,0.5398467263255853
2019-02-08,AAPL,0.5476010933468209
2019-02-11,AAPL,0.5610170522805559
2019-02-12,AAPL,0.5588942631196062
2019-02-13,AAPL,0.5863521962011027
2019-02-14,AAPL,0.5867166025760635
2019-02-15,AAPL,0.6024146682346017
2019-02-19,AAPL,0.6312816357885684
2019-02-20,AAPL,0.6054221562776897
2019-02-21,AAPL,0.596569776950673
2019-02-22,AAPL,0.6037857908272668
2019-02-25,AAPL,0.5832104283393335
2019-02-26,AAPL,0.5594387543683111
2019-02-27,AAPL,0.5685348915877809
2019-02-28,AAPL,0.6231073751153586
2019-03-01,AAPL,0.6407841508952042
2019-03-04,AAPL,0.6591017330604607
2019-03-05,AAPL,0.6524402193332111
2019-03-06,AAPL,0.6508546253549338
2019-03-07,AAPL,0.618070219690825
2019-03-08,AAPL,0.6291683260369829
2019-03-11,AAPL,0.6379510264449915
2019-03-12,AAPL,0.6434743237765952
2019-03-13,AAPL,0.6618567903061824
2019-03-14,AAPL,0.6650451528019982
2019-03-15,AAPL,0.6645158515008066
2019-03-18,AAPL,0.6598016074915835
2019-03-19,AAPL,0.6412128747581975
2019-03-20,AAPL,0.657440616260197
2019-03-21,AAPL,0.6381588269018238
2019-03-22,AAPL,0.6074789782698431
2019-03-25,AAPL,0.5997642068076694
2019-03-26,AAPL,0.6006670259391339
2019-03-27,AAPL,0.6169243768269533
2019-03-28,AAPL,0.611313675504707
2019-03-29,AAPL,0.6083875417422286
2019-04-01,AAPL,0.6123663669313946
2019-04-02,AAPL,0.6199337874723115
2019-04-03,AAPL,0.6187970082465725
2019-04-04,AAPL,0.6272597812969666
2019-04-05,AAPL,0.6191079869316365
2019-04-08,AAPL,0.6350209972832238
2019-04-09,AAPL,0.618767973701799
2019-04-10,AAPL,0.5962914096940692
2019-04-11,AAPL,0.6255372374931973
2019-04-12,AAPL,0.6513427864066149
2019-04-15,AAPL,0.6802169160515196
2019-04-16,AAPL,0.6818641613330166
2019-04-17,AAPL,0.6812671497881521
2019-04-18,AAPL,0.6927109174107076
2019-04-22,AAPL,0.7018792013169542
2019-04-23,AAPL,0.7041258415055947
2019-04-24,AAPL,0.7046910718758703
2019-04-25,AAPL,0.6741348856249503
2019-04-26,AAPL,0.6541428725655171
2019-04-29,AAPL,0.6351597217649818
2019-04-30,AAPL,0.587324995244713
2019-05-01,AAPL,0.5933791743620426
2019-05-02,AAPL,0.6191185198436944
2019-05-03,AAPL,0.6305723589676759
2019-05-06,AAPL,0.6069931515345928
2019-05-07,AAPL,0.5873647435445661
2019-05-08,AAPL,0.549778690045977
2019-05-09,AAPL,0.5354551444233481
2019-05-10,AAPL,0.5126323127383571
2019-05-13,AAPL,0.4652376323899402
2019-05-14,AAPL,0.47571432520259566
2019-05-15,AAPL,0.4964890129563354
2019-05-16,AAPL,0.4991589665595988
2019-05-17,AAPL,0.5029254341183307
2019-05-20,AAPL,0.5209759524411671
2019-05-21,AAPL,0.46479810848109987
2019-05-22,AAPL,0.45880724007631046
2019-05-23,AAPL,0.4364742117768753
2019-05-24,AAPL,0.43740826434203545
2019-05-28,AAPL,0.44164136182464475
2019-05-29,AAPL,0.4345855300807326
2019-05-30,AAPL,0.46245164429461666
2019-05-31,AAPL,0.47029084544479394
2019-06-03,AAPL,0.4928620838359071
2019-06-04,AAPL,0.4799313191875554
2019-06-05,AAPL,0.48431754001624266
2019-06-06,AAPL,0.4861765110381779
2019-06-07,AAPL,0.49922066797971626
2019-06-10,AAPL,0.5415465325329852
2019-06-11,AAPL,0.5399492025097665
2019-06-12,AAPL,0.5577056700756237
2019-06-13,AAPL,0.5766013335680988
2019-06-14,AAPL,0.558728779934022
2019-06-17,AAPL,0.559026371650642
2019-06-18,AAPL,0.5778865834970031
2019-06-19,AAPL,0.5843323071175183
2019-06-20,AAPL,0.6234043584106965
2019-06-21,AAPL,0.6492589602140605
2019-06-24,AAPL,0.6521657539293999
2019-06-25,AAPL,0.6153382561069198
2019-06-26,AAPL,0.6123679738922657
2019-06-27,AAPL,0.5994793130752154
2019-06-28,AAPL,0.579852213844828
2019-07-01,AAPL,0.5892347803025547
2019-07-02,AAPL,0.6242647130166036
2019-07-03,AAPL,0.6250842790026009
2019-07-05,AAPL,0.6422130030229042
2019-07-08,AAPL,0.6089945270860679
2019-07-09,AAPL,0.5824155363456571
2019-07-10,AAPL,0.5905907257138645
2019-07-11,AAPL,0.5763706793318225
2019-07-12,AAPL,0.589695782282468
2019-07-15,AAPL,0.6079571782268491
2019-07-16,AAPL,0.6326475813977385
2019-07-17,AAPL,0.6048684490915832
2019-07-18,AAPL,0.6181210215264967
2019-07-19,AAPL,0.6086269901023499
2019-07-22,AAPL,0.5917127576752259
2019-07-23,AAPL,0.5984132896653526
2019-07-24,AAPL,0.6012612795852064
2019-07-25,AAPL,0.5890766484238307
2019-07-26,AAPL,0.6332533789086419
2019-07-29,AAPL,0.6277171449568785
2019-07-30,AAPL,0.6061004581393036
2019-07-31,AAPL,0.6151162153619392
2019-08-01,AAPL,0.587036823928955
2019-08-02,AAPL,0.5501725829504818
2019-08-05,AAPL,0.5097297152772259
2019-08-06,AAPL,0.5222912773755538
2019-08-07,AAPL,0.5074324918636832
2019-08-08,AAPL,0.5351007939610292
2019-08-09,AAPL,0.5216441908797039
2019-08-12,AAPL,0.5362295091235432
2019-08-13,AAPL,0.528556138482468
2019-08-14,AAPL,0.5260056493283715
2019-08-15,AAPL,0.504568193080339
2019-08-16,AAPL,0.5030885964764893
2019-08-19,AAPL,0.49750241466386425
2019-08-20,AAPL,0.4743346284859702
2019-08-21,AAPL,0.5113143430811812
2019-08-22,AAPL,0.5392683958064547
2019-08-23,AAPL,0.5336354989774507
2019-08-26,AAPL,0.5140863589607915
2019-08-27,AAPL,0.5140838892064256
2019-08-28,AAPL,0.4884536766194397
2019-08-29,AAPL,0.5032143836861614
2019-08-30,AAPL,0.5374380769713556
2019-09-03,AAPL,0.5177162464599674
2019-09-04,AAPL,0.5588558990675818
2019-09-05,AAPL,0.5703427907725077
2019-09-06,AAPL,0.552078816999531
2019-09-09,AAPL,0.5294646032971636
2019-09-10,AAPL,0.5483565325130817
2019-09-11,AAPL,0.5398757673958927
2019-09-12,AAPL,0.5508973250020426
2019-09-13,AAPL,0.5967867300048936
2019-09-16,AAPL,0.5906441741331672
2019-09-17,AAPL,0.6034296000635877
2019-09-18,AAPL,0.5921999356118571
2019-09-19,AAPL,0.5794752114335254
2019-09-20,AAPL,0.5647908806335628
2019-09-23,AAPL,0.6158470767330407
2019-09-24,AAPL,0.5984076259645688
2019-09-25,AAPL,0.5986103619968507
2019-09-26,AAPL,0.5990438361055053
2019-09-27,AAPL,0.5914053399459525
2019-09-30,AAPL,0.5910707555643784
2019-10-01,AAPL,0.5697517163725021
2019-10-02,AAPL,0.5419795625487565
2019-10-03,AAPL,0.5744739503391828
2019-10-04,AAPL,0.5805786978870687
2019-10-07,AAPL,0.5727130172042897
2019-10-08,AAPL,0.5507917520977405
2019-10-09,AAPL,0.5873164980880626
2019-10-10,AAPL,0.6068240072076839
2019-10-11,AAPL,0.5968792798968413
2019-10-14,AAPL,0.6158226587085579
2019-10-15,AAPL,0.6126348927951227
2019-10-16,AAPL,0.6051753121709263
2019-10-17,AAPL,0.6130355927488037
2019-10-18,AAPL,0.6007827404902569
2019-10-21,AAPL,0.6065653645232837
2019-10-22,AAPL,0.6514247718238407
2019-10-23,AAPL,0.6556553287987219
2019-10-24,AAPL,0.6523380924279142
2019-10-25,AAPL,0.66237991736714
2019-10-28,AAPL,0.6832317684474941
2019-10-29,AAPL,0.632558878722567
2019-10-30,AAPL,0.6286314434994663
2019-10-31,AAPL,0.6168322752750804
2019-11-01,AAPL,0.6242121070838201
2019-11-04,AAPL,0.6382500122269748
2019-11-05,AAPL,0.6617692004617829
2019-11-06,AAPL,0.66665009644351
2019-11-07,AAPL,0.6583106050704747
2019-11-08,AAPL,0.6493882916054597
2019-11-11,AAPL,0.6566935404785971
2019-11-12,AAPL,0.6482572498718189
2019-11-13,AAPL,0.6520093498232512
2019-11-14,AAPL,0.6397857535883834
2019-11-15,AAPL,0.6438360978388478
2019-11-18,AAPL,0.6970574990627377
2019-11-19,AAPL,0.6951821960783318
2019-11-20,AAPL,0.6562713646809097
2019-11-21,AAPL,0.6238644297463473
2019-11-22,AAPL,0.6114443756806891
2019-11-25,AAPL,0.6302114829804358
2019-11-26,AAPL,0.6247340762164857
2019-11-27,AAPL,0.6363566971783964
2019-11-29,AAPL,0.6354121817272377
2019-12-02,AAPL,0.6108466769232884
2019-12-03,AAPL,0.578180299434371
2019-12-04,AAPL,0.5767510944556777
2019-12-05,AAPL,0.5899462762108144
2019-12-06,AAPL,0.5862597315254956
2019-12-09,AAPL,0.569768469625327
2019-12-10,AAPL,0.5906311791386676
2019-12-11,AAPL,0.6074906190134299
2019-12-12,AAPL,0.6085128705414785
2019-12-13,AAPL,0.6076866862932043
2019-12-16,AAPL,0.6044095774939613
2019-12-17,AAPL,0.6130723790976977
2019-12-18,AAPL,0.6004014569346692
2019-12-19,AAPL,0.6122705669222781
2019-12-20,AAPL,0.6216884144951318
2019-12-23,AAPL,0.6604418027422002
2019-12-24,AAPL,0.6641121511756192
2019-12-26,AAPL,0.6612224954900805
2019-12-27,AAPL,0.6530252462276287
2019-12-30,AAPL,0.6971021630806445
2019-12-31,AAPL,0.7008885184006766
2020-01-02,AAPL,0.7119378457502934
2020-01-03,AAPL,0.6833575663863953
2020-01-06,AAPL,0.6825519386917099
2020-01-07,AAPL,0.664663531415261
2020-01-08,AAPL,0.6718005874772722
2020-01-09,AAPL,0.6675899052589312
2020-01-10,AAPL,0.6825068022020075
2020-01-13,AAPL,0.6839149843892797
2020-01-14,AAPL,0.6601037522702488
2020-01-15,AAPL,0.6510957801064923
2020-01-16,AAPL,0.6431208629914552
2020-01-17,AAPL,0.6467156032119531
2020-01-21,AAPL,0.6347965580389999
2020-01-22,AAPL,0.6417157166794752
2020-01-23,AAPL,0.6385176030964602
2020-01-24,AAPL,0.6531079105394667
2020-01-27,AAPL,0.5939297121413204
2020-01-28,AAPL,0.6137088118672566
2020-01-29,AAPL,0.6029893575733072
2020-01-30,AAPL,0.5937014475958989
2020-01-31,AAPL,0.5421894828530693
2020-02-03,AAPL,0.5337772664908373
2020-02-04,AAPL,0.5472811604437884
2020-02-05,AAPL,0.5531615893163617
2020-02-06,AAPL,0.5512371956458284
2020-02-07,AAPL,0.5510678573929497
2020-02-10,AAPL,0.5523560922005822
2020-02-11,AAPL,0.537464012116495
2020-02-12,AAPL,0.5409331033246717
2020-02-13,AAPL,0.5397210605629568
2020-02-14,AAPL,0.5703181205922354
2020-02-18,AAPL,0.5245396854490975
2020-02-19,AAPL,0.525636046057578
2020-02-20,AAPL,0.5122115588156572
2020-02-21,AAPL,0.5472385413768797
2020-02-24,AAPL,0.5005147623640461
2020-02-25,AAPL,0.460826032558131
2020-02-26,AAPL,0.4483183454471437
2020-02-27,AAPL,0.41766343519090915
2020-02-28,AAPL,0.4093741560309171
2020-03-02,AAPL,0.4344063279771199
2020-03-03,AAPL,0.44854995695460254
2020-03-04,AAPL,0.4293665602721015
2020-03-05,AAPL,0.45925104594956345
2020-03-06,AAPL,0.44231248445442223
2020-03-09,AAPL,0.38038664723355925
2020-03-10,AAPL,0.35260177735867815
2020-03-11,AAPL,0.3431114864052
2020-03-12,AAPL,0.32703005498016174
2020-03-13,AAPL,0.29313493481150493
2020-03-16,AAPL,0.33888552416568285
2020-03-17,AAPL,0.279588397426115
2020-03-18,AAPL,0.3101625955339777
2020-03-19,AAPL,0.3403616183558588
2020-03-20,AAPL,0.27005933811579264
2020-03-23,AAPL,0.30586173349909224
2020-03-24,AAPL,0.26406932598722493
2020-03-25,AAPL,0.27258368516690945
2020-03-26,AAPL,0.259590997443492
2020-03-27,AAPL,0.3331935940998408
2020-03-30,AAPL,0.2962612287997529
2020-03-31,AAPL,0.2736373531795945
2020-04-01,AAPL,0.29534705529410177
2020-04-02,AAPL,0.24253200364261016
2020-04-03,AAPL,0.2914086452432161
2020-04-06,AAPL,0.25546554999200116
2020-04-07,AAPL,0.2884700606272038
2020-04-08,AAPL,0.3126646944310823
2020-04-09,AAPL,0.38223609869620373
2020-04-13,AAPL,0.40267369687450044
2020-04-14,AAPL,0.390660495620958
2020-04-15,AAPL,0.41081317669739753
2020-04-16,AAPL,0.3816852296767709
2020-04-17,AAPL,0.416394914244949
2020-04-20,AAPL,0.41865572044675137
2020-04-21,AAPL,0.418624812499977
2020-04-22,AAPL,0.4722361894806221
2020-04-23,AAPL,0.47716810564409656
2020-04-24,AAPL,0.4952393574638187
2020-04-27,AAPL,0.5055958338306976
2020-04-28,AAPL,0.5388949560032181
2020-04-29,AAPL,0.513211879655009
2020-04-30,AAPL,0.5424725238951497
2020-05-01,AAPL,0.5102978271486336
2020-05-04,AAPL,0.49685909865845557
2020-05-05,AAPL,0.5298587241544336
2020-05-06,AAPL,0.5295972839492626
2020-05-07,AAPL,0.5429900527748
2020-05-08,AAPL,0.5852846620472264
2020-05-11,AAPL,0.620348094622246
2020-05-12,AAPL,0.597050868509687
2020-05-13,AAPL,0.5936239189343747
2020-05-14,AAPL,0.5854605725641026
2020-05-15,AAPL,0.5714461839111579
2020-05-18,AAPL,0.5998066982589977
2020-05-19,AAPL,0.6111613105819691
2020-05-20,AAPL,0.6141975894487255
2020-05-21,AAPL,0.639254092311226
2020-05-22,AAPL,0.646039295393585
2020-05-26,AAPL,0.6238638277587373
2020-05-27,AAPL,0.6280328476866207
2020-05-28,AAPL,0.6119616533202883
2020-05-29,AAPL,0.5956565152815911
2020-06-01,AAPL,0.5959811670546982
2020-06-02,AAPL,0.6342918600747305
2020-06-03,AAPL,0.6647948208548476
2020-06-04,AAPL,0.6486613403787548
2020-06-05,AAPL,0.6636574809743332
2020-06-08,AAPL,0.6534165487304296
2020-06-09,AAPL,0.6581981213595368
2020-06-10,AAPL,0.6527246243206672
2020-06-11,AAPL,0.5930227838566959
2020-06-12,AAPL,0.5733121255310762
2020-06-15,AAPL,0.5922426446786143
2020-06-16,AAPL,0.5765764709545294
2020-06-17,AAPL,0.577233068750558
2020-06-18,AAPL,0.6023989444807125
2020-06-19,AAPL,0.5869274976789236
2020-06-22,AAPL,0.5894684747078243
2020-06-23,AAPL,0.5829261457854602
2020-06-24,AAPL,0.5897905295944356
2020-06-25,AAPL,0.5739475038623255
2020-06-26,AAPL,0.5523451711528892
2020-06-29,AAPL,0.5331707699844225
2020-06-30,AAPL,0.5215828684757294
2020-07-01,AAPL,0.5919032484514243
2020-07-02,AAPL,0.5890223797795402
2020-07-06,AAPL,0.6002120429895053
2020-07-07,AAPL,0.5832102095558094
2020-07-08,AAPL,0.5906902999152479
2020-07-09,AAPL,0.5902351902582613
2020-07-10,AAPL,0.6303892439128158
2020-07-13,AAPL,0.5863701155181906
2020-07-14,AAPL,0.5865246171159041
2020-07-15,AAPL,0.6132260014337556
2020-07-16,AAPL,0.5917082426170175
2020-07-17,AAPL,0.6496505341725368
2020-07-20,AAPL,0.651802890060755
2020-07-21,AAPL,0.6155927032573022
2020-07-22,AAPL,0.6229030985910499
2020-07-23,AAPL,0.5610556705584935
2020-07-24,AAPL,0.5280519808390454
2020-07-27,AAPL,0.5485506925839431
2020-07-28,AAPL,0.5249921336103899
2020-07-29,AAPL,0.5312004205649565
2020-07-30,AAPL,0.5519586917215651
2020-07-31,AAPL,0.52359289750969
2020-08-03,AAPL,0.5243799227659766
2020-08-04,AAPL,0.5456944904980289
2020-08-05,AAPL,0.5558329186903154
2020-08-06,AAPL,0.5312191760719226
2020-08-07,AAPL,0.4670116525416215
2020-08-10,AAPL,0.474876889332554
2020-08-11,AAPL,0.45622209779758177
2020-08-12,AAPL,0.4907533327843393
2020-08-13,AAPL,0.4860450477951749
2020-08-14,AAPL,0.5308655721343992
2020-08-17,AAPL,0.5489636892223605
2020-08-18,AAPL,0.570152927706278
2020-08-19,AAPL,0.5592829024453606
2020-08-20,AAPL,0.5586619518527575
2020-08-21,AAPL,0.539525390303857
2020-08-24,AAPL,0.553622090832015
2020-08-25,AAPL,0.557679479125019
2020-08-26,AAPL,0.5650183031577475
2020-08-27,AAPL,0.5870383951797895
2020-08-28,AAPL,0.5830391664831411
2020-08-31,AAPL,0.6106835125860303
2020-09-01,AAPL,0.6067808482635383
2020-09-02,AAPL,0.5730967069747603
2020-09-03,AAPL,0.5023326313978143
2020-09-04,AAPL,0.5061765555222096
2020-09-08,AAPL,0.4610002156847725
2020-09-09,AAPL,0.4417886624952317
2020-09-10,AAPL,0.43569560954334746
2020-09-11,AAPL,0.4343583423110848
2020-09-14,AAPL,0.43004825696782817
2020-09-15,AAPL,0.4703127676955669
2020-09-16,AAPL,0.44656427479914856
2020-09-17,AAPL,0.45580423823387356
2020-09-18,AAPL,0.4323831006846733
2020-09-21,AAPL,0.3999216000462801
2020-09-22,AAPL,0.3583013545205979
2020-09-23,AAPL,0.38887633836791713
2020-09-24,AAPL,0.4116432315683337
2020-09-25,AAPL,0.4305311680221001
2020-09-28,AAPL,0.4627833191113496
2020-09-29,AAPL,0.43254618182960325
2020-09-30,AAPL,0.46459256200060933
2020-10-01,AAPL,0.46645046215440733
2020-10-02,AAPL,0.43248485480304394
2020-10-05,AAPL,0.4262194420509028
2020-10-06,AAPL,0.46615970825919895
2020-10-07,AAPL,0.4616976570063573
2020-10-08,AAPL,0.4955180374992898
2020-10-09,AAPL,0.5109430177409067
2020-10-12,AAPL,0.4711354173354869
2020-10-13,AAPL,0.5108096477624428
2020-10-14,AAPL,0.5190028359665906
2020-10-15,AAPL,0.514479592947071
2020-10-16,AAPL,0.4913671094139791
2020-10-19,AAPL,0.46356903703822244
2020-10-20,AAPL,0.4595159298014641
2020-10-21,AAPL,0.4754308429278043
2020-10-22,AAPL,0.500412344797074
2020-10-23,AAPL,0.48876465551094095
2020-10-26,AAPL,0.5380794580903585
2020-10-27,AAPL,0.5195464677912014
2020-10-28,AAPL,0.488738119438323
2020-10-29,AAPL,0.47708220263328677
2020-10-30,AAPL,0.40694103577469193
2020-11-02,AAPL,0.4142023659852692
2020-11-03,AAPL,0.4253168102121548
2020-11-04,AAPL,0.4577710114133632
2020-11-05,AAPL,0.45742251361243624
2020-11-06,AAPL,0.5075112511644324
2020-11-09,AAPL,0.4925806255065045
2020-11-10,AAPL,0.49261804584198465
2020-11-11,AAPL,0.4713947788487482
2020-11-12,AAPL,0.47130389869806993
2020-11-13,AAPL,0.46398092370472394
2020-11-16,AAPL,0.472566579961346
2020-11-17,AAPL,0.5196383557317235
2020-11-18,AAPL,0.48972790226762114
2020-11-19,AAPL,0.5742081047643438
2020-11-20,AAPL,0.5665617460927634
2020-11-23,AAPL,0.5153875948523002
2020-11-24,AAPL,0.48519149374073767
2020-11-25,AAPL,0.47980508168414465
2020-11-27,AAPL,0.49114427117795134
2020-11-30,AAPL,0.5556779667212102
2020-12-01,AAPL,0.5958499790750954
2020-12-02,AAPL,0.5743500124227466
2020-12-03,AAPL,0.577181087318941
2020-12-04,AAPL,0.5734535684195764
2020-12-07,AAPL,0.5593150794043154
2020-12-08,AAPL,0.5611669656531021
2020-12-09,AAPL,0.5520702875723005
2020-12-10,AAPL,0.5578542833412818
2020-12-11,AAPL,0.5709187832351247
2020-12-14,AAPL,0.613989297293524
2020-12-15,AAPL,0.5951862036226454
2020-12-16,AAPL,0.6150120612568867
2020-12-17,AAPL,0.6136088606182798
2020-12-18,AAPL,0.5795632703783085
2020-12-21,AAPL,0.5760883023219923
2020-12-22,AAPL,0.5695031033849399
2020-12-23,AAPL,0.5720024698377507
2020-12-24,AAPL,0.5873834501483673
2020-12-28,AAPL,0.5844944782403676
2020-12-29,AAPL,0.5665930877106959
2020-12-30,AAPL,0.5895920757950371
2020-12-31,AAPL,0.5816199802492489
2021-01-04,AAPL,0.5604259381178877
2021-01-05,AAPL,0.5519230326515164
2021-01-06,AAPL,0.49779756905900163
2021-01-07,AAPL,0.5147244920921832
2021-01-08,AAPL,0.5245079914869633
2021-01-11,AAPL,0.5407493469042433
2021-01-12,AAPL,0.5362588107077889
2021-01-13,AAPL,0.5382006519936003
2021-01-14,AAPL,0.5244094791029663
2021-01-15,AAPL,0.5030067433782323
2021-01-19,AAPL,0.4750667281006089
2021-01-20,AAPL,0.5071962462532136
2021-01-21,AAPL,0.5051998020828269
2021-01-22,AAPL,0.5331261569765351
2021-01-25,AAPL,0.5677753247497761
2021-01-26,AAPL,0.5637178236746869
2021-01-27,AAPL,0.5789439763481907
2021-01-28,AAPL,0.5191794890075069
2021-01-29,AAPL,0.473372390845786
2021-02-01,AAPL,0.4813214031710932
2021-02-02,AAPL,0.4939330572223161
2021-02-03,AAPL,0.49156015947765713
2021-02-04,AAPL,0.5412913023320689
2021-02-05,AAPL,0.578736972380324
2021-02-08,AAPL,0.573890595880851
2021-02-09,AAPL,0.5559088479147813
2021-02-10,AAPL,0.5295464879543018
2021-02-11,AAPL,0.49272420401785405
2021-02-12,AAPL,0.45761276992112176
2021-02-16,AAPL,0.4547943870698547
2021-02-17,AAPL,0.4579788267086813
2021-02-18,AAPL,0.48379538104534126
2021-02-19,AAPL,0.5407835641110014
2021-02-22,AAPL,0.4773977990091587
2021-02-23,AAPL,0.45310076357501855
2021-02-24,AAPL,0.46094426091503266
2021-02-25,AAPL,0.3789614282728707
2021-02-26,AAPL,0.3784769921451274
2021-03-01,AAPL,0.4632921485973658
2021-03-02,AAPL,0.46061776706973107
2021-03-03,AAPL,0.4494718450383849
2021-03-04,AAPL,0.4510066962205306
2021-03-05,AAPL,0.4499529134754679
2021-03-08,AAPL,0.4173688732550696
2021-03-09,AAPL,0.43768826632894803
2021-03-10,AAPL,0.45290282720322456
2021-03-11,AAPL,0.4504818614392524
2021-03-12,AAPL,0.46268347610430927
2021-03-15,AAPL,0.49961917300182795
2021-03-16,AAPL,0.4802426356493245
2021-03-17,AAPL,0.5077793910770813
2021-03-18,AAPL,0.4798444972239067
2021-03-19,AAPL,0.4380027620851128
2021-03-22,AAPL,0.4469171857061199
2021-03-23,AAPL,0.47162644984944513
2021-03-24,AAPL,0.4792705539435999
2021-03-25,AAPL,0.49816995084844395
2021-03-26,AAPL,0.5426581841721314
2021-03-29,AAPL,0.508588744052198
2021-03-30,AAPL,0.5184158709009115
2021-03-31,AAPL,0.5191316221425906
2021-04-01,AAPL,0.5316871023525226
2021-04-05,AAPL,0.5148444885972004
2021-04-06,AAPL,0.5302130743229032
2021-04-07,AAPL,0.5569024232927405
2021-04-08,AAPL,0.6095295852522941
2021-04-09,AAPL,0.6167687870875977
2021-04-12,AAPL,0.5826775332710852
2021-04-13,AAPL,0.5955464455775489
2021-04-14,AAPL,0.5982914302335955
2021-04-15,AAPL,0.5932007633548698
2021-04-16,AAPL,0.5999993376354902
2021-04-19,AAPL,0.6160935089782177
2021-04-20,AAPL,0.6114456479999026
2021-04-21,AAPL,0.6214379445475152
2021-04-22,AAPL,0.6082834871667165
2021-04-23,AAPL,0.6052782700841198
2021-04-26,AAPL,0.6062774014904014
2021-04-27,AAPL,0.6113093215182847
2021-04-28,AAPL,0.5870214559298593
2021-04-29,AAPL,0.5691344988808307
2021-04-30,AAPL,0.5689326807998427
2021-05-03,AAPL,0.5440617006495498
2021-05-04,AAPL,0.5231700771842952
2021-05-05,AAPL,0.49371674165828056
2021-05-06,AAPL,0.5120613340106208
2021-05-07,AAPL,0.518460589816977
2021-05-10,AAPL,0.5117607588342945
2021-05-11,AAPL,0.5108924239791469
2021-05-12,AAPL,0.5075524186028423
2021-05-13,AAPL,0.48417024790745755
2021-05-14,AAPL,0.492801008689019
2021-05-17,AAPL,0.5036474861560961
2021-05-18,AAPL,0.49926022500423917
2021-05-19,AAPL,0.507656495358436
2021-05-20,AAPL,0.5283981253638071
2021-05-21,AAPL,0.5026103393111205
2021-05-24,AAPL,0.5427980418192674
2021-05-25,AAPL,0.5415463343156638
2021-05-26,AAPL,0.5206870849037457
2021-05-27,AAPL,0.4958743477732253
2021-05-28,AAPL,0.5340621612074311
2021-06-01,AAPL,0.53229144223096
2021-06-02,AAPL,0.5827936353193078
2021-06-03,AAPL,0.5418866153436389
2021-06-04,AAPL,0.5356882727562042
2021-06-07,AAPL,0.5502534738860589
2021-06-08,AAPL,0.5871200068024057
2021-06-09,AAPL,0.593551631098165
2021-06-10,AAPL,0.5587348970266295
2021-06-11,AAPL,0.5943011544744775
2021-06-14,AAPL,0.5907465675354641
2021-06-15,AAPL,0.5886586850490029
2021-06-16,AAPL,0.5921116303218642
2021-06-17,AAPL,0.6295502106031476
2021-06-18,AAPL,0.6232285142871239
2021-06-21,AAPL,0.6287317666543487
2021-06-22,AAPL,0.6335161867177203
2021-06-23,AAPL,0.6597861067769556
2021-06-24,AAPL,0.6381902249335669
2021-06-25,AAPL,0.64585590347761
2021-06-28,AAPL,0.6490164790800496
2021-06-29,AAPL,0.6473934392786735
2021-06-30,AAPL,0.672539953799454
2021-07-01,AAPL,0.6803579238545838
2021-07-02,AAPL,0.6690202099372183
2021-07-06,AAPL,0.6850921998021863
2021-07-07,AAPL,0.6848559147955623
2021-07-08,AAPL,0.6642804155550632
2021-07-09,AAPL,0.6910416340008919
2021-07-12,AAPL,0.676848222362263
2021-07-13,AAPL,0.6690534950844191
2021-07-14,AAPL,0.6685551969294324
2021-07-15,AAPL,0.6768779863873391
2021-07-16,AAPL,0.6526793508442714
2021-07-19,AAPL,0.6121385425750087
2021-07-20,AAPL,0.6085142548346358
2021-07-21,AAPL,0.5998707013592324
2021-07-22,AAPL,0.6029345745250726
2021-07-23,AAPL,0.6084052119357937
2021-07-26,AAPL,0.6171669380156831
2021-07-27,AAPL,0.5744592176396165
2021-07-28,AAPL,0.5811939563053127
2021-07-29,AAPL,0.5714446483025489
2021-07-30,AAPL,0.5706169719979649
2021-08-02,AAPL,0.5555789276166517
2021-08-03,AAPL,0.5463623439091934
2021-08-04,AAPL,0.5575223192677459
2021-08-05,AAPL,0.5832098125382718
2021-08-06,AAPL,0.6264908625514087
2021-08-09,AAPL,0.5865879902453619
2021-08-10,AAPL,0.5794113271381757
2021-08-11,AAPL,0.5603156070139279
2021-08-12,AAPL,0.5653817419752912
2021-08-13,AAPL,0.5712466703999142
2021-08-16,AAPL,0.6365025628634021
2021-08-17,AAPL,0.6682642898591227
2021-08-18,AAPL,0.5942685360219654
2021-08-19,AAPL,0.5813690437230146
2021-08-20,AAPL,0.5978288904727097
2021-08-23,AAPL,0.582827714778817
2021-08-24,AAPL,0.5955310442579542
2021-08-25,AAPL,0.5930528035818292
2021-08-26,AAPL,0.6002242704733415
2021-08-27,AAPL,0.6020467533685959
2021-08-30,AAPL,0.6167450814587531
2021-08-31,AAPL,0.605457608200258
2021-09-01,AAPL,0.5862869620879154
2021-09-02,AAPL,0.594866882930045
2021-09-03,AAPL,0.5886942742249146
2021-09-07,AAPL,0.5976485966034938
2021-09-08,AAPL,0.6423717105988619
2021-09-09,AAPL,0.6286748152901273
2021-09-10,AAPL,0.5518292260331774
2021-09-13,AAPL,0.5419766881951615
2021-09-14,AAPL,0.5304301562799526
2021-09-15,AAPL,0.5503946334132597
2021-09-16,AAPL,0.5698002977741942
2021-09-17,AAPL,0.5529087182638539
2021-09-20,AAPL,0.4872690042461856
2021-09-21,AAPL,0.5072703871038821
2021-09-22,AAPL,0.512551523974747
2021-09-23,AAPL,0.5106536015421135
2021-09-24,AAPL,0.5073645082897522
2021-09-27,AAPL,0.4804541621158971
2021-09-28,AAPL,0.47295525349841017
2021-09-29,AAPL,0.47809142271138155
2021-09-30,AAPL,0.49876606089771136
2021-10-01,AAPL,0.49179843204617557
2021-10-04,AAPL,0.48502381864013727
2021-10-05,AAPL,0.4960846737884012
2021-10-06,AAPL,0.5000991053828857
2021-10-07,AAPL,0.5330972792138572
2021-10-08,AAPL,0.5655495111815303
2021-10-11,AAPL,0.5650918909478926
2021-10-12,AAPL,0.515493711115646
2021-10-13,AAPL,0.4925692383976238
2021-10-14,AAPL,0.5060447987277973
2021-10-15,AAPL,0.536780597312992
2021-10-18,AAPL,0.5845921562128261
2021-10-19,AAPL,0.5960367400057168
2021-10-20,AAPL,0.6238326432897269
2021-10-21,AAPL,0.6118828277298429
2021-10-22,AAPL,0.6586334683991101
2021-10-25,AAPL,0.6462385145183598
2021-10-26,AAPL,0.6436377118632659
2021-10-27,AAPL,0.6261918466341314
2021-10-28,AAPL,0.6435834282954936
2021-10-29,AAPL,0.6088916706772022
2021-11-01,AAPL,0.63547332139779
2021-11-02,AAPL,0.6497684263164415
2021-11-03,AAPL,0.6441182254933182
2021-11-04,AAPL,0.6211992162398163
2021-11-05,AAPL,0.6196589798096384
2021-11-08,AAPL,0.5927671276194109
2021-11-09,AAPL,0.592400744893289
2021-11-10,AAPL,0.5536597963091852
2021-11-11,AAPL,0.5721278945804958
2021-11-12,AAPL,0.5818580394312781
2021-11-15,AAPL,0.578307896702828
2021-11-16,AAPL,0.591509439380284
2021-11-17,AAPL,0.5780595121367854
2021-11-18,AAPL,0.6338961268438895
2021-11-19,AAPL,0.651408746932253
2021-11-22,AAPL,0.6503047325632749
2021-11-23,AAPL,0.646880203359849
2021-11-24,AAPL,0.6511595938971729
2021-11-26,AAPL,0.5760316485660506
2021-11-29,AAPL,0.5872482003381753
2021-11-30,AAPL,0.5806643624635424
2021-12-01,AAPL,0.613751195227545
2021-12-02,AAPL,0.6084704763231588
2021-12-03,AAPL,0.6104732520111961
2021-12-06,AAPL,0.6057456286632441
2021-12-07,AAPL,0.5885828128988227
2021-12-08,AAPL,0.5905558389808362
2021-12-09,AAPL,0.5978415162980794
2021-12-10,AAPL,0.5952997886115595
2021-12-13,AAPL,0.5721390878739396
2021-12-14,AAPL,0.5593679797636846
2021-12-15,AAPL,0.5489662711428519
2021-12-16,AAPL,0.5503751475070127
2021-12-17,AAPL,0.5173855450730515
2021-12-20,AAPL,0.5152072484085517
2021-12-21,AAPL,0.5365024773852447
2021-12-22,AAPL,0.5424716555368737
2021-12-23,AAPL,0.580278701616409
2021-12-27,AAPL,0.5951764179327901
2021-12-28,AAPL,0.5778074724029906
2021-12-29,AAPL,0.5550111199273154
2021-12-30,AAPL,0.5566380027139824
2021-12-31,AAPL,0.521579870091945
2022-01-03,AAPL,0.5483679030918548
2022-01-04,AAPL,0.5549428546972577
2022-01-05,AAPL,0.514126421608644
2022-01-06,AAPL,0.5527401229290827
2022-01-07,AAPL,0.5621428649172356
2022-01-10,AAPL,0.5625975208987123
2022-01-11,AAPL,0.5602594885660396
2022-01-12,AAPL,0.5592499068304106
2022-01-13,AAPL,0.5414425823089262
2022-01-14,AAPL,0.5199947004264046
2022-01-18,AAPL,0.5183699884935778
2022-01-19,AAPL,0.49495365374433253
2022-01-20,AAPL,0.48508951947375323
2022-01-21,AAPL,0.48189950859525377
2022-01-24,AAPL,0.42378510989804963
2022-01-25,AAPL,0.4386682214381355
2022-01-26,AAPL,0.4574564633924839
2022-01-27,AAPL,0.4642826299098298
2022-01-28,AAPL,0.5005687427949679
2022-01-31,AAPL,0.5249840255899096
2022-02-01,AAPL,0.514932262731737
2022-02-02,AAPL,0.5114489676647996
2022-02-03,AAPL,0.5258453903829572
2022-02-04,AAPL,0.48330060998249763
2022-02-07,AAPL,0.48818236621191413
2022-02-08,AAPL,0.5195388511136342
2022-02-09,AAPL,0.5368946249529616
2022-02-10,AAPL,0.5349758718868117
2022-02-11,AAPL,0.5417611420884896
2022-02-14,AAPL,0.5620282342508536
2022-02-15,AAPL,0.5629448048105159
2022-02-16,AAPL,0.5729021405566295
2022-02-17,AAPL,0.5170821157299229
2022-02-18,AAPL,0.4863145358041245
2022-02-22,AAPL,0.47597024505501906
2022-02-23,AAPL,0.44915024115044444
2022-02-24,AAPL,0.4637478850966758
2022-02-25,AAPL,0.4883576938718278
2022-02-28,AAPL,0.5086432705979863
2022-03-01,AAPL,0.4897858374887973
2022-03-02,AAPL,0.5042529628861867
2022-03-03,AAPL,0.5154223232895896
2022-03-04,AAPL,0.5146350466882501
2022-03-07,AAPL,0.4919298103925826
2022-03-08,AAPL,0.44770446043180695
2022-03-09,AAPL,0.4514600382272367
2022-03-10,AAPL,0.45883956873247683
2022-03-11,AAPL,0.46878415686092756
2022-03-14,AAPL,0.4817107537432002
2022-03-15,AAPL,0.5055846736645881
2022-03-16,AAPL,0.4890089244057779
2022-03-17,AAPL,0.49597930085058034
2022-03-18,AAPL,0.5038815284345589
2022-03-21,AAPL,0.5297478126077546
2022-03-22,AAPL,0.5068338278659458
2022-03-23,AAPL,0.5110811496836151
2022-03-24,AAPL,0.5219782035265585
2022-03-25,AAPL,0.536284105714767
2022-03-28,AAPL,0.5426006157861057
2022-03-29,AAPL,0.5300567711243801
2022-03-30,AAPL,0.5686117353521869
2022-03-31,AAPL,0.5748465483785361
2022-04-01,AAPL,0.6219198124011509
2022-04-04,AAPL,0.6186643528723641
2022-04-05,AAPL,0.5894915732457964
2022-04-06,AAPL,0.5693006288955827
2022-04-07,AAPL,0.5792034036437899
2022-04-08,AAPL,0.5739164778430706
2022-04-11,AAPL,0.5348150480510763
2022-04-12,AAPL,0.5462496595201192
2022-04-13,AAPL,0.5425344496170267
2022-04-14,AAPL,0.5168983524404405
2022-04-18,AAPL,0.5141819553053948
2022-04-19,AAPL,0.5152625656462335
2022-04-20,AAPL,0.5119870619161877
2022-04-21,AAPL,0.5081091554983973
2022-04-22,AAPL,0.5094495563588081
2022-04-25,AAPL,0.4707161822025311
2022-04-26,AAPL,0.45706380031387644
2022-04-27,AAPL,0.46281666450120407
2022-04-28,AAPL,0.4749814511582059
2022-04-29,AAPL,0.4778341893003813
2022-05-02,AAPL,0.484699412218925
2022-05-03,AAPL,0.49768710074471306
2022-05-04,AAPL,0.4896221107749036
2022-05-05,AAPL,0.4635866928891522
2022-05-06,AAPL,0.4672383514187392
2022-05-09,AAPL,0.4449191282787197
2022-05-10,AAPL,0.43497840045181485
2022-05-11,AAPL,0.405678935285776
2022-05-12,AAPL,0.4342055878002488
2022-05-13,AAPL,0.42480826378921926
2022-05-16,AAPL,0.459680091271066
2022-05-17,AAPL,0.4501123237674032
2022-05-18,AAPL,0.44091206569379593
2022-05-19,AAPL,0.4468444746119531
2022-05-20,AAPL,0.42330710823002327
2022-05-23,AAPL,0.4111480449936362
2022-05-24,AAPL,0.38438910625370254
2022-05-25,AAPL,0.42338316161913353
2022-05-26,AAPL,0.4270208831731147
2022-05-27,AAPL,0.4564273796652962
2022-05-31,AAPL,0.42487824556712894
2022-06-01,AAPL,0.47535498148006056
2022-06-02,AAPL,0.4840837048381339
2022-06-03,AAPL,0.4437290673217747
2022-06-06,AAPL,0.426933963381422
2022-06-07,AAPL,0.4278484034213588
2022-06-08,AAPL,0.4778843189696915
2022-06-09,AAPL,0.4836371852116627
2022-06-10,AAPL,0.48987662939926035
2022-06-13,AAPL,0.4472728112575741
2022-06-14,AAPL,0.4525966966023439
2022-06-15,AAPL,0.4528017673146844
2022-06-16,AAPL,0.46113947521148796
2022-06-17,AAPL,0.4363886957881234
2022-06-21,AAPL,0.47351833815450434
2022-06-22,AAPL,0.4784239557462958
2022-06-23,AAPL,0.4623528431963914
2022-06-24,AAPL,0.5080233001372475
2022-06-27,AAPL,0.4947726840549162
2022-06-28,AAPL,0.44923735089030753
2022-06-29,AAPL,0.4513173839276347
2022-06-30,AAPL,0.45897911814520986
2022-07-01,AAPL,0.46805213512275573
2022-07-05,AAPL,0.5151797582645951
2022-07-06,AAPL,0.5337033937252953
2022-07-07,AAPL,0.5168247302562872
2022-07-08,AAPL,0.5824455149756246
2022-07-11,AAPL,0.5718011172330143
2022-07-12,AAPL,0.5585351771645101
2022-07-13,AAPL,0.5680905613970496
2022-07-14,AAPL,0.5497318909984608
2022-07-15,AAPL,0.5365590022083567
2022-07-18,AAPL,0.5475668781830796
2022-07-19,AAPL,0.5923856691445576
2022-07-20,AAPL,0.6009198325557349
2022-07-21,AAPL,0.6303543400106697
2022-07-22,AAPL,0.6162416185457156
2022-07-25,AAPL,0.6107320125794565
2022-07-26,AAPL,0.5870795287335838
2022-07-27,AAPL,0.5765579886833546
2022-07-28,AAPL,0.5785500919485649
2022-07-29,AAPL,0.6120076604487766
2022-08-01,AAPL,0.6147858710576359
2022-08-02,AAPL,0.6240475403389381
2022-08-03,AAPL,0.5975256434194823
2022-08-04,AAPL,0.6037117971250001
2022-08-05,AAPL,0.616642964516136
2022-08-08,AAPL,0.612102456670887
2022-08-09,AAPL,0.6115929281735651
2022-08-10,AAPL,0.5996230383286925
2022-08-11,AAPL,0.6167298865046776
2022-08-12,AAPL,0.6369812507725419
2022-08-15,AAPL,0.6666517675438239
2022-08-16,AAPL,0.6597318560106902
2022-08-17,AAPL,0.6549924310615471
2022-08-18,AAPL,0.6464367068912449
2022-08-19,AAPL,0.6264540505609522
2022-08-22,AAPL,0.607368647209801
2022-08-23,AAPL,0.5710777308370206
2022-08-24,AAPL,0.5816080028149865
2022-08-25,AAPL,0.6011346987652297
2022-08-26,AAPL,0.5675933906192796
2022-08-29,AAPL,0.5665532909814074
2022-08-30,AAPL,0.5216902976284425
2022-08-31,AAPL,0.5217483508021069
2022-09-01,AAPL,0.4799959492768807
2022-09-02,AAPL,0.47486113268013075
2022-09-06,AAPL,0.47248000973320103
2022-09-07,AAPL,0.46832004366988406
2022-09-08,AAPL,0.4733807749507355
2022-09-09,AAPL,0.4986009510141209
2022-09-12,AAPL,0.5329238933975905
2022-09-13,AAPL,0.49721371294382527
2022-09-14,AAPL,0.48359688365455517
2022-09-15,AAPL,0.4620000248989698
2022-09-16,AAPL,0.46136095033721614
2022-09-19,AAPL,0.4611729932081124
2022-09-20,AAPL,0.5032092282289414
2022-09-21,AAPL,0.49912462809799407
2022-09-22,AAPL,0.4962289836492304
2022-09-23,AAPL,0.5054831057309607
2022-09-26,AAPL,0.5092823301476102
2022-09-27,AAPL,0.4820507289167335
2022-09-28,AAPL,0.4886659248940949
2022-09-29,AAPL,0.4509955916984568
2022-09-30,AAPL,0.4086568556212948
2022-10-03,AAPL,0.4508582461041751
2022-10-04,AAPL,0.4537307869575429
2022-10-05,AAPL,0.46831367210917335
2022-10-06,AAPL,0.49875595560555985
2022-10-07,AAPL,0.46890032171373175
2022-10-10,AAPL,0.43386508339947516
2022-10-11,AAPL,0.44729105450648676
2022-10-12,AAPL,0.44339501502432804
2022-10-13,AAPL,0.4490670484704905
2022-10-14,AAPL,0.4533581841978115
2022-10-17,AAPL,0.4539787757470773
2022-10-18,AAPL,0.4720851710547237
2022-10-19,AAPL,0.5207626343351707
2022-10-20,AAPL,0.5292399090840604
2022-10-21,AAPL,0.5179104414667941
2022-10-24,AAPL,0.4899441142481172
2022-10-25,AAPL,0.4882303540312864
2022-10-26,AAPL,0.48292109632791114
2022-10-27,AAPL,0.5218088959486344
2022-10-28,AAPL,0.48192758102532235
2022-10-31,AAPL,0.4995229706249075
2022-11-01,AAPL,0.48662214386575303
2022-11-02,AAPL,0.4660811842035579
2022-11-03,AAPL,0.48428354550408703
2022-11-04,AAPL,0.4353347333586832
2022-11-07,AAPL,0.4469710481733716
2022-11-08,AAPL,0.45993505014447894
2022-11-09,AAPL,0.47005560912118893
2022-11-10,AAPL,0.4439890258022759
2022-11-11,AAPL,0.47409399462303653
2022-11-14,AAPL,0.4629203616587967
2022-11-15,AAPL,0.4662208947030729
2022-11-16,AAPL,0.5000161516042442
2022-11-17,AAPL,0.4108049382093358
2022-11-18,AAPL,0.41502874506984827
2022-11-21,AAPL,0.43089912676563125
2022-11-22,AAPL,0.45698909916189306
2022-11-23,AAPL,0.5036163406462091
2022-11-25,AAPL,0.5209129319593123
2022-11-28,AAPL,0.5072397844057427
2022-11-29,AAPL,0.49947651218160943
2022-11-30,AAPL,0.5084010395108634
2022-12-01,AAPL,0.47968931387728264
2022-12-02,AAPL,0.4896926772678805
2022-12-05,AAPL,0.5085569995106447
2022-12-06,AAPL,0.4913724157365256
2022-12-07,AAPL,0.47064511095481826
2022-12-08,AAPL,0.4755838492503451
2022-12-09,AAPL,0.4860268557889148
2022-12-12,AAPL,0.5074839317857887
2022-12-13,AAPL,0.49972557038651094
2022-12-14,AAPL,0.5010216099381907
2022-12-15,AAPL,0.4831387854895891
2022-12-16,AAPL,0.4826968494087468
2022-12-19,AAPL,0.4878030017187372
2022-12-20,AAPL,0.4156228728461351
2022-12-21,AAPL,0.42923098404180354
2022-12-22,AAPL,0.44824096436881855
2022-12-23,AAPL,0.4576089256166089
2022-12-27,AAPL,0.48216842876712296
2022-12-28,AAPL,0.47996752802812076
2022-12-29,AAPL,0.4650681865594345
2022-12-30,AAPL,0.4693325762422935
2023-01-03,AAPL,0.4306545674702177
2023-01-04,AAPL,0.4254450889576523
2023-01-05,AAPL,0.4498750451915733
2023-01-06,AAPL,0.47903687220250857
2023-01-09,AAPL,0.48612010190840643
2023-01-10,AAPL,0.5168987595133677
2023-01-11,AAPL,0.5109523834998314
2023-01-12,AAPL,0.4864132814957336
2023-01-13,AAPL,0.504485568566089
2023-01-17,AAPL,0.5239614070042194
2023-01-18,AAPL,0.5281277435962157
2023-01-19,AAPL,0.5700404202943707
2023-01-20,AAPL,0.550896556063552
2023-01-23,AAPL,0.5544925890120687
2023-01-24,AAPL,0.6340464448045425
2023-01-25,AAPL,0.6315340847747735
2023-01-26,AAPL,0.6621253931812994
2023-01-27,AAPL,0.6614277402457489
2023-01-30,AAPL,0.6180213785157552
2023-01-31,AAPL,0.6167162061925224
2023-02-01,AAPL,0.629690348245084
2023-02-02,AAPL,0.6177498126463113
2023-02-03,AAPL,0.6170535522240731
2023-02-06,AAPL,0.6213635147216634
2023-02-07,AAPL,0.6281637987284946
2023-02-08,AAPL,0.6135063866571527
2023-02-09,AAPL,0.5882744738920271
2023-02-10,AAPL,0.5749650667636657
2023-02-13,AAPL,0.5781475695723246
2023-02-14,AAPL,0.5801268630827019
2023-02-15,AAPL,0.5897187840702237
2023-02-16,AAPL,0.5903925836146389
2023-02-17,AAPL,0.6154753821841656
2023-02-21,AAPL,0.5716262028748977
2023-02-22,AAPL,0.5731381862072221
2023-02-23,AAPL,0.5339261737733004
2023-02-24,AAPL,0.4966430536471833
2023-02-27,AAPL,0.5259079342537607
2023-02-28,AAPL,0.5161475846752109
2023-03-01,AAPL,0.5229584004243832
2023-03-02,AAPL,0.5362362062108599
2023-03-03,AAPL,0.5661656707755862
2023-03-06,AAPL,0.5479671339658574
2023-03-07,AAPL,0.5477159148594516
2023-03-08,AAPL,0.5425881018912538
2023-03-09,AAPL,0.5451137177379423
2023-03-10,AAPL,0.5211217183107356
2023-03-13,AAPL,0.5470747707534668
2023-03-14,AAPL,0.5573370258117114
2023-03-15,AAPL,0.5491120274993688
2023-03-16,AAPL,0.5842104978485771
2023-03-17,AAPL,0.5877150136062366
2023-03-20,AAPL,0.5966697386953043
2023-03-21,AAPL,0.6207533414686492
2023-03-22,AAPL,0.610691459931353
2023-03-23,AAPL,0.5796233378129564
2023-03-24,AAPL,0.579031157533524
2023-03-27,AAPL,0.5858704952349263
2023-03-28,AAPL,0.5730489367590166
2023-03-29,AAPL,0.6170989809036699
2023-03-30,AAPL,0.6512819863718882
2023-03-31,AAPL,0.6452993500631428
2023-04-03,AAPL,0.652860640265836
2023-04-04,AAPL,0.6611238142866553
2023-04-05,AAPL,0.620704691999923
2023-04-06,AAPL,0.6375724485545455
2023-04-10,AAPL,0.6012480795525674
2023-04-11,AAPL,0.57204538840844
2023-04-12,AAPL,0.5835211993715014
2023-04-13,AAPL,0.5968277337742381
2023-04-14,AAPL,0.5930043557887626
2023-04-17,AAPL,0.6293743319164874
2023-04-18,AAPL,0.6447657564924121
2023-04-19,AAPL,0.6342515739973449
2023-04-20,AAPL,0.6008010275811263
2023-04-21,AAPL,0.5668605027456496
2023-04-24,AAPL,0.5543193307127671
2023-04-25,AAPL,0.546361252985194
2023-04-26,AAPL,0.5641755957789426
2023-04-27,AAPL,0.5861059043696286
2023-04-28,AAPL,0.6324085379962952
2023-05-01,AAPL,0.6486138384252291
2023-05-02,AAPL,0.6520168620650504
2023-05-03,AAPL,0.5965175492816334
2023-05-04,AAPL,0.5687623490981779
2023-05-05,AAPL,0.5785891434996852
2023-05-08,AAPL,0.5913052864606553
2023-05-09,AAPL,0.5769934665386746
2023-05-10,AAPL,0.5979378286617519
2023-05-11,AAPL,0.6312753669584895
2023-05-12,AAPL,0.602017128722603
2023-05-15,AAPL,0.6177693995099316
2023-05-16,AAPL,0.6212629268610257
2023-05-17,AAPL,0.5862421902038834
2023-05-18,AAPL,0.5857823533585017
2023-05-19,AAPL,0.6078054395023449
2023-05-22,AAPL,0.6167049479440982
2023-05-23,AAPL,0.6052634978860603
2023-05-24,AAPL,0.6283044244149958
2023-05-25,AAPL,0.5555102325998834
2023-05-26,AAPL,0.5788975975352401
2023-05-30,AAPL,0.6207292633280005
2023-05-31,AAPL,0.6096026201357145
2023-06-01,AAPL,0.630792748772163
2023-06-02,AAPL,0.6613000720672638
2023-06-05,AAPL,0.6454337671734114
2023-06-06,AAPL,0.6419907036282585
2023-06-07,AAPL,0.6215089088849888
2023-06-08,AAPL,0.6088514744504013
2023-06-09,AAPL,0.6119344499663136
2023-06-12,AAPL,0.6409735778353532
2023-06-13,AAPL,0.6807762638255147
2023-06-14,AAPL,0.6856351605374521
2023-06-15,AAPL,0.6810805431330567
2023-06-16,AAPL,0.6562194997464555
2023-06-20,AAPL,0.6465416364765492
2023-06-21,AAPL,0.637802220535227
2023-06-22,AAPL,0.6340115313563122
2023-06-23,AAPL,0.6268272060974335
2023-06-26,AAPL,0.6367289217233887
2023-06-27,AAPL,0.653965393119454
2023-06-28,AAPL,0.680878491344697
2023-06-29,AAPL,0.6679350832080785
2023-06-30,AAPL,0.6689096101911668
2023-07-03,AAPL,0.6520000271722708
2023-07-05,AAPL,0.6405990106417527
2023-07-06,AAPL,0.6370427859464132
2023-07-07,AAPL,0.6194287620054184
2023-07-10,AAPL,0.5998590077176094
2023-07-11,AAPL,0.597918128321974
2023-07-12,AAPL,0.6205641310458707
2023-07-13,AAPL,0.6085849454232878
2023-07-14,AAPL,0.6179383473264567
2023-07-17,AAPL,0.654219047620065
2023-07-18,AAPL,0.6394442500125974
2023-07-19,AAPL,0.6274887653760886
2023-07-20,AAPL,0.6089024208800566
2023-07-21,AAPL,0.5513237405188928
2023-07-24,AAPL,0.5701832075321962
2023-07-25,AAPL,0.5975950488909639
2023-07-26,AAPL,0.5982405542506867
2023-07-27,AAPL,0.603690857992268
2023-07-28,AAPL,0.6489659756983043
2023-07-31,AAPL,0.6661810041523024
2023-08-01,AAPL,0.6465528574522473
2023-08-02,AAPL,0.6019775260681173
2023-08-03,AAPL,0.5857421414312467
2023-08-04,AAPL,0.47377988561930046
2023-08-07,AAPL,0.46498690016487604
2023-08-08,AAPL,0.4630337246547561
2023-08-09,AAPL,0.47483529913011485
2023-08-10,AAPL,0.47810727090841854
2023-08-11,AAPL,0.49099727472873905
2023-08-14,AAPL,0.501464472324516
2023-08-15,AAPL,0.48375154835273726
2023-08-16,AAPL,0.4842199703763027
2023-08-17,AAPL,0.44523525452626145
2023-08-18,AAPL,0.42699250616321616
2023-08-21,AAPL,0.4303165673253619
2023-08-22,AAPL,0.45497067604915914
2023-08-23,AAPL,0.4804882307400789
2023-08-24,AAPL,0.5232620278657026
2023-08-25,AAPL,0.5529767737806174
2023-08-28,AAPL,0.5493252533225844
2023-08-29,AAPL,0.5651075592388474
2023-08-30,AAPL,0.5627946777387585
2023-08-31,AAPL,0.5764359256915088
2023-09-01,AAPL,0.590424295068085
2023-09-05,AAPL,0.6154469970207543
2023-09-06,AAPL,0.5598127572798488
2023-09-07,AAPL,0.5396936658251561
2023-09-08,AAPL,0.536892369562196
2023-09-11,AAPL,0.5328514071987422
2023-09-12,AAPL,0.5107508240367246
2023-09-13,AAPL,0.505148529587674
2023-09-14,AAPL,0.5564497411574156
2023-09-15,AAPL,0.5373785079554091
2023-09-18,AAPL,0.5395003666590155
2023-09-19,AAPL,0.530317773250709
2023-09-20,AAPL,0.4876252045246869
2023-09-21,AAPL,0.46927139738177737
2023-09-22,AAPL,0.4684557117886682
2023-09-25,AAPL,0.4681273699211064
2023-09-26,AAPL,0.4806372449718794
2023-09-27,AAPL,0.5101690645188849
2023-09-28,AAPL,0.5079762978851837
2023-09-29,AAPL,0.49273889631989304
2023-10-02,AAPL,0.5259436916548992
2023-10-03,AAPL,0.5457360986024776
2023-10-04,AAPL,0.5461026019009313
2023-10-05,AAPL,0.5663243539838039
2023-10-06,AAPL,0.552127591015559
2023-10-09,AAPL,0.5474829123948294
2023-10-10,AAPL,0.58378602567672
2023-10-11,AAPL,0.6060214867040553
2023-10-12,AAPL,0.6009089900672185
2023-10-13,AAPL,0.5709016803339674
2023-10-16,AAPL,0.6216640410482737
2023-10-17,AAPL,0.6233788519771659
2023-10-18,AAPL,0.6113267892992859
2023-10-19,AAPL,0.6036638771577043
2023-10-20,AAPL,0.5606127749190806
2023-10-23,AAPL,0.5768210661376224
2023-10-24,AAPL,0.5804494530656252
2023-10-25,AAPL,0.5498486776024637
2023-10-26,AAPL,0.48518876658790844
2023-10-27,AAPL,0.4816159087880667
2023-10-30,AAPL,0.5089405627784019
2023-10-31,AAPL,0.49349923010696983
2023-11-01,AAPL,0.5144504786272072
2023-11-02,AAPL,0.5631838760380254
2023-11-03,AAPL,0.5527447862598474
2023-11-06,AAPL,0.5733101948875801
2023-11-07,AAPL,0.5933781813328007
2023-11-08,AAPL,0.5925146509649135
2023-11-09,AAPL,0.5999361129302442
2023-11-10,AAPL,0.6080177563202455
2023-11-13,AAPL,0.598107259075581
2023-11-14,AAPL,0.616140287740087
2023-11-15,AAPL,0.6718287365489145
2023-11-16,AAPL,0.6765379293422763
2023-11-17,AAPL,0.6729141247992999
2023-11-20,AAPL,0.6821284850336377
2023-11-21,AAPL,0.6713713853134333
2023-11-22,AAPL,0.6708514417582621
2023-11-24,AAPL,0.6825278446319915
2023-11-27,AAPL,0.6767206045154587
2023-11-28,AAPL,0.6647505434405432
2023-11-29,AAPL,0.65172130900168
2023-11-30,AAPL,0.6620736069509386
2023-12-01,AAPL,0.6487650243412579
2023-12-04,AAPL,0.6526454674319533
2023-12-05,AAPL,0.6478669259898279
2023-12-06,AAPL,0.6373076240187238
2023-12-07,AAPL,0.6335550069242954
2023-12-08,AAPL,0.639583871540656
2023-12-11,AAPL,0.6027190753838595
2023-12-12,AAPL,0.6158568851979185
2023-12-13,AAPL,0.6236192100219282
2023-12-14,AAPL,0.6389544684959527
2023-12-15,AAPL,0.6270339359082365
2023-12-18,AAPL,0.6220959629020123
2023-12-19,AAPL,0.6405175272204832
2023-12-20,AAPL,0.6109238354602923
2023-12-21,AAPL,0.6021656920496964
2023-12-22,AAPL,0.6189281162092523
2023-12-26,AAPL,0.584524666758162
2023-12-27,AAPL,0.5938368812746985
2023-12-28,AAPL,0.5879997730460768
2023-12-29,AAPL,0.5583531467390372
2024-01-02,AAPL,0.5218413499952099
2024-01-03,AAPL,0.4958295334062082
2024-01-04,AAPL,0.4323373088148717
2024-01-05,AAPL,0.426295591722297
2024-01-08,AAPL,0.47840629127944456
2024-01-09,AAPL,0.5036254673577364
2024-01-10,AAPL,0.5018160826381207
2024-01-11,AAPL,0.5148839991203252
2024-01-12,AAPL,0.5220732582831527
2024-01-16,AAPL,0.49821124247095694
2024-01-17,AAPL,0.4890187844290787
2024-01-18,AAPL,0.5110318686443147
2024-01-19,AAPL,0.5203281100691362
2024-01-22,AAPL,0.5368389941343854
2024-01-23,AAPL,0.617362181485096
2024-01-24,AAPL,0.6286313290733794
2024-01-25,AAPL,0.6385216307620798
2024-01-26,AAPL,0.6237348562390558
2024-01-29,AAPL,0.586968666933143
2024-01-30,AAPL,0.5515780852757677
2024-01-31,AAPL,0.532513391565566
2024-02-01,AAPL,0.5535107268427953
2024-02-02,AAPL,0.5489851560908187
2024-02-05,AAPL,0.5850170988313472
2024-02-06,AAPL,0.6146153160431312
2024-02-07,AAPL,0.5879799800481099
2024-02-08,AAPL,0.5495511304418325
2024-02-09,AAPL,0.5293611591093949
2024-02-12,AAPL,0.49941815387933086
2024-02-13,AAPL,0.4871311623948569
2024-02-14,AAPL,0.48334962291706085
2024-02-15,AAPL,0.49989882843989203
2024-02-16,AAPL,0.49764684260324454
2024-02-20,AAPL,0.5227300114337943
2024-02-21,AAPL,0.5706124441593098
2024-02-22,AAPL,0.5556205829267433
2024-02-23,AAPL,0.5540638250728037
2024-02-26,AAPL,0.5199251132614668
2024-02-27,AAPL,0.5060589896368706
2024-02-28,AAPL,0.4995650645160798
2024-02-29,AAPL,0.48935207435343026
2024-03-01,AAPL,0.48868536867300777
2024-03-04,AAPL,0.4767834290986629
2024-03-05,AAPL,0.4612619601385791
2024-03-06,AAPL,0.46627242283685527
2024-03-07,AAPL,0.4658146498424901
2024-03-08,AAPL,0.48441286237092934
2024-03-11,AAPL,0.5141866042669739
2024-03-12,AAPL,0.5230387799264044
2024-03-13,AAPL,0.4939001510935805
2024-03-14,AAPL,0.5121956654605195
2024-03-15,AAPL,0.503913714599357
2024-03-18,AAPL,0.48880111465401554
2024-03-19,AAPL,0.5090470730598965
2024-03-20,AAPL,0.533462259183672
2024-03-21,AAPL,0.4898679794223434
2024-03-22,AAPL,0.5254714338376193
2024-03-25,AAPL,0.55850667812742
2024-03-26,AAPL,0.5508476321689918
2024-03-27,AAPL,0.5492552893355069
2024-03-28,AAPL,0.5508554860770112
2024-04-01,AAPL,0.5273307359365771
2024-04-02,AAPL,0.5293661887115881
2024-04-03,AAPL,0.5619464988693377
2024-04-04,AAPL,0.5360637681129087
2024-04-05,AAPL,0.542729456071152
2024-04-08,AAPL,0.5367805183174064
2024-04-09,AAPL,0.5224511726165325
2024-04-10,AAPL,0.48370641686918553
2024-04-11,AAPL,0.5738929882837975
2024-04-12,AAPL,0.5703634659645705
2024-04-15,AAPL,0.564043726998671
2024-04-16,AAPL,0.5456205872339389
2024-04-17,AAPL,0.5190380128194401
2024-04-18,AAPL,0.5039844589727622
2024-04-19,AAPL,0.5108643837545214
2024-04-22,AAPL,0.5316342026721098
2024-04-23,AAPL,0.5412411937332717
2024-04-24,AAPL,0.5591927704663492
2024-04-25,AAPL,0.567850664683746
2024-04-26,AAPL,0.5833859356609168
2024-04-29,AAPL,0.5742104186151844
2024-04-30,AAPL,0.5680475653931766
2024-05-01,AAPL,0.5050231175502549
2024-05-02,AAPL,0.5017086597190736
2024-05-03,AAPL,0.5307784911521601
2024-05-06,AAPL,0.5602203636449296
2024-05-07,AAPL,0.5858545344110511
2024-05-08,AAPL,0.6122873058252736
2024-05-09,AAPL,0.6264565383773305
2024-05-10,AAPL,0.5852684648195857
2024-05-13,AAPL,0.5951067256377289
2024-05-14,AAPL,0.5988028458984217
2024-05-15,AAPL,0.5993566622499815
2024-05-16,AAPL,0.6160759436701404
2024-05-17,AAPL,0.6353218898047377
2024-05-20,AAPL,0.6653582797218106
2024-05-21,AAPL,0.6810915686092771
2024-05-22,AAPL,0.6616528466225254
2024-05-23,AAPL,0.5790620600558598
2024-05-24,AAPL,0.6166730300214355
2024-05-28,AAPL,0.6148683414630954
2024-05-29,AAPL,0.6215563832469011
2024-05-30,AAPL,0.6277197135235967
2024-05-31,AAPL,0.661703992884035
2024-06-03,AAPL,0.6629824321718161
2024-06-04,AAPL,0.6641212402722623
2024-06-05,AAPL,0.6571369108312184
2024-06-06,AAPL,0.6393073367074598
2024-06-07,AAPL,0.6416139516907663
2024-06-10,AAPL,0.5927121974964834
2024-06-11,AAPL,0.5734051768942424
2024-06-12,AAPL,0.5838431865570367
2024-06-13,AAPL,0.6415846421277388
2024-06-14,AAPL,0.6279015393783957
2024-06-17,AAPL,0.6383140329842392
2024-06-18,AAPL,0.5947938643273697
2024-06-20,AAPL,0.5566686269976433
2024-06-21,AAPL,0.5281018578285555
2024-06-24,AAPL,0.5553621844666758
2024-06-25,AAPL,0.546485254154006
2024-06-26,AAPL,0.565121893960788
2024-06-27,AAPL,0.5973280239054356
2024-06-28,AAPL,0.5824090732171922
2024-07-01,AAPL,0.6033455793207851
2024-07-02,AAPL,0.5794623199744965
2024-07-03,AAPL,0.561240874878099
2024-07-05,AAPL,0.5604669468541528
2024-07-08,AAPL,0.5912890490927021
2024-07-09,AAPL,0.5722441973000747
2024-07-10,AAPL,0.6010679062046731
2024-07-11,AAPL,0.6208713376972693
2024-07-12,AAPL,0.6296557253291598
2024-07-15,AAPL,0.6218706012848098
2024-07-16,AAPL,0.6332931491346462
2024-07-17,AAPL,0.5844196765066456
2024-07-18,AAPL,0.5740999225991487
2024-07-19,AAPL,0.6020059026122088
2024-07-22,AAPL,0.5775993461558006
2024-07-23,AAPL,0.5679878521630454
2024-07-24,AAPL,0.5458744927520454
2024-07-25,AAPL,0.5185899994077804
2024-07-26,AAPL,0.5144082874519766
2024-07-29,AAPL,0.5192055237117963
2024-07-30,AAPL,0.4861027771475997
2024-07-31,AAPL,0.5391710939806335
2024-08-01,AAPL,0.4968561316495949
2024-08-02,AAPL,0.4591648407275655
2024-08-05,AAPL,0.42030263669035517
2024-08-06,AAPL,0.4312268949738032
2024-08-07,AAPL,0.4450509674225893
2024-08-08,AAPL,0.4719465186781365
2024-08-09,AAPL,0.48015221684803866
2024-08-12,AAPL,0.501002809360334
2024-08-13,AAPL,0.5484881573527209
2024-08-14,AAPL,0.5598472749398304
2024-08-15,AAPL,0.5555320870178824
2024-08-16,AAPL,0.5525197822664113
2024-08-19,AAPL,0.5380731480240508
2024-08-20,AAPL,0.5160589920170162
2024-08-21,AAPL,0.5561677513025857
2024-08-22,AAPL,0.5381772964629079
2024-08-23,AAPL,0.655679680823572
2024-08-26,AAPL,0.6901226204055944
2024-08-27,AAPL,0.6899067688341948
2024-08-28,AAPL,0.6626691300441973
2024-08-29,AAPL,0.6644236690881441
2024-08-30,AAPL,0.6477436550186474
2024-09-03,AAPL,0.5803273836302851
2024-09-04,AAPL,0.5648703366865176
2024-09-05,AAPL,0.5520870082592526
2024-09-06,AAPL,0.5182258464510247
2024-09-09,AAPL,0.519504543854638
2024-09-10,AAPL,0.5239183120822674
2024-09-11,AAPL,0.5501474461659356
2024-09-12,AAPL,0.5631540336681061
2024-09-13,AAPL,0.5445060359266363
2024-09-16,AAPL,0.5000132979208796
2024-09-17,AAPL,0.49097711795742205
2024-09-18,AAPL,0.5122232486929174
2024-09-19,AAPL,0.5184596639327161
2024-09-20,AAPL,0.4893480665188948
2024-09-23,AAPL,0.5794396808496846
2024-09-24,AAPL,0.5985316587741891
2024-09-25,AAPL,0.5770868693799611
2024-09-26,AAPL,0.580276482710564
2024-09-27,AAPL,0.5829947748752777
2024-09-30,AAPL,0.594531796396797
2024-10-01,AAPL,0.5487671920965952
2024-10-02,AAPL,0.5604012857984095
2024-10-03,AAPL,0.5617007796471302
2024-10-04,AAPL,0.6106473725128536
2024-10-07,AAPL,0.5668368333587689
2024-10-08,AAPL,0.5728322423404201
2024-10-09,AAPL,0.5401667131910248
2024-10-10,AAPL,0.5509987505500683
2024-10-11,AAPL,0.5548782998505665
2024-10-14,AAPL,0.5871785239292914
2024-10-15,AAPL,0.5842489694600038
2024-10-16,AAPL,0.5681049200560505
2024-10-17,AAPL,0.5711852034888494
2024-10-18,AAPL,0.55333923399542
2024-10-21,AAPL,0.6051825523648597
2024-10-22,AAPL,0.5981470327730272
2024-10-23,AAPL,0.5793789399156998
2024-10-24,AAPL,0.5751661530703249
2024-10-25,AAPL,0.6108074528839862
2024-10-28,AAPL,0.5974278080824019
2024-10-29,AAPL,0.5928223128603616
2024-10-30,AAPL,0.577160709688114
2024-10-31,AAPL,0.5600184404849321
2024-11-01,AAPL,0.5134539477849877
2024-11-04,AAPL,0.49408334319304903
2024-11-05,AAPL,0.5194425768658837
2024-11-06,AAPL,0.5102224116298861
2024-11-07,AAPL,0.5240053752266299
2024-11-08,AAPL,0.5191835366236496
2024-11-11,AAPL,0.515550293568332
2024-11-12,AAPL,0.5397120328030427
2024-11-13,AAPL,0.5440243553392707
2024-11-14,AAPL,0.5412145471190598
2024-11-15,AAPL,0.5103339474111033
2024-11-18,AAPL,0.5222424247514966
2024-11-19,AAPL,0.5485068726552121
2024-11-20,AAPL,0.5895299708132685
2024-11-21,AAPL,0.612842057812586
2024-11-22,AAPL,0.6344354685950874
2024-11-25,AAPL,0.6159227843053837
2024-11-26,AAPL,0.6379005347563573
2024-11-27,AAPL,0.6218243886037135
2024-11-29,AAPL,0.6468355150499729
2024-12-02,AAPL,0.6847089320117544
2024-12-03,AAPL,0.6882043293757572
2024-12-04,AAPL,0.6859893353075409
2024-12-05,AAPL,0.6854305137450166
2024-12-06,AAPL,0.7312721969395457
2024-12-09,AAPL,0.7225287282325704
2024-12-10,AAPL,0.729130005950466
2024-12-11,AAPL,0.7144599388269118
2024-12-12,AAPL,0.7262109968321222
2024-12-13,AAPL,0.7293859462419408
2024-12-16,AAPL,0.7257340382546145
2024-12-17,AAPL,0.7257451145935243
2024-12-18,AAPL,0.6662841760772064
2024-12-19,AAPL,0.6587981158021383
2024-12-20,AAPL,0.6460829434192141
2024-12-23,AAPL,0.6576383007404948
2024-12-24,AAPL,0.6631429104502047
2024-12-26,AAPL,0.6763207813375172
2024-12-27,AAPL,0.6493336936714117
2024-12-30,AAPL,0.6037430559207279
2024-12-31,AAPL,0.5883430948734292
2025-01-02,AAPL,0.5553470877805919
2025-01-03,AAPL,0.5396359755442692
2025-01-06,AAPL,0.550755001747418
2025-01-07,AAPL,0.5369089641368545
2025-01-08,AAPL,0.5259359788835184
2025-01-10,AAPL,0.5396375969279672
2025-01-13,AAPL,0.5229861092653169
2025-01-14,AAPL,0.47636980072162743
2025-01-15,AAPL,0.49391301942867166
2025-01-16,AAPL,0.44936953848180583
2025-01-17,AAPL,0.4494570076273363
2025-01-21,AAPL,0.4525424308294525
2025-01-22,AAPL,0.4625360100272113
2025-01-23,AAPL,0.4502834901826154
2025-01-24,AAPL,0.48048396290679335
2025-01-27,AAPL,0.48224684383187266
2025-01-28,AAPL,0.49972945138815056
2025-01-29,AAPL,0.5115262934031719
2025-01-30,AAPL,0.5097918621550247
2025-01-31,AAPL,0.5126075140817244
2025-02-03,AAPL,0.49347277264773565
2025-02-04,AAPL,0.4742792869733655
2025-02-05,AAPL,0.45574800097878626
2025-02-06,AAPL,0.5032522240697779
2025-02-07,AAPL,0.4788094127230311
2025-02-10,AAPL,0.5409969081728563
2025-02-11,AAPL,0.5375795348148544
2025-02-12,AAPL,0.5467681583272875
2025-02-13,AAPL,0.5484845577834081
2025-02-14,AAPL,0.5653868218779162
2025-02-18,AAPL,0.535056686241912
2025-02-19,AAPL,0.5443333170715867
2025-02-20,AAPL,0.5518065455730221
2025-02-21,AAPL,0.5597429315084337
2025-02-24,AAPL,0.6218659028196614
2025-02-25,AAPL,0.6132457241024843
2025-02-26,AAPL,0.5719219765897351
2025-02-27,AAPL,0.551768349670539
2025-02-28,AAPL,0.5988355776133778
2025-03-03,AAPL,0.5796399823452495
2025-03-04,AAPL,0.5617408424421152
2025-03-05,AAPL,0.5502211976253861
2025-03-06,AAPL,0.5223379785728087
2025-03-07,AAPL,0.5095458840975646
2025-03-10,AAPL,0.4791252830492118
2025-03-11,AAPL,0.4633177371325837
2025-03-12,AAPL,0.4462110676473012
2025-03-13,AAPL,0.4362598077610295
2025-03-14,AAPL,0.4290581053446451
2025-03-17,AAPL,0.4475016406916971
2025-03-18,AAPL,0.46857626709787253
2025-03-19,AAPL,0.4828126733745032
2025-03-20,AAPL,0.47242415689537404
2025-03-21,AAPL,0.4781406746416237
2025-03-24,AAPL,0.48255793569204863
2025-03-25,AAPL,0.4860918810505053
2025-03-26,AAPL,0.47901100943804564
2025-03-27,AAPL,0.4608182345199799
2025-03-28,AAPL,0.4836324929466759
2025-03-31,AAPL,0.5067511210293266
2025-04-01,AAPL,0.524161648489949
2025-04-02,AAPL,0.5798821627099059
2025-04-03,AAPL,0.4472592416693616
2025-04-04,AAPL,0.41969302819362914
2025-04-07,AAPL,0.3997443665196391
2025-04-08,AAPL,0.3794829107103099
2025-04-09,AAPL,0.31331826152007786
2025-04-10,AAPL,0.3606702172662432
2025-04-11,AAPL,0.3730582542454928
2025-04-14,AAPL,0.38358487605430536
2025-04-15,AAPL,0.4195425829919893
2025-04-16,AAPL,0.33717473103025053
2025-04-17,AAPL,0.3422774273331469
2025-04-21,AAPL,0.3025224699388539
2025-04-22,AAPL,0.27443340419752754
2025-04-23,AAPL,0.2582251364726314
2025-04-24,AAPL,0.338089813932404
2025-04-25,AAPL,0.35738657944734203
2025-04-28,AAPL,0.4051014988312627
2025-04-29,AAPL,0.42800688725298996
2025-04-30,AAPL,0.37791209215554367
2025-05-01,AAPL,0.4058231455556932
2025-05-02,AAPL,0.38812855424108134
2025-05-05,AAPL,0.380504446236244
2025-05-06,AAPL,0.39751409266663784
2025-05-07,AAPL,0.4484202108110453
2025-05-08,AAPL,0.48973249164042487
2025-05-09,AAPL,0.5507614417378075
2025-05-12,AAPL,0.544799628694502
2025-05-13,AAPL,0.5426358337992474
2025-05-14,AAPL,0.5381818478892745
2025-05-15,AAPL,0.5466377638253122
2025-05-16,AAPL,0.5328328635881817
2025-05-19,AAPL,0.4913217601332168
2025-05-20,AAPL,0.4778974432265531
2025-05-21,AAPL,0.4593089967647872
2025-05-22,AAPL,0.4957523359274827
2025-05-23,AAPL,0.502798817430671
2025-05-27,AAPL,0.5285129573606022
2025-05-28,AAPL,0.5499037406948406
2025-05-29,AAPL,0.5496015424766243
2025-05-30,AAPL,0.5411224888817834
2025-06-02,AAPL,0.4961321712443001
2025-06-03,AAPL,0.48246089932724434
2025-06-04,AAPL,0.4838858815874806
2025-06-05,AAPL,0.48000835764962096
2025-06-06,AAPL,0.4981127702382151
2025-06-09,AAPL,0.49426063469251047
2025-06-10,AAPL,0.5284125687031005
2025-06-11,AAPL,0.5391965111435008
2025-06-12,AAPL,0.5484637722007571
2025-06-13,AAPL,0.5701167058286879
2025-06-16,AAPL,0.5448025321450609
2025-06-17,AAPL,0.5273513556403474
2025-06-18,AAPL,0.543319485349785
2025-06-20,AAPL,0.5527013123889623
2025-06-23,AAPL,0.5652308301472454
2025-06-24,AAPL,0.553608630335041
2025-06-25,AAPL,0.5741839192635103
2025-06-26,AAPL,0.5803050278446883
2025-06-27,AAPL,0.5437396286072724
2025-06-30,AAPL,0.574167886548332
2025-07-01,AAPL,0.5838285584450548
2025-07-02,AAPL,0.623751263407063
2025-07-03,AAPL,0.6331393582819373
2025-07-07,AAPL,0.6372990332144893
2025-07-08,AAPL,0.6210643170869312
2025-07-09,AAPL,0.6477283955542763
2025-07-10,AAPL,0.6389175259295505
2025-07-11,AAPL,0.6197854377219921
2025-07-14,AAPL,0.6040315197259746
2025-07-15,AAPL,0.6269271432115987
2025-07-16,AAPL,0.6248498954951801
2025-07-17,AAPL,0.6393816417061211
2025-07-18,AAPL,0.6482606899584594
2025-07-21,AAPL,0.6387884953487899
2025-07-22,AAPL,0.633556995275492
2025-07-23,AAPL,0.6008118501891235
2025-07-24,AAPL,0.5888755206400399
2025-07-25,AAPL,0.6459710760077388
2025-07-28,AAPL,0.6450972551792988
2025-07-29,AAPL,0.5899220243969167
2025-07-30,AAPL,0.5509389688566503
2025-07-31,AAPL,0.5495113305478202
2025-08-01,AAPL,0.5240738029072414
2025-08-04,AAPL,0.5313158079456605
2025-08-05,AAPL,0.5249146130491795
2025-08-06,AAPL,0.5690691927618423
2025-08-07,AAPL,0.5836967706042068
2025-08-08,AAPL,0.5974767181245217
2025-08-11,AAPL,0.5941627954229194
2025-08-12,AAPL,0.5992835127464489
2025-08-13,AAPL,0.5767082457826702
2025-08-14,AAPL,0.5635375736716592
2025-08-15,AAPL,0.5335291531152394
2025-08-18,AAPL,0.5570121250469786
2025-08-19,AAPL,0.565739981034147
2025-08-20,AAPL,0.5599705249140267
2025-08-21,AAPL,0.6011619027704667
2025-08-22,AAPL,0.6111375576868047
2025-08-25,AAPL,0.6150969549533815
2025-08-26,AAPL,0.6019797046551282
2025-08-27,AAPL,0.6052757673457115
2025-08-28,AAPL,0.5760751344415548
2025-08-29,AAPL,0.6019747489003862
2025-09-02,AAPL,0.5693747965790733
2025-09-03,AAPL,0.5783949337161061
2025-09-04,AAPL,0.5942936822159427
2025-09-05,AAPL,0.6022350979684076
2025-09-08,AAPL,0.6059566740797263
2025-09-09,AAPL,0.5918990057688909
2025-09-10,AAPL,0.5596688830316823
2025-09-11,AAPL,0.5711028985612492
2025-09-12,AAPL,0.5675478442812466
2025-09-15,AAPL,0.5821188952406312
2025-09-16,AAPL,0.5814756913248921
2025-09-17,AAPL,0.6062526131122432
2025-09-18,AAPL,0.5958708449126195
2025-09-19,AAPL,0.5861820972855841
2025-09-22,AAPL,0.5975450532039462
2025-09-23,AAPL,0.5819092004782555
2025-09-24,AAPL,0.5643476608186968
2025-09-25,AAPL,0.5738591294591492
2025-09-26,AAPL,0.571509221212939
2025-09-29,AAPL,0.5743087832031268
2025-09-30,AAPL,0.6355653836882865
2025-10-01,AAPL,0.6374382984118298
2025-10-02,AAPL,0.624238659835665
2025-10-03,AAPL,0.6305504482896349
2025-10-06,AAPL,0.6346531187205569
2025-10-07,AAPL,0.6378732104738863
2025-10-08,AAPL,0.6630911421256434
2025-10-09,AAPL,0.6172099845766366
2025-10-10,AAPL,0.4960572348019833
2025-10-13,AAPL,0.5196240784209575
2025-10-14,AAPL,0.5338998711262517
2025-10-15,AAPL,0.5035642498241991
2025-10-16,AAPL,0.5146893608711248
2025-10-17,AAPL,0.5652298965123812
2025-10-20,AAPL,0.5810754660177381
2025-10-21,AAPL,0.5898526673895942
2025-10-22,AAPL,0.5653170442808381
2025-10-23,AAPL,0.5657722956158439
2025-10-24,AAPL,0.562453759276499
2025-10-27,AAPL,0.5534381511798394
2025-10-28,AAPL,0.5528949781807179
2025-10-29,AAPL,0.5853999741417883
2025-10-30,AAPL,0.6438436336468669
2025-10-31,AAPL,0.6300163401159437
2025-11-03,AAPL,0.6254931354575485
2025-11-04,AAPL,0.6245583635513318
2025-11-05,AAPL,0.6367657678928073
2025-11-06,AAPL,0.627252591249072
2025-11-07,AAPL,0.6020055584303581
2025-11-10,AAPL,0.6111804852549714
2025-11-11,AAPL,0.6734537448484282
2025-11-12,AAPL,0.656382063843253
2025-11-13,AAPL,0.6462340311066759
2025-11-14,AAPL,0.6065158775912464
2025-11-17,AAPL,0.560284197467875
2025-11-18,AAPL,0.5418860631988026
2025-11-19,AAPL,0.5435843580960397
2025-11-20,AAPL,0.5367990202659492
2025-11-21,AAPL,0.5759800648796513
2025-11-24,AAPL,0.5983801725797816
2025-11-25,AAPL,0.609773514395707
2025-11-26,AAPL,0.6144455303816789
2025-11-28,AAPL,0.6344835208413109
2025-12-01,AAPL,0.6271894382729221
2025-12-02,AAPL,0.6048235677504216
2025-12-03,AAPL,0.6067440790048078
2025-12-04,AAPL,0.5891356527354473
2025-12-05,AAPL,0.5802387031219971
2025-12-08,AAPL,0.6118182659706818
2025-12-09,AAPL,0.6079959959580754
2025-12-10,AAPL,0.6135251174291078
2025-12-11,AAPL,0.636551161996433
2025-12-12,AAPL,0.6202693437057908
2025-12-15,AAPL,0.5654323344749571
2025-12-16,AAPL,0.5713808615728175
2025-12-17,AAPL,0.5469700464723861
2025-12-18,AAPL,0.5340505455443212
